item_id,restaurant_id,item_name,category,price,is_veg,is_available,popularity_rank,calories
I000001,R0001,Chicken Nuggets,starter,252.0,True,True,69,133
I000002,R0001,Butter Naan,side_dish,365.0,True,True,49,279
I000003,R0001,Pav Bhaji,starter,531.0,True,True,49,494
I000004,R0001,Laccha Paratha,side_dish,277.0,True,True,35,861
I000005,R0001,Coleslaw,side_dish,251.0,True,True,86,378
I000006,R0001,Laccha Paratha,side_dish,349.0,True,True,61,491
I000007,R0001,Coca-Cola,beverage,359.0,True,False,29,125
I000008,R0001,Pav Bhaji,starter,316.0,True,True,6,363
I000009,R0001,Fish Tikka,starter,250.0,True,True,78,645
I000010,R0001,Mineral Water,beverage,548.0,True,True,37,649
I000011,R0001,Chicken Pizza,main_course,273.0,True,True,53,857
I000012,R0001,Bhel Puri,snack,158.0,True,True,52,228
I000013,R0001,Chocolate Mousse,dessert,191.0,True,True,1,266
I000014,R0001,Cold Coffee,beverage,460.0,True,True,82,505
I000015,R0001,Mutton Biryani,main_course,352.0,True,True,31,139
I000016,R0002,Halwa,dessert,385.0,False,True,69,380
I000017,R0002,Coleslaw,side_dish,374.0,True,False,27,827
I000018,R0002,Hakka Noodles,main_course,164.0,False,True,19,441
I000019,R0002,Kulfi,dessert,189.0,True,False,18,540
I000020,R0002,Fish Tikka,starter,206.0,True,True,96,296
I000021,R0002,Kulfi,dessert,187.0,True,True,95,567
I000022,R0002,Papad,side_dish,315.0,True,True,7,122
I000023,R0002,Rose Sharbat,beverage,287.0,True,True,70,563
I000024,R0002,Veg Spring Rolls,starter,219.0,True,True,41,302
I000025,R0002,Coca-Cola,beverage,103.0,False,True,95,628
I000026,R0002,Coca-Cola,beverage,140.0,True,True,48,390
I000027,R0002,Fish Curry,main_course,215.0,True,True,73,282
I000028,R0002,Mutton Biryani,main_course,136.0,True,True,28,664
I000029,R0002,Mini Burgers,snack,342.0,True,True,74,200
I000030,R0002,Chicken Nuggets,starter,344.0,True,False,7,708
I000031,R0002,Chicken Wings,starter,187.0,True,True,17,431
I000032,R0002,Pita Bread,side_dish,181.0,True,True,85,293
I000033,R0002,Aloo Tikki,starter,383.0,False,True,82,250
I000034,R0003,Mutton Biryani,main_course,128.0,True,True,7,571
I000035,R0003,Mutton Biryani,main_course,100.0,True,True,25,283
I000036,R0003,Egg Curry,main_course,188.0,True,True,75,896
I000037,R0003,Chicken Wings,starter,197.0,False,True,30,114
I000038,R0003,Samosa (2 pcs),starter,81.0,False,True,30,180
I000039,R0003,Cold Coffee,beverage,154.0,False,True,31,879
I000040,R0003,Ice Cream (Vanilla),dessert,75.0,True,True,82,182
I000041,R0003,Green Salad,side_dish,152.0,True,True,51,126
I000042,R0003,Paneer Butter Masala,main_course,78.0,True,True,33,161
I000043,R0003,Jeera Rice,side_dish,131.0,True,True,66,159
I000044,R0003,Chicken Tikka,starter,186.0,True,True,69,763
I000045,R0003,Halwa,dessert,212.0,False,True,58,603
I000046,R0003,Cold Coffee,beverage,99.0,False,False,6,617
I000047,R0004,Crispy Corn,starter,759.0,True,True,8,639
I000048,R0004,Pita Bread,side_dish,975.0,True,True,38,407
I000049,R0004,Fruit Custard,dessert,782.0,True,False,94,705
I000050,R0004,Halwa,dessert,675.0,True,True,67,236
I000051,R0004,Coleslaw,side_dish,832.0,True,True,11,136
I000052,R0004,Coleslaw,side_dish,428.0,True,True,7,670
I000053,R0004,Sweet Lassi,beverage,566.0,True,True,55,358
I000054,R0004,Pita Bread,side_dish,525.0,True,True,92,263
I000055,R0004,Veg Spring Rolls,starter,815.0,True,True,18,337
I000056,R0004,Cheesecake Slice,dessert,1020.0,True,True,50,349
I000057,R0004,Buttermilk,beverage,435.0,True,True,7,190
I000058,R0004,Veg Seekh Kebab,starter,462.0,True,True,11,616
I000059,R0004,Paneer Butter Masala,main_course,932.0,True,False,42,461
I000060,R0004,Chicken Nuggets,starter,842.0,True,False,7,497
I000061,R0004,Crispy Corn,starter,1058.0,True,True,42,235
I000062,R0005,Rasgulla,dessert,75.0,True,True,10,714
I000063,R0005,Sev Puri,snack,69.0,True,True,17,754
I000064,R0005,Chicken Biryani,main_course,85.0,True,True,85,430
I000065,R0005,Masala Chai,beverage,186.0,True,True,79,700
I000066,R0005,Masala Chai,beverage,225.0,True,True,82,834
I000067,R0005,Chicken Nuggets,starter,103.0,False,True,63,881
I000068,R0005,Popcorn Chicken,snack,61.0,False,True,44,476
I000069,R0005,Steamed Rice,side_dish,88.0,True,True,53,511
I000070,R0005,Jeera Rice,side_dish,166.0,True,True,71,135
I000071,R0006,Nachos,snack,203.0,True,True,12,182
I000072,R0006,Chocolate Mousse,dessert,76.0,True,False,61,886
I000073,R0006,Salan,side_dish,89.0,True,True,77,807
I000074,R0006,Kheer,dessert,75.0,True,True,11,698
I000075,R0006,Sprite,beverage,196.0,True,True,4,604
I000076,R0006,Mango Lassi,beverage,112.0,False,True,5,826
I000077,R0006,Fresh Lime Soda,beverage,85.0,True,True,44,601
I000078,R0006,Chocolate Mousse,dessert,158.0,True,True,48,469
I000079,R0006,Kheer,dessert,92.0,False,True,48,295
I000080,R0006,Fruit Custard,dessert,108.0,True,True,21,591
I000081,R0006,Samosa (2 pcs),starter,68.0,True,True,9,328
I000082,R0006,Veg Sandwich,snack,143.0,False,True,57,611
I000083,R0006,Samosa (2 pcs),starter,183.0,False,True,26,418
I000084,R0006,Fruit Custard,dessert,158.0,False,True,83,518
I000085,R0007,Aloo Tikki,starter,47.0,True,True,44,737
I000086,R0007,Chicken Tikka,starter,51.0,True,True,72,818
I000087,R0007,Veg Wrap,snack,38.0,True,True,36,893
I000088,R0007,Salan,side_dish,44.0,True,True,76,308
I000089,R0007,Fish Curry,main_course,99.0,True,True,95,178
I000090,R0007,Chocolate Mousse,dessert,51.0,True,True,9,433
I000091,R0007,Chocolate Mousse,dessert,60.0,True,True,37,223
I000092,R0007,Steamed Rice,side_dish,81.0,True,True,17,150
I000093,R0007,Masala Dosa,main_course,95.0,True,True,81,761
I000094,R0007,Sweet Lassi,beverage,37.0,True,False,12,357
I000095,R0007,Buttermilk,beverage,39.0,True,True,32,377
I000096,R0007,Papad,side_dish,67.0,True,True,70,334
I000097,R0007,Masala Chai,beverage,77.0,True,True,97,493
I000098,R0007,Sprite,beverage,80.0,True,True,67,282
I000099,R0007,Veg Sandwich,snack,41.0,True,True,87,750
I000100,R0007,Green Salad,side_dish,106.0,True,True,99,576
I000101,R0007,Garlic Naan,side_dish,51.0,True,True,66,514
I000102,R0008,Crispy Corn,starter,72.0,True,True,42,268
I000103,R0008,Chicken Tikka,starter,94.0,False,True,38,485
I000104,R0008,Rasgulla,dessert,154.0,True,True,92,161
I000105,R0008,Mutton Biryani,main_course,94.0,False,True,56,164
I000106,R0008,Sev Puri,snack,187.0,True,True,33,405
I000107,R0008,Mineral Water,beverage,106.0,True,True,75,679
I000108,R0008,French Fries,snack,169.0,True,True,91,820
I000109,R0008,Sprite,beverage,186.0,False,True,73,663
I000110,R0008,Margherita Pizza,main_course,192.0,True,True,16,501
I000111,R0008,Fruit Custard,dessert,109.0,True,False,37,331
I000112,R0009,Veg Wrap,snack,125.0,True,True,66,481
I000113,R0009,Veg Wrap,snack,134.0,True,True,28,445
I000114,R0009,Paneer Tikka,starter,80.0,True,True,59,124
I000115,R0009,Bhel Puri,snack,175.0,True,True,23,681
I000116,R0009,Mini Burgers,snack,66.0,True,True,16,576
I000117,R0009,Dal Makhani,main_course,140.0,True,True,42,837
I000118,R0009,Steamed Rice,side_dish,180.0,True,True,35,274
I000119,R0009,Chicken Biryani,main_course,72.0,False,True,8,629
I000120,R0009,Gulab Jamun,dessert,190.0,True,True,38,421
I000121,R0009,Brownie,dessert,208.0,False,True,30,382
I000122,R0009,Egg Curry,main_course,104.0,True,True,30,705
I000123,R0009,Rasgulla,dessert,72.0,True,True,39,123
I000124,R0010,Veg Biryani,main_course,95.0,True,True,47,637
I000125,R0010,Fish Tikka,starter,185.0,True,True,15,775
I000126,R0010,Cold Coffee,beverage,70.0,True,True,91,410
I000127,R0010,Veg Biryani,main_course,182.0,True,False,19,172
I000128,R0010,Sweet Lassi,beverage,166.0,True,True,97,572
I000129,R0010,Buttermilk,beverage,53.0,True,True,69,186
I000130,R0010,Popcorn Chicken,snack,131.0,True,True,72,484
I000131,R0010,Raita,side_dish,116.0,True,True,78,595
I000132,R0010,Mutton Biryani,main_course,137.0,True,True,33,566
I000133,R0010,Fish Curry,main_course,174.0,True,True,8,646
I000134,R0010,Jeera Rice,side_dish,77.0,True,True,61,351
I000135,R0010,Mango Shake,beverage,110.0,True,True,82,289
I000136,R0010,Margherita Pizza,main_course,87.0,True,True,94,674
I000137,R0010,Onion Rings,starter,143.0,True,True,33,312
I000138,R0010,Veg Wrap,snack,83.0,True,True,66,668
I000139,R0011,Butter Chicken,main_course,98.0,True,True,86,850
I000140,R0011,Garlic Bread,side_dish,141.0,True,False,74,373
I000141,R0011,Fresh Lime Soda,beverage,173.0,True,True,2,537
I000142,R0011,Veg Sandwich,snack,101.0,True,True,48,229
I000143,R0011,Margherita Pizza,main_course,143.0,True,True,20,319
I000144,R0011,Chole Bhature,main_course,129.0,True,True,3,524
I000145,R0011,Fresh Lime Soda,beverage,161.0,True,True,85,784
I000146,R0011,Chocolate Mousse,dessert,202.0,True,True,92,658
I000147,R0011,Raita,side_dish,188.0,True,True,34,865
I000148,R0011,Veg Sandwich,snack,208.0,True,True,27,561
I000149,R0011,Crispy Corn,starter,68.0,True,True,76,810
I000150,R0011,Chole Bhature,main_course,228.0,True,True,15,182
I000151,R0011,Veg Spring Rolls,starter,94.0,True,True,34,202
I000152,R0011,Chicken Pizza,main_course,141.0,True,True,91,291
I000153,R0011,Halwa,dessert,92.0,True,True,20,472
I000154,R0011,Chocolate Mousse,dessert,104.0,True,True,2,889
I000155,R0011,Kulfi,dessert,218.0,True,True,24,751
I000156,R0011,Sweet Lassi,beverage,93.0,True,True,73,815
I000157,R0012,Chocolate Mousse,dessert,476.0,True,True,63,385
I000158,R0012,Veg Wrap,snack,264.0,True,True,56,784
I000159,R0012,Nachos,snack,564.0,True,True,10,121
I000160,R0012,Bhel Puri,snack,444.0,True,True,7,683
I000161,R0012,Rajma Chawal,main_course,379.0,True,True,89,639
I000162,R0012,Veg Wrap,snack,310.0,False,True,41,136
I000163,R0012,Ice Cream (Chocolate),dessert,165.0,False,True,31,289
I000164,R0012,Salan,side_dish,523.0,False,True,95,730
I000165,R0012,Watermelon Juice,beverage,163.0,True,True,51,589
I000166,R0012,Buttermilk,beverage,173.0,True,True,56,738
I000167,R0012,Nachos,snack,210.0,True,True,15,566
I000168,R0012,Rose Sharbat,beverage,437.0,True,True,93,477
I000169,R0012,Veg Biryani,main_course,430.0,True,True,64,159
I000170,R0012,Pasta Arrabiata,main_course,548.0,True,True,20,703
I000171,R0012,Veg Spring Rolls,starter,449.0,False,True,24,188
I000172,R0012,Fried Rice,main_course,206.0,False,True,12,593
I000173,R0012,Dal Makhani,main_course,171.0,False,True,84,427
I000174,R0012,Buttermilk,beverage,550.0,True,True,63,586
I000175,R0012,Brownie,dessert,559.0,False,True,92,726
I000176,R0013,Masala Fries,snack,160.0,True,True,75,361
I000177,R0013,Fish Curry,main_course,134.0,True,True,19,464
I000178,R0013,Aloo Tikki,starter,86.0,True,True,49,776
I000179,R0013,Kulfi,dessert,109.0,False,True,2,400
I000180,R0013,Mango Lassi,beverage,113.0,True,True,3,446
I000181,R0013,Cheesecake Slice,dessert,101.0,True,True,56,567
I000182,R0013,Chocolate Mousse,dessert,109.0,True,True,87,789
I000183,R0013,Chicken Nuggets,starter,100.0,True,False,64,855
I000184,R0013,Garlic Bread,side_dish,54.0,True,True,73,456
I000185,R0013,Veg Wrap,snack,60.0,True,True,68,236
I000186,R0013,Samosa (2 pcs),starter,191.0,True,True,78,509
I000187,R0013,Veg Spring Rolls,starter,119.0,True,True,6,230
I000188,R0013,French Fries,snack,105.0,False,True,18,762
I000189,R0014,Mineral Water,beverage,140.0,False,True,95,233
I000190,R0014,Buttermilk,beverage,137.0,True,True,52,892
I000191,R0014,Masala Dosa,main_course,89.0,True,True,11,334
I000192,R0014,French Fries,snack,53.0,True,True,8,881
I000193,R0014,Halwa,dessert,185.0,True,True,64,850
I000194,R0014,Rose Sharbat,beverage,113.0,False,True,93,872
I000195,R0014,Cold Coffee,beverage,102.0,False,True,94,109
I000196,R0014,Veg Seekh Kebab,starter,136.0,True,True,42,614
I000197,R0014,Mutton Biryani,main_course,99.0,False,True,68,635
I000198,R0014,Fresh Lime Soda,beverage,173.0,True,True,18,751
I000199,R0014,Veg Spring Rolls,starter,118.0,False,True,12,203
I000200,R0014,Popcorn Chicken,snack,135.0,True,True,80,277
I000201,R0014,Watermelon Juice,beverage,47.0,False,True,72,742
I000202,R0014,Chicken Biryani,main_course,144.0,False,True,45,421
I000203,R0014,Masala Chai,beverage,146.0,True,True,72,499
I000204,R0014,Chicken Nuggets,starter,171.0,False,True,1,163
I000205,R0014,Butter Chicken,main_course,85.0,False,True,17,891
I000206,R0014,Mango Lassi,beverage,180.0,True,True,95,300
I000207,R0014,Gulab Jamun,dessert,146.0,True,True,14,333
I000208,R0014,Chicken Pizza,main_course,117.0,True,True,93,856
I000209,R0015,Hakka Noodles,main_course,266.0,True,True,90,801
I000210,R0015,Garlic Naan,side_dish,205.0,True,True,33,895
I000211,R0015,Masala Fries,snack,110.0,False,True,49,750
I000212,R0015,Aloo Tikki,starter,187.0,True,True,69,250
I000213,R0015,Corn on the Cob,snack,78.0,False,True,68,735
I000214,R0015,Chicken Biryani,main_course,81.0,True,True,60,696
I000215,R0015,Buttermilk,beverage,255.0,False,True,93,657
I000216,R0015,Watermelon Juice,beverage,212.0,False,True,81,620
I000217,R0015,Gulab Jamun,dessert,249.0,True,False,97,643
I000218,R0015,Samosa (2 pcs),starter,69.0,False,True,50,213
I000219,R0015,Paneer Tikka,starter,196.0,False,True,37,364
I000220,R0015,Nachos,snack,198.0,False,True,80,483
I000221,R0016,Veg Sandwich,snack,73.0,False,False,43,223
I000222,R0016,Veg Wrap,snack,56.0,False,True,7,562
I000223,R0016,Chicken Pizza,main_course,53.0,False,True,72,385
I000224,R0016,Laccha Paratha,side_dish,70.0,True,True,50,647
I000225,R0016,Chicken Tikka,starter,60.0,True,True,97,818
I000226,R0016,Bhel Puri,snack,75.0,True,True,75,219
I000227,R0016,Chicken Tikka,starter,42.0,False,True,55,307
I000228,R0016,Brownie,dessert,129.0,False,True,15,619
I000229,R0016,Masala Dosa,main_course,118.0,True,True,12,613
I000230,R0016,Onion Rings,starter,65.0,True,True,12,156
I000231,R0016,Fruit Custard,dessert,47.0,True,True,58,706
I000232,R0016,Chicken Tikka,starter,101.0,False,True,87,352
I000233,R0016,Ice Cream (Vanilla),dessert,118.0,True,True,84,615
I000234,R0016,Raita,side_dish,122.0,True,True,12,544
I000235,R0016,Chocolate Mousse,dessert,109.0,False,True,41,450
I000236,R0016,Papad,side_dish,122.0,False,True,50,108
I000237,R0017,Veg Wrap,snack,92.0,False,True,45,836
I000238,R0017,Coca-Cola,beverage,96.0,True,True,83,375
I000239,R0017,Fish Curry,main_course,56.0,False,True,55,830
I000240,R0017,Fruit Custard,dessert,150.0,True,True,78,475
I000241,R0017,Veg Spring Rolls,starter,56.0,False,False,66,462
I000242,R0017,Pita Bread,side_dish,60.0,True,True,78,840
I000243,R0017,Chicken Biryani,main_course,81.0,True,True,66,195
I000244,R0017,Nachos,snack,85.0,True,True,58,769
I000245,R0017,Cold Coffee,beverage,111.0,False,True,10,223
I000246,R0017,Chole Bhature,main_course,122.0,True,True,40,423
I000247,R0017,Masala Fries,snack,154.0,False,False,45,520
I000248,R0017,Popcorn Chicken,snack,121.0,False,True,27,496
I000249,R0017,Kulfi,dessert,84.0,False,True,77,343
I000250,R0018,Margherita Pizza,main_course,162.0,True,True,73,187
I000251,R0018,Halwa,dessert,125.0,False,True,15,866
I000252,R0018,Fried Rice,main_course,77.0,False,True,46,800
I000253,R0018,Crispy Corn,starter,173.0,True,True,70,136
I000254,R0018,Chicken Sandwich,snack,111.0,True,True,19,732
I000255,R0018,Masala Fries,snack,125.0,True,True,25,454
I000256,R0018,Salan,side_dish,213.0,False,True,22,419
I000257,R0018,Cold Coffee,beverage,251.0,True,True,78,461
I000258,R0018,Onion Rings,starter,240.0,False,True,33,126
I000259,R0018,Garlic Naan,side_dish,181.0,True,True,98,367
I000260,R0018,Chicken Nuggets,starter,217.0,True,True,36,889
I000261,R0018,Veg Wrap,snack,292.0,True,True,92,279
I000262,R0018,Paneer Butter Masala,main_course,296.0,False,True,46,103
I000263,R0018,Masala Chai,beverage,223.0,False,True,55,195
I000264,R0018,Hakka Noodles,main_course,167.0,False,True,86,161
I000265,R0018,Veg Biryani,main_course,110.0,True,False,31,838
I000266,R0018,Salan,side_dish,84.0,True,True,77,810
I000267,R0018,Chicken Nuggets,starter,210.0,True,True,7,438
I000268,R0018,Chicken Pizza,main_course,181.0,False,True,62,295
I000269,R0018,Jeera Rice,side_dish,151.0,True,True,22,255
I000270,R0019,Raita,side_dish,1094.0,True,False,60,474
I000271,R0019,Chicken Pizza,main_course,1304.0,True,True,96,823
I000272,R0019,Samosa (2 pcs),starter,1066.0,True,True,31,650
I000273,R0019,Masala Chai,beverage,640.0,True,True,88,299
I000274,R0019,Fish Tikka,starter,1310.0,False,False,95,320
I000275,R0019,Corn on the Cob,snack,313.0,False,True,51,164
I000276,R0019,Mini Burgers,snack,1084.0,True,True,54,674
I000277,R0019,Chocolate Mousse,dessert,1262.0,False,True,86,731
I000278,R0019,Chocolate Mousse,dessert,393.0,True,True,3,229
I000279,R0019,Dal Makhani,main_course,549.0,False,True,12,806
I000280,R0019,Pasta Arrabiata,main_course,454.0,True,True,90,755
I000281,R0019,Sweet Lassi,beverage,493.0,True,True,15,608
I000282,R0019,Butter Chicken,main_course,920.0,True,True,62,245
I000283,R0020,Veg Wrap,snack,935.0,True,True,43,198
I000284,R0020,Fish Tikka,starter,484.0,True,True,39,488
I000285,R0020,Halwa,dessert,865.0,True,True,16,201
I000286,R0020,Mango Lassi,beverage,1170.0,True,True,31,840
I000287,R0020,Chole Bhature,main_course,778.0,True,True,59,242
I000288,R0020,Mini Burgers,snack,545.0,True,True,13,339
I000289,R0020,Sprite,beverage,739.0,True,True,97,270
I000290,R0020,Mutton Biryani,main_course,706.0,True,True,30,209
I000291,R0020,Corn on the Cob,snack,625.0,True,True,4,813
I000292,R0020,Margherita Pizza,main_course,355.0,True,True,99,595
I000293,R0020,Garlic Bread (plain),snack,544.0,True,True,1,318
I000294,R0020,Garlic Naan,side_dish,1057.0,True,True,22,789
I000295,R0021,Pav Bhaji,starter,319.0,False,True,83,278
I000296,R0021,Veg Sandwich,snack,550.0,True,True,30,184
I000297,R0021,Butter Chicken,main_course,340.0,True,True,76,786
I000298,R0021,Ice Cream (Chocolate),dessert,668.0,True,True,63,879
I000299,R0021,Chicken Nuggets,starter,235.0,True,True,4,548
I000300,R0021,Veg Seekh Kebab,starter,388.0,False,True,42,567
I000301,R0021,Green Salad,side_dish,446.0,True,True,44,213
I000302,R0021,Gajar Ka Halwa,dessert,583.0,False,True,34,369
I000303,R0021,Egg Curry,main_course,217.0,True,True,83,841
I000304,R0021,Veg Seekh Kebab,starter,598.0,False,True,50,410
I000305,R0021,Hakka Noodles,main_course,397.0,True,True,37,605
I000306,R0021,Fish Tikka,starter,363.0,True,True,12,780
I000307,R0022,Chicken Nuggets,starter,189.0,False,True,58,195
I000308,R0022,Paneer Butter Masala,main_course,250.0,True,True,46,367
I000309,R0022,Brownie,dessert,62.0,True,True,71,692
I000310,R0022,Chole Bhature,main_course,129.0,True,True,26,190
I000311,R0022,Coca-Cola,beverage,243.0,True,False,89,706
I000312,R0022,Samosa (2 pcs),starter,207.0,False,False,89,897
I000313,R0022,Cold Coffee,beverage,139.0,True,True,83,142
I000314,R0022,Butter Naan,side_dish,164.0,True,True,80,131
I000315,R0022,Pita Bread,side_dish,202.0,True,True,18,456
I000316,R0022,Ice Cream (Vanilla),dessert,254.0,True,True,4,170
I000317,R0022,Chicken Nuggets,starter,250.0,False,True,15,343
I000318,R0022,Masala Dosa,main_course,69.0,True,True,5,533
I000319,R0022,Aloo Tikki,starter,164.0,False,True,80,250
I000320,R0022,Chicken Tikka,starter,263.0,False,True,69,665
I000321,R0022,Fruit Custard,dessert,197.0,True,True,82,521
I000322,R0023,Rose Sharbat,beverage,88.0,True,False,41,727
I000323,R0023,Veg Sandwich,snack,191.0,True,True,12,357
I000324,R0023,Kheer,dessert,173.0,False,True,76,202
I000325,R0023,Ice Cream (Vanilla),dessert,201.0,True,False,95,740
I000326,R0023,Chicken Nuggets,starter,214.0,True,True,55,155
I000327,R0023,Garlic Bread (plain),snack,161.0,True,False,73,454
I000328,R0023,Corn on the Cob,snack,95.0,False,True,28,225
I000329,R0023,Raita,side_dish,68.0,False,True,69,872
I000330,R0023,Chicken Tikka,starter,213.0,False,True,9,512
I000331,R0023,Laccha Paratha,side_dish,52.0,True,True,34,776
I000332,R0023,Veg Biryani,main_course,137.0,False,True,98,191
I000333,R0023,Veg Spring Rolls,starter,56.0,True,True,17,223
I000334,R0023,Pav Bhaji,starter,106.0,True,True,94,621
I000335,R0023,Ice Cream (Vanilla),dessert,135.0,False,True,64,118
I000336,R0023,Dal Makhani,main_course,217.0,True,True,27,693
I000337,R0024,Jeera Rice,side_dish,201.0,True,True,60,838
I000338,R0024,Veg Sandwich,snack,175.0,True,True,6,723
I000339,R0024,Garlic Bread,side_dish,64.0,True,True,57,163
I000340,R0024,Mutton Biryani,main_course,75.0,True,True,41,563
I000341,R0024,Fish Tikka,starter,106.0,False,False,7,134
I000342,R0024,Fried Rice,main_course,204.0,True,True,57,616
I000343,R0024,Fried Rice,main_course,245.0,True,True,41,430
I000344,R0024,Garlic Bread (plain),snack,244.0,False,True,42,859
I000345,R0024,Cold Coffee,beverage,129.0,False,False,54,633
I000346,R0024,Veg Wrap,snack,158.0,True,True,15,474
I000347,R0024,Gulab Jamun,dessert,165.0,True,False,6,311
I000348,R0024,Chicken Nuggets,starter,217.0,True,True,13,551
I000349,R0024,Popcorn Chicken,snack,128.0,True,True,52,659
I000350,R0024,Sprite,beverage,122.0,True,True,85,381
I000351,R0024,Popcorn Chicken,snack,103.0,True,True,68,861
I000352,R0025,Dal Makhani,main_course,119.0,False,True,9,809
I000353,R0025,Fruit Custard,dessert,269.0,False,True,73,717
I000354,R0025,Mini Burgers,snack,251.0,True,True,12,851
I000355,R0025,Mini Burgers,snack,193.0,True,True,24,561
I000356,R0025,Chicken Nuggets,starter,169.0,False,True,27,602
I000357,R0025,Ice Cream (Vanilla),dessert,171.0,True,True,63,741
I000358,R0025,Sev Puri,snack,195.0,True,True,28,287
I000359,R0025,Butter Chicken,main_course,195.0,True,True,73,535
I000360,R0025,Fresh Lime Soda,beverage,67.0,False,True,53,766
I000361,R0025,Paneer Tikka,starter,202.0,True,True,54,898
I000362,R0025,Veg Sandwich,snack,224.0,True,True,28,365
I000363,R0025,Chicken Nuggets,starter,126.0,True,True,60,482
I000364,R0026,Paneer Butter Masala,main_course,181.0,True,True,67,281
I000365,R0026,Chicken Wings,starter,145.0,True,False,4,571
I000366,R0026,Butter Chicken,main_course,59.0,False,True,18,562
I000367,R0026,Hakka Noodles,main_course,65.0,True,True,9,399
I000368,R0026,Garlic Naan,side_dish,49.0,True,True,71,426
I000369,R0026,Sweet Lassi,beverage,47.0,True,True,19,517
I000370,R0026,Masala Fries,snack,145.0,False,True,92,410
I000371,R0026,Corn on the Cob,snack,74.0,True,True,66,327
I000372,R0026,Laccha Paratha,side_dish,74.0,False,True,72,453
I000373,R0026,Papad,side_dish,64.0,True,True,92,115
I000374,R0026,Kheer,dessert,86.0,False,True,4,481
I000375,R0026,Dal Makhani,main_course,145.0,False,True,51,194
I000376,R0026,Coleslaw,side_dish,66.0,True,True,34,304
I000377,R0026,Masala Fries,snack,179.0,True,True,41,558
I000378,R0026,Ice Cream (Vanilla),dessert,125.0,False,True,79,684
I000379,R0026,Rose Sharbat,beverage,153.0,True,True,18,624
I000380,R0026,Egg Curry,main_course,129.0,False,True,51,314
I000381,R0026,Butter Chicken,main_course,103.0,False,True,72,282
I000382,R0027,Raita,side_dish,353.0,True,True,82,753
I000383,R0027,Ice Cream (Vanilla),dessert,161.0,True,False,59,839
I000384,R0027,Gulab Jamun,dessert,470.0,True,True,74,431
I000385,R0027,Papad,side_dish,128.0,True,True,45,305
I000386,R0027,Dal Makhani,main_course,161.0,False,True,24,186
I000387,R0027,Chicken Wings,starter,427.0,False,True,18,640
I000388,R0027,Mini Burgers,snack,120.0,True,True,39,556
I000389,R0027,Garlic Bread,side_dish,121.0,True,True,87,121
I000390,R0027,Kulfi,dessert,189.0,True,True,62,377
I000391,R0027,Sev Puri,snack,350.0,True,True,42,154
I000392,R0027,Brownie,dessert,518.0,True,True,70,487
I000393,R0027,Rasgulla,dessert,175.0,False,True,61,221
I000394,R0027,Chicken Tikka,starter,377.0,True,True,43,758
I000395,R0027,Margherita Pizza,main_course,511.0,True,True,8,505
I000396,R0027,Laccha Paratha,side_dish,153.0,True,True,29,200
I000397,R0027,Chocolate Mousse,dessert,484.0,True,True,98,438
I000398,R0027,Garlic Naan,side_dish,405.0,True,True,37,888
I000399,R0028,Chicken Sandwich,snack,163.0,True,True,47,724
I000400,R0028,Pita Bread,side_dish,91.0,True,True,73,735
I000401,R0028,Paneer Butter Masala,main_course,133.0,True,True,19,387
I000402,R0028,Cold Coffee,beverage,86.0,True,True,80,635
I000403,R0028,Steamed Rice,side_dish,158.0,True,True,60,608
I000404,R0028,Mini Burgers,snack,170.0,True,True,97,547
I000405,R0028,Veg Spring Rolls,starter,164.0,False,True,10,454
I000406,R0028,Rasgulla,dessert,151.0,False,True,82,684
I000407,R0028,Garlic Bread,side_dish,120.0,False,True,14,152
I000408,R0028,Jeera Rice,side_dish,133.0,True,True,85,770
I000409,R0028,Coleslaw,side_dish,49.0,True,False,8,431
I000410,R0028,Fish Tikka,starter,72.0,True,True,37,260
I000411,R0028,Chicken Pizza,main_course,127.0,True,True,95,627
I000412,R0028,Coleslaw,side_dish,73.0,True,True,30,415
I000413,R0028,Chicken Tikka,starter,90.0,False,True,23,531
I000414,R0029,Garlic Bread (plain),snack,143.0,True,True,68,271
I000415,R0029,Masala Chai,beverage,90.0,True,True,92,570
I000416,R0029,Butter Naan,side_dish,73.0,True,True,61,733
I000417,R0029,Kheer,dessert,59.0,True,True,3,379
I000418,R0029,French Fries,snack,104.0,True,True,94,397
I000419,R0029,Papad,side_dish,197.0,True,True,20,617
I000420,R0029,Masala Fries,snack,76.0,True,True,25,652
I000421,R0029,Garlic Bread,side_dish,93.0,True,True,46,668
I000422,R0029,Rajma Chawal,main_course,96.0,True,True,86,556
I000423,R0029,Veg Sandwich,snack,157.0,True,True,39,297
I000424,R0029,Watermelon Juice,beverage,174.0,True,True,86,742
I000425,R0029,Kheer,dessert,141.0,True,True,31,838
I000426,R0029,Popcorn Chicken,snack,135.0,True,True,10,337
I000427,R0029,Fresh Lime Soda,beverage,188.0,True,True,36,867
I000428,R0029,Coca-Cola,beverage,154.0,True,True,30,186
I000429,R0029,Fruit Custard,dessert,169.0,True,True,72,301
I000430,R0029,Dal Makhani,main_course,64.0,True,True,29,280
I000431,R0029,Sweet Lassi,beverage,211.0,True,True,44,602
I000432,R0029,Fish Tikka,starter,205.0,True,True,35,123
I000433,R0030,Ice Cream (Chocolate),dessert,1024.0,True,True,1,652
I000434,R0030,Rasgulla,dessert,428.0,True,True,87,386
I000435,R0030,Bhel Puri,snack,490.0,True,True,90,160
I000436,R0030,Kheer,dessert,1070.0,True,True,23,178
I000437,R0030,Garlic Bread (plain),snack,1161.0,True,True,66,609
I000438,R0030,Chicken Biryani,main_course,887.0,False,True,43,103
I000439,R0030,Sweet Lassi,beverage,600.0,True,True,89,432
I000440,R0030,Kulfi,dessert,1189.0,False,False,75,517
I000441,R0031,Coca-Cola,beverage,119.0,False,True,66,214
I000442,R0031,Mango Shake,beverage,150.0,True,True,20,152
I000443,R0031,Veg Sandwich,snack,204.0,True,True,89,181
I000444,R0031,French Fries,snack,381.0,True,True,94,372
I000445,R0031,Veg Wrap,snack,358.0,True,True,85,398
I000446,R0031,Crispy Corn,starter,157.0,False,True,92,459
I000447,R0031,Cheesecake Slice,dessert,294.0,False,True,78,616
I000448,R0031,Ice Cream (Vanilla),dessert,190.0,True,True,81,791
I000449,R0031,Raita,side_dish,231.0,True,True,49,462
I000450,R0031,Veg Seekh Kebab,starter,385.0,False,True,56,172
I000451,R0031,Garlic Naan,side_dish,390.0,True,True,99,370
I000452,R0031,Cheesecake Slice,dessert,192.0,True,True,40,534
I000453,R0031,Fresh Lime Soda,beverage,370.0,True,True,31,347
I000454,R0031,Green Salad,side_dish,131.0,False,True,24,733
I000455,R0031,Steamed Rice,side_dish,237.0,True,True,38,784
I000456,R0032,Sweet Lassi,beverage,500.0,True,True,57,141
I000457,R0032,Chicken Sandwich,snack,344.0,True,True,76,555
I000458,R0032,Chicken Nuggets,starter,515.0,True,False,37,363
I000459,R0032,Pav Bhaji,starter,144.0,False,True,90,850
I000460,R0032,Sprite,beverage,416.0,True,True,92,307
I000461,R0032,Cold Coffee,beverage,357.0,True,True,37,632
I000462,R0032,Pav Bhaji,starter,288.0,True,True,15,868
I000463,R0032,Rose Sharbat,beverage,391.0,True,True,9,507
I000464,R0032,Gulab Jamun,dessert,512.0,False,True,48,587
I000465,R0032,Mutton Biryani,main_course,372.0,False,True,60,595
I000466,R0032,Butter Naan,side_dish,383.0,True,True,61,839
I000467,R0032,Veg Sandwich,snack,531.0,True,True,96,397
I000468,R0032,Raita,side_dish,206.0,True,True,3,217
I000469,R0032,Butter Naan,side_dish,405.0,True,True,37,618
I000470,R0032,Gulab Jamun,dessert,262.0,True,True,82,838
I000471,R0032,Green Salad,side_dish,550.0,True,True,15,546
I000472,R0032,Paneer Butter Masala,main_course,477.0,False,False,89,115
I000473,R0032,Coca-Cola,beverage,568.0,False,True,38,406
I000474,R0033,Cold Coffee,beverage,130.0,False,True,12,111
I000475,R0033,Aloo Tikki,starter,88.0,False,True,80,871
I000476,R0033,Masala Chai,beverage,303.0,False,False,41,585
I000477,R0033,Brownie,dessert,271.0,False,True,90,604
I000478,R0033,Chocolate Mousse,dessert,172.0,True,False,2,165
I000479,R0033,Chicken Pizza,main_course,173.0,True,True,21,714
I000480,R0033,Margherita Pizza,main_course,75.0,False,True,15,767
I000481,R0033,Garlic Naan,side_dish,76.0,False,True,62,806
I000482,R0033,Chocolate Mousse,dessert,207.0,True,True,52,168
I000483,R0033,Fish Tikka,starter,103.0,False,True,61,114
I000484,R0033,Nachos,snack,234.0,False,True,29,649
I000485,R0033,Gulab Jamun,dessert,223.0,True,True,73,765
I000486,R0033,Garlic Bread,side_dish,119.0,True,True,56,745
I000487,R0033,Butter Chicken,main_course,245.0,False,True,56,392
I000488,R0033,Sev Puri,snack,155.0,True,True,78,366
I000489,R0033,Cold Coffee,beverage,187.0,True,True,17,487
I000490,R0033,Watermelon Juice,beverage,268.0,True,True,66,502
I000491,R0033,Samosa (2 pcs),starter,321.0,False,True,58,411
I000492,R0033,Pita Bread,side_dish,114.0,False,True,97,660
I000493,R0034,Buttermilk,beverage,636.0,True,True,99,799
I000494,R0034,Onion Rings,starter,588.0,False,True,20,324
I000495,R0034,Kulfi,dessert,778.0,True,True,68,762
I000496,R0034,Popcorn Chicken,snack,229.0,True,True,94,380
I000497,R0034,Fresh Lime Soda,beverage,379.0,True,True,89,855
I000498,R0034,Fresh Lime Soda,beverage,265.0,True,True,41,297
I000499,R0034,Onion Rings,starter,733.0,True,True,39,653
I000500,R0034,Masala Fries,snack,696.0,True,True,94,496
I000501,R0034,Sev Puri,snack,278.0,True,True,42,704
I000502,R0034,Salan,side_dish,222.0,False,True,44,447
I000503,R0034,Veg Seekh Kebab,starter,496.0,False,True,47,764
I000504,R0034,Chicken Wings,starter,748.0,True,True,72,186
I000505,R0034,Chocolate Mousse,dessert,309.0,True,False,20,550
I000506,R0034,Ice Cream (Vanilla),dessert,665.0,True,True,25,650
I000507,R0034,Cheesecake Slice,dessert,839.0,True,True,4,780
I000508,R0034,Pasta Arrabiata,main_course,477.0,False,True,99,132
I000509,R0034,Mini Burgers,snack,830.0,True,True,93,842
I000510,R0034,Veg Wrap,snack,623.0,True,True,72,178
I000511,R0034,Mini Burgers,snack,480.0,False,True,1,119
I000512,R0035,Chicken Nuggets,starter,129.0,True,True,3,106
I000513,R0035,Margherita Pizza,main_course,122.0,True,True,54,726
I000514,R0035,Coca-Cola,beverage,142.0,True,True,63,612
I000515,R0035,Veg Wrap,snack,108.0,True,False,69,756
I000516,R0035,Mango Shake,beverage,133.0,True,True,10,308
I000517,R0035,Masala Chai,beverage,181.0,True,True,7,175
I000518,R0035,Chocolate Mousse,dessert,281.0,True,False,20,770
I000519,R0035,Gajar Ka Halwa,dessert,282.0,True,True,1,737
I000520,R0035,Watermelon Juice,beverage,197.0,True,True,21,368
I000521,R0035,Mineral Water,beverage,179.0,True,False,82,863
I000522,R0035,Chocolate Mousse,dessert,104.0,True,True,23,712
I000523,R0035,Corn on the Cob,snack,157.0,True,True,75,711
I000524,R0035,Pav Bhaji,starter,188.0,True,True,68,890
I000525,R0035,Garlic Naan,side_dish,221.0,True,True,62,740
I000526,R0035,Laccha Paratha,side_dish,91.0,True,True,1,403
I000527,R0035,Mutton Biryani,main_course,265.0,True,True,22,233
I000528,R0036,Fish Tikka,starter,504.0,False,True,60,575
I000529,R0036,Jeera Rice,side_dish,844.0,True,True,34,135
I000530,R0036,Coca-Cola,beverage,210.0,False,True,44,759
I000531,R0036,Fresh Lime Soda,beverage,473.0,True,True,52,686
I000532,R0036,Kulfi,dessert,575.0,True,True,16,229
I000533,R0036,Chicken Sandwich,snack,208.0,False,True,74,336
I000534,R0036,Sev Puri,snack,419.0,True,True,33,351
I000535,R0036,Masala Fries,snack,745.0,True,True,3,793
I000536,R0036,Halwa,dessert,467.0,False,True,35,479
I000537,R0036,Chicken Tikka,starter,704.0,True,True,80,713
I000538,R0036,Onion Rings,starter,346.0,False,True,24,584
I000539,R0036,Popcorn Chicken,snack,820.0,True,True,94,280
I000540,R0037,Ice Cream (Vanilla),dessert,44.0,True,True,48,692
I000541,R0037,Ice Cream (Chocolate),dessert,156.0,True,True,34,545
I000542,R0037,Pita Bread,side_dish,52.0,True,True,41,458
I000543,R0037,Crispy Corn,starter,106.0,False,True,52,560
I000544,R0037,Veg Biryani,main_course,91.0,True,True,84,815
I000545,R0037,Coca-Cola,beverage,50.0,True,True,17,724
I000546,R0037,Fruit Custard,dessert,94.0,False,True,11,367
I000547,R0037,Laccha Paratha,side_dish,41.0,True,True,49,203
I000548,R0037,Masala Fries,snack,79.0,False,True,29,866
I000549,R0037,Egg Curry,main_course,105.0,True,True,39,887
I000550,R0037,Corn on the Cob,snack,138.0,True,True,60,826
I000551,R0038,Halwa,dessert,162.0,True,True,90,866
I000552,R0038,Fish Tikka,starter,318.0,False,True,18,495
I000553,R0038,Gulab Jamun,dessert,230.0,True,True,85,328
I000554,R0038,Paneer Butter Masala,main_course,230.0,True,True,17,366
I000555,R0038,Pav Bhaji,starter,347.0,True,True,71,136
I000556,R0038,Masala Chai,beverage,492.0,False,False,47,890
I000557,R0038,Chicken Nuggets,starter,536.0,False,True,98,305
I000558,R0038,Coca-Cola,beverage,203.0,False,True,49,672
I000559,R0038,Raita,side_dish,424.0,False,True,73,104
I000560,R0038,Coca-Cola,beverage,163.0,True,True,22,624
I000561,R0038,Margherita Pizza,main_course,219.0,True,True,80,372
I000562,R0038,Gulab Jamun,dessert,530.0,True,True,9,259
I000563,R0038,Chocolate Mousse,dessert,369.0,False,True,30,499
I000564,R0038,Raita,side_dish,199.0,False,True,56,520
I000565,R0039,Gulab Jamun,dessert,328.0,True,False,66,330
I000566,R0039,Chicken Wings,starter,413.0,True,True,20,532
I000567,R0039,Fresh Lime Soda,beverage,473.0,True,True,26,502
I000568,R0039,Green Salad,side_dish,501.0,True,True,14,556
I000569,R0039,Hakka Noodles,main_course,209.0,False,True,39,259
I000570,R0039,Papad,side_dish,344.0,True,True,60,142
I000571,R0039,Chocolate Mousse,dessert,472.0,True,True,81,262
I000572,R0039,Samosa (2 pcs),starter,373.0,True,True,20,127
I000573,R0040,Steamed Rice,side_dish,156.0,True,True,54,728
I000574,R0040,French Fries,snack,148.0,True,True,62,642
I000575,R0040,Pita Bread,side_dish,41.0,True,True,20,165
I000576,R0040,Pav Bhaji,starter,170.0,True,True,51,327
I000577,R0040,Garlic Bread (plain),snack,173.0,True,True,11,730
I000578,R0040,Masala Fries,snack,137.0,True,True,96,210
I000579,R0040,Jeera Rice,side_dish,92.0,True,True,80,781
I000580,R0040,Chicken Nuggets,starter,108.0,True,True,24,274
I000581,R0040,Watermelon Juice,beverage,79.0,True,True,38,594
I000582,R0040,Paneer Butter Masala,main_course,137.0,True,True,62,172
I000583,R0041,Green Salad,side_dish,733.0,False,False,32,455
I000584,R0041,Ice Cream (Chocolate),dessert,790.0,True,False,30,169
I000585,R0041,Sweet Lassi,beverage,1114.0,True,True,13,736
I000586,R0041,Gajar Ka Halwa,dessert,829.0,True,True,57,143
I000587,R0041,Cheesecake Slice,dessert,387.0,True,True,66,356
I000588,R0041,Egg Curry,main_course,326.0,False,True,94,479
I000589,R0041,Veg Biryani,main_course,1082.0,False,True,89,301
I000590,R0041,Veg Sandwich,snack,1086.0,True,True,86,479
I000591,R0041,Butter Chicken,main_course,598.0,True,True,2,766
I000592,R0041,Fried Rice,main_course,668.0,False,True,48,758
I000593,R0042,Jeera Rice,side_dish,307.0,True,False,75,597
I000594,R0042,Rajma Chawal,main_course,182.0,True,True,79,662
I000595,R0042,Cheesecake Slice,dessert,475.0,False,True,51,884
I000596,R0042,Kheer,dessert,320.0,True,True,75,324
I000597,R0042,Mango Lassi,beverage,398.0,False,False,48,836
I000598,R0042,Coleslaw,side_dish,639.0,True,True,10,796
I000599,R0042,Sev Puri,snack,561.0,False,True,68,695
I000600,R0042,Brownie,dessert,442.0,True,True,43,506
I000601,R0042,Fruit Custard,dessert,315.0,False,True,24,456
I000602,R0042,Crispy Corn,starter,239.0,True,False,88,271
I000603,R0042,Coca-Cola,beverage,570.0,False,False,17,357
I000604,R0042,Butter Naan,side_dish,316.0,False,True,2,427
I000605,R0042,Gulab Jamun,dessert,158.0,False,True,9,638
I000606,R0042,Mango Lassi,beverage,234.0,True,True,3,603
I000607,R0042,Watermelon Juice,beverage,293.0,True,False,30,374
I000608,R0042,Masala Fries,snack,333.0,True,True,66,605
I000609,R0043,Corn on the Cob,snack,241.0,False,True,18,254
I000610,R0043,Bhel Puri,snack,291.0,False,True,57,393
I000611,R0043,Mango Shake,beverage,219.0,True,True,77,730
I000612,R0043,Chicken Biryani,main_course,312.0,True,True,24,326
I000613,R0043,Chicken Biryani,main_course,149.0,True,True,42,390
I000614,R0043,Gulab Jamun,dessert,325.0,True,True,76,128
I000615,R0043,Mango Lassi,beverage,155.0,True,True,61,323
I000616,R0043,Veg Biryani,main_course,222.0,True,True,83,756
I000617,R0043,Onion Rings,starter,126.0,True,True,66,557
I000618,R0043,Onion Rings,starter,117.0,False,True,52,637
I000619,R0043,Garlic Bread (plain),snack,199.0,True,True,21,844
I000620,R0043,Veg Seekh Kebab,starter,171.0,True,True,42,771
I000621,R0043,Jeera Rice,side_dish,255.0,True,True,13,814
I000622,R0043,Fish Curry,main_course,143.0,True,True,3,538
I000623,R0043,Aloo Tikki,starter,175.0,False,True,99,520
I000624,R0043,Pasta Arrabiata,main_course,80.0,True,True,9,737
I000625,R0043,Chicken Nuggets,starter,184.0,True,False,94,802
I000626,R0043,Sweet Lassi,beverage,200.0,True,True,23,873
I000627,R0044,Laccha Paratha,side_dish,200.0,True,True,98,718
I000628,R0044,Steamed Rice,side_dish,200.0,True,True,32,767
I000629,R0044,Paneer Butter Masala,main_course,149.0,True,True,44,457
I000630,R0044,Laccha Paratha,side_dish,113.0,True,True,72,662
I000631,R0044,Salan,side_dish,54.0,True,True,21,242
I000632,R0044,Bhel Puri,snack,74.0,True,True,1,563
I000633,R0044,Rose Sharbat,beverage,176.0,True,True,58,225
I000634,R0044,Green Salad,side_dish,101.0,False,True,95,368
I000635,R0044,Pita Bread,side_dish,51.0,False,True,5,188
I000636,R0044,Mini Burgers,snack,141.0,True,True,34,672
I000637,R0044,Crispy Corn,starter,93.0,True,True,44,338
I000638,R0045,Onion Rings,starter,174.0,True,True,63,156
I000639,R0045,Jeera Rice,side_dish,403.0,False,True,82,752
I000640,R0045,Coleslaw,side_dish,470.0,False,True,46,176
I000641,R0045,Chicken Biryani,main_course,334.0,True,False,92,367
I000642,R0045,Sprite,beverage,270.0,True,True,99,260
I000643,R0045,Mini Burgers,snack,299.0,False,True,46,439
I000644,R0045,Veg Wrap,snack,392.0,False,True,32,135
I000645,R0045,Chicken Pizza,main_course,210.0,False,True,48,118
I000646,R0045,Sev Puri,snack,238.0,True,True,5,723
I000647,R0045,Masala Dosa,main_course,221.0,False,True,70,302
I000648,R0045,Garlic Bread,side_dish,204.0,False,True,48,212
I000649,R0045,Chole Bhature,main_course,363.0,False,True,61,376
I000650,R0045,Samosa (2 pcs),starter,353.0,True,True,45,430
I000651,R0045,Pav Bhaji,starter,240.0,True,True,67,607
I000652,R0045,Rose Sharbat,beverage,335.0,True,True,55,816
I000653,R0045,Mango Lassi,beverage,435.0,True,True,77,772
I000654,R0045,Mango Lassi,beverage,306.0,True,True,17,478
I000655,R0045,Chocolate Mousse,dessert,467.0,False,True,78,709
I000656,R0045,Kheer,dessert,367.0,True,True,57,718
I000657,R0046,Ice Cream (Vanilla),dessert,447.0,True,True,73,176
I000658,R0046,Salan,side_dish,370.0,False,True,42,523
I000659,R0046,Green Salad,side_dish,346.0,True,True,14,429
I000660,R0046,Butter Chicken,main_course,851.0,False,False,87,537
I000661,R0046,Sweet Lassi,beverage,735.0,True,True,86,716
I000662,R0046,Fish Tikka,starter,555.0,True,True,78,703
I000663,R0046,Fish Tikka,starter,635.0,False,True,83,196
I000664,R0046,Chicken Tikka,starter,1158.0,True,True,57,174
I000665,R0046,Gajar Ka Halwa,dessert,1226.0,True,True,42,245
I000666,R0046,Gajar Ka Halwa,dessert,517.0,False,True,63,212
I000667,R0046,Raita,side_dish,773.0,True,True,14,294
I000668,R0046,Sweet Lassi,beverage,681.0,False,True,99,169
I000669,R0046,Fried Rice,main_course,478.0,True,True,59,870
I000670,R0046,Coleslaw,side_dish,676.0,True,True,37,856
I000671,R0046,Gajar Ka Halwa,dessert,941.0,False,True,97,213
I000672,R0046,Margherita Pizza,main_course,1149.0,False,False,54,768
I000673,R0046,Garlic Bread,side_dish,1094.0,True,True,32,766
I000674,R0047,Mango Shake,beverage,396.0,True,True,30,320
I000675,R0047,Sev Puri,snack,109.0,True,True,22,514
I000676,R0047,Salan,side_dish,192.0,True,True,9,481
I000677,R0047,Chicken Biryani,main_course,184.0,True,True,41,724
I000678,R0047,Onion Rings,starter,415.0,True,True,42,132
I000679,R0047,Butter Naan,side_dish,239.0,True,True,52,617
I000680,R0047,Gulab Jamun,dessert,149.0,True,False,35,198
I000681,R0047,Ice Cream (Vanilla),dessert,184.0,True,True,35,402
I000682,R0047,Jeera Rice,side_dish,342.0,True,True,40,738
I000683,R0047,Chocolate Mousse,dessert,304.0,False,True,96,378
I000684,R0048,Popcorn Chicken,snack,109.0,False,True,21,358
I000685,R0048,Paneer Tikka,starter,109.0,False,True,20,798
I000686,R0048,Brownie,dessert,202.0,True,True,25,727
I000687,R0048,Sweet Lassi,beverage,167.0,False,True,29,682
I000688,R0048,Chole Bhature,main_course,73.0,False,True,59,540
I000689,R0048,Margherita Pizza,main_course,160.0,False,True,71,806
I000690,R0048,Fish Curry,main_course,210.0,False,True,18,303
I000691,R0048,Masala Chai,beverage,124.0,True,True,29,206
I000692,R0048,Mango Shake,beverage,217.0,True,True,87,627
I000693,R0048,Hakka Noodles,main_course,113.0,False,True,28,748
I000694,R0049,Mutton Biryani,main_course,411.0,True,True,58,480
I000695,R0049,Steamed Rice,side_dish,193.0,True,True,8,257
I000696,R0049,Garlic Bread (plain),snack,419.0,True,True,39,421
I000697,R0049,Masala Fries,snack,402.0,True,True,33,374
I000698,R0049,Ice Cream (Chocolate),dessert,199.0,True,True,97,104
I000699,R0049,Watermelon Juice,beverage,341.0,True,True,32,129
I000700,R0049,Pita Bread,side_dish,329.0,False,True,88,487
I000701,R0049,Kulfi,dessert,396.0,False,True,16,865
I000702,R0049,Corn on the Cob,snack,404.0,False,True,13,608
I000703,R0049,Chole Bhature,main_course,493.0,True,True,64,472
I000704,R0049,Papad,side_dish,256.0,True,True,38,220
I000705,R0049,Kulfi,dessert,442.0,True,True,61,353
I000706,R0049,Chicken Pizza,main_course,290.0,True,True,36,273
I000707,R0049,Chicken Sandwich,snack,120.0,True,False,21,703
I000708,R0049,Bhel Puri,snack,310.0,True,True,77,587
I000709,R0049,Jeera Rice,side_dish,357.0,True,True,37,160
I000710,R0049,Cheesecake Slice,dessert,496.0,False,True,67,739
I000711,R0049,Sev Puri,snack,382.0,True,True,44,472
I000712,R0049,Samosa (2 pcs),starter,292.0,True,True,35,430
I000713,R0050,Veg Biryani,main_course,80.0,False,True,38,405
I000714,R0050,Fruit Custard,dessert,96.0,True,True,65,717
I000715,R0050,Mini Burgers,snack,81.0,False,True,72,143
I000716,R0050,Kheer,dessert,153.0,True,False,36,176
I000717,R0050,Nachos,snack,229.0,False,True,36,124
I000718,R0050,Gajar Ka Halwa,dessert,162.0,True,True,37,228
I000719,R0050,Chicken Nuggets,starter,141.0,False,True,48,831
I000720,R0050,Watermelon Juice,beverage,201.0,True,True,6,563
I000721,R0050,Ice Cream (Vanilla),dessert,233.0,True,True,5,136
I000722,R0050,Chicken Nuggets,starter,106.0,True,True,99,779
I000723,R0050,Veg Spring Rolls,starter,262.0,False,True,71,797
I000724,R0050,Coca-Cola,beverage,212.0,True,True,60,148
I000725,R0050,Buttermilk,beverage,201.0,True,True,23,150
I000726,R0051,Raita,side_dish,271.0,True,True,5,417
I000727,R0051,Gajar Ka Halwa,dessert,335.0,False,True,3,438
I000728,R0051,Sweet Lassi,beverage,99.0,True,True,74,728
I000729,R0051,Raita,side_dish,138.0,True,True,35,837
I000730,R0051,Sprite,beverage,232.0,False,True,34,422
I000731,R0051,Garlic Bread (plain),snack,285.0,True,True,81,778
I000732,R0051,Chicken Tikka,starter,230.0,True,True,5,296
I000733,R0051,Mini Burgers,snack,257.0,True,True,57,203
I000734,R0052,Masala Dosa,main_course,171.0,True,True,39,341
I000735,R0052,Crispy Corn,starter,114.0,True,True,50,816
I000736,R0052,Sweet Lassi,beverage,127.0,True,False,43,266
I000737,R0052,Popcorn Chicken,snack,62.0,True,True,37,115
I000738,R0052,Watermelon Juice,beverage,166.0,True,True,27,722
I000739,R0052,Chicken Pizza,main_course,186.0,True,True,32,366
I000740,R0052,Chole Bhature,main_course,100.0,True,True,15,542
I000741,R0052,Masala Chai,beverage,134.0,True,True,60,679
I000742,R0052,Pav Bhaji,starter,82.0,True,True,87,814
I000743,R0052,Fruit Custard,dessert,184.0,True,True,39,731
I000744,R0053,Chicken Tikka,starter,201.0,True,True,86,576
I000745,R0053,Fruit Custard,dessert,327.0,True,True,42,259
I000746,R0053,Chicken Sandwich,snack,420.0,True,True,45,442
I000747,R0053,Butter Naan,side_dish,160.0,True,True,22,442
I000748,R0053,Popcorn Chicken,snack,142.0,True,True,40,459
I000749,R0053,Sev Puri,snack,177.0,False,False,17,457
I000750,R0053,Paneer Tikka,starter,359.0,False,True,37,418
I000751,R0053,Chocolate Mousse,dessert,443.0,True,True,93,646
I000752,R0054,Sprite,beverage,589.0,True,True,63,335
I000753,R0054,Cheesecake Slice,dessert,624.0,True,True,40,756
I000754,R0054,Buttermilk,beverage,622.0,True,True,32,354
I000755,R0054,Cheesecake Slice,dessert,502.0,True,True,82,852
I000756,R0054,Kheer,dessert,553.0,True,False,62,291
I000757,R0054,Cold Coffee,beverage,143.0,True,True,2,734
I000758,R0054,Popcorn Chicken,snack,353.0,True,True,88,113
I000759,R0054,Chicken Wings,starter,590.0,True,True,70,253
I000760,R0054,Chicken Tikka,starter,582.0,True,True,74,895
I000761,R0054,Coca-Cola,beverage,365.0,True,True,10,743
I000762,R0054,Crispy Corn,starter,270.0,True,True,6,829
I000763,R0054,Chicken Nuggets,starter,268.0,True,True,16,649
I000764,R0054,Kheer,dessert,476.0,True,False,83,533
I000765,R0054,Raita,side_dish,497.0,True,True,12,681
I000766,R0055,Mutton Biryani,main_course,52.0,False,True,64,319
I000767,R0055,Fish Tikka,starter,42.0,True,True,16,508
I000768,R0055,Chole Bhature,main_course,125.0,False,True,40,203
I000769,R0055,Masala Fries,snack,63.0,True,True,53,231
I000770,R0055,Ice Cream (Vanilla),dessert,49.0,True,True,77,526
I000771,R0055,Brownie,dessert,103.0,True,True,49,174
I000772,R0055,Butter Naan,side_dish,130.0,True,True,56,226
I000773,R0055,Chocolate Mousse,dessert,81.0,True,False,89,410
I000774,R0055,Jeera Rice,side_dish,58.0,True,True,79,627
I000775,R0055,Coca-Cola,beverage,43.0,True,True,63,218
I000776,R0055,Veg Seekh Kebab,starter,82.0,True,True,9,278
I000777,R0055,Chicken Wings,starter,85.0,True,True,54,178
I000778,R0055,Paneer Tikka,starter,60.0,False,True,47,729
I000779,R0055,Egg Curry,main_course,68.0,True,True,82,115
I000780,R0056,Masala Fries,snack,69.0,True,True,55,635
I000781,R0056,Sprite,beverage,56.0,True,True,53,750
I000782,R0056,Chicken Sandwich,snack,90.0,True,True,92,634
I000783,R0056,Fried Rice,main_course,138.0,True,True,21,660
I000784,R0056,Mango Lassi,beverage,170.0,True,True,98,800
I000785,R0056,Coleslaw,side_dish,94.0,True,True,55,627
I000786,R0056,Corn on the Cob,snack,147.0,True,True,19,624
I000787,R0056,Gajar Ka Halwa,dessert,192.0,False,True,43,192
I000788,R0056,Gajar Ka Halwa,dessert,152.0,True,True,34,427
I000789,R0056,Sev Puri,snack,87.0,False,True,32,219
I000790,R0056,Mineral Water,beverage,61.0,True,False,97,469
I000791,R0056,Chicken Tikka,starter,181.0,False,True,57,681
I000792,R0057,Paneer Tikka,starter,106.0,True,True,85,421
I000793,R0057,Chocolate Mousse,dessert,75.0,True,True,6,713
I000794,R0057,Fish Tikka,starter,71.0,True,True,68,405
I000795,R0057,Chicken Biryani,main_course,142.0,False,True,68,258
I000796,R0057,Margherita Pizza,main_course,105.0,True,True,26,800
I000797,R0057,Nachos,snack,100.0,True,True,53,120
I000798,R0057,Mango Shake,beverage,156.0,True,True,47,293
I000799,R0057,Fruit Custard,dessert,138.0,True,True,88,251
I000800,R0057,Ice Cream (Chocolate),dessert,77.0,False,True,34,652
I000801,R0057,Onion Rings,starter,65.0,False,True,43,893
I000802,R0057,Rasgulla,dessert,86.0,True,True,1,810
I000803,R0058,Mango Shake,beverage,114.0,True,True,38,494
I000804,R0058,Paneer Butter Masala,main_course,88.0,True,False,59,384
I000805,R0058,Steamed Rice,side_dish,74.0,False,False,45,464
I000806,R0058,Veg Spring Rolls,starter,165.0,True,True,57,175
I000807,R0058,Masala Dosa,main_course,130.0,True,False,53,863
I000808,R0058,Chicken Biryani,main_course,102.0,False,True,72,611
I000809,R0058,Fresh Lime Soda,beverage,125.0,False,True,51,562
I000810,R0058,Chocolate Mousse,dessert,186.0,True,True,10,288
I000811,R0058,Cheesecake Slice,dessert,55.0,True,False,51,104
I000812,R0058,Aloo Tikki,starter,155.0,False,True,85,851
I000813,R0058,Veg Spring Rolls,starter,180.0,False,True,48,406
I000814,R0058,Garlic Naan,side_dish,136.0,True,True,99,455
I000815,R0058,Halwa,dessert,106.0,False,True,2,368
I000816,R0058,Papad,side_dish,77.0,True,True,33,766
I000817,R0058,Chole Bhature,main_course,188.0,False,True,57,499
I000818,R0058,Watermelon Juice,beverage,44.0,True,True,19,520
I000819,R0058,Gulab Jamun,dessert,72.0,True,True,9,844
I000820,R0058,Halwa,dessert,184.0,False,True,90,757
I000821,R0058,Kheer,dessert,84.0,True,True,60,192
I000822,R0059,Gulab Jamun,dessert,122.0,True,True,7,480
I000823,R0059,Veg Biryani,main_course,133.0,True,False,63,292
I000824,R0059,Salan,side_dish,112.0,True,True,44,457
I000825,R0059,Mango Lassi,beverage,126.0,True,True,95,662
I000826,R0059,Gulab Jamun,dessert,126.0,True,True,94,565
I000827,R0059,Popcorn Chicken,snack,54.0,True,True,58,754
I000828,R0059,Chole Bhature,main_course,87.0,True,True,43,514
I000829,R0059,Buttermilk,beverage,133.0,True,True,62,247
I000830,R0059,Nachos,snack,59.0,True,True,10,608
I000831,R0059,Sweet Lassi,beverage,36.0,True,True,15,592
I000832,R0059,Fresh Lime Soda,beverage,46.0,True,False,91,190
I000833,R0059,Butter Naan,side_dish,133.0,True,True,6,472
I000834,R0060,Buttermilk,beverage,546.0,True,True,85,347
I000835,R0060,Sev Puri,snack,586.0,True,True,11,319
I000836,R0060,Garlic Bread,side_dish,641.0,True,True,38,665
I000837,R0060,Coleslaw,side_dish,485.0,False,True,2,716
I000838,R0060,Rasgulla,dessert,482.0,True,True,36,743
I000839,R0060,Cheesecake Slice,dessert,197.0,True,True,62,882
I000840,R0060,Dal Makhani,main_course,496.0,True,True,87,390
I000841,R0060,Chicken Wings,starter,354.0,False,True,93,176
I000842,R0060,Masala Fries,snack,523.0,True,True,29,809
I000843,R0060,Paneer Tikka,starter,598.0,False,False,24,555
I000844,R0060,Chicken Nuggets,starter,427.0,False,True,3,511
I000845,R0060,Rose Sharbat,beverage,335.0,True,True,15,491
I000846,R0060,Sev Puri,snack,330.0,True,True,55,136
I000847,R0060,Corn on the Cob,snack,613.0,False,True,94,848
I000848,R0060,Corn on the Cob,snack,249.0,False,True,55,639
I000849,R0061,Veg Biryani,main_course,368.0,False,True,39,717
I000850,R0061,Chocolate Mousse,dessert,131.0,True,True,66,880
I000851,R0061,Hakka Noodles,main_course,329.0,True,True,31,800
I000852,R0061,Halwa,dessert,198.0,True,True,61,483
I000853,R0061,Sev Puri,snack,226.0,False,True,93,535
I000854,R0061,Crispy Corn,starter,172.0,False,True,44,280
I000855,R0061,Jeera Rice,side_dish,371.0,False,False,77,829
I000856,R0061,Cheesecake Slice,dessert,457.0,True,True,55,597
I000857,R0061,Crispy Corn,starter,254.0,True,True,63,146
I000858,R0061,Gajar Ka Halwa,dessert,350.0,False,True,82,419
I000859,R0061,Rasgulla,dessert,277.0,True,True,53,696
I000860,R0061,Laccha Paratha,side_dish,135.0,True,True,67,732
I000861,R0061,Onion Rings,starter,282.0,True,True,72,773
I000862,R0061,Pita Bread,side_dish,192.0,True,True,40,252
I000863,R0061,Dal Makhani,main_course,233.0,True,True,49,806
I000864,R0061,Chicken Wings,starter,124.0,True,True,51,594
I000865,R0061,Samosa (2 pcs),starter,163.0,False,True,46,342
I000866,R0061,Buttermilk,beverage,136.0,True,True,48,476
I000867,R0061,Butter Naan,side_dish,155.0,True,True,56,856
I000868,R0061,Chicken Sandwich,snack,402.0,True,False,9,823
I000869,R0062,Rose Sharbat,beverage,266.0,True,True,33,232
I000870,R0062,Fruit Custard,dessert,504.0,True,True,92,644
I000871,R0062,Fresh Lime Soda,beverage,613.0,True,True,49,533
I000872,R0062,Garlic Bread (plain),snack,764.0,True,True,99,630
I000873,R0062,Sev Puri,snack,504.0,False,True,25,388
I000874,R0062,Gajar Ka Halwa,dessert,554.0,False,True,9,625
I000875,R0062,Buttermilk,beverage,338.0,False,True,41,632
I000876,R0062,Rasgulla,dessert,349.0,True,True,74,168
I000877,R0062,Sprite,beverage,377.0,True,True,34,753
I000878,R0062,Veg Seekh Kebab,starter,540.0,True,True,51,814
I000879,R0062,Butter Chicken,main_course,821.0,True,True,76,625
I000880,R0062,Onion Rings,starter,870.0,False,True,10,735
I000881,R0062,Veg Sandwich,snack,293.0,True,True,97,266
I000882,R0062,Kulfi,dessert,615.0,True,True,17,475
I000883,R0062,Chocolate Mousse,dessert,864.0,True,True,51,449
I000884,R0062,Mutton Biryani,main_course,528.0,False,True,76,855
I000885,R0062,Coleslaw,side_dish,601.0,False,False,15,854
I000886,R0063,Fish Curry,main_course,175.0,True,True,52,389
I000887,R0063,Paneer Butter Masala,main_course,367.0,False,True,50,437
I000888,R0063,Gulab Jamun,dessert,770.0,True,True,99,164
I000889,R0063,Chocolate Mousse,dessert,464.0,True,True,64,459
I000890,R0063,Corn on the Cob,snack,504.0,True,True,54,709
I000891,R0063,Chicken Biryani,main_course,181.0,False,True,37,205
I000892,R0063,Mango Shake,beverage,590.0,True,True,99,798
I000893,R0063,Nachos,snack,572.0,True,True,65,519
I000894,R0063,Pasta Arrabiata,main_course,590.0,False,True,25,590
I000895,R0063,Mango Shake,beverage,444.0,True,True,26,888
I000896,R0063,Chicken Wings,starter,486.0,True,True,92,623
I000897,R0063,Aloo Tikki,starter,641.0,False,True,92,447
I000898,R0063,Pav Bhaji,starter,216.0,True,False,42,222
I000899,R0063,Rose Sharbat,beverage,266.0,True,True,48,713
I000900,R0063,Kheer,dessert,468.0,True,True,33,204
I000901,R0063,Sprite,beverage,570.0,True,True,51,135
I000902,R0063,Garlic Bread,side_dish,522.0,True,True,35,462
I000903,R0064,Jeera Rice,side_dish,112.0,True,False,34,667
I000904,R0064,Halwa,dessert,124.0,True,True,42,393
I000905,R0064,Sev Puri,snack,108.0,True,True,21,415
I000906,R0064,Butter Chicken,main_course,159.0,False,True,12,708
I000907,R0064,Pav Bhaji,starter,156.0,False,True,12,607
I000908,R0064,Garlic Bread (plain),snack,69.0,True,True,10,202
I000909,R0064,Crispy Corn,starter,70.0,True,True,94,573
I000910,R0064,Laccha Paratha,side_dish,56.0,True,True,42,112
I000911,R0064,Masala Chai,beverage,138.0,True,True,28,694
I000912,R0065,Hakka Noodles,main_course,108.0,True,True,5,625
I000913,R0065,Fruit Custard,dessert,107.0,True,True,50,766
I000914,R0065,Veg Spring Rolls,starter,89.0,True,True,77,588
I000915,R0065,Crispy Corn,starter,69.0,True,True,74,338
I000916,R0065,Garlic Bread,side_dish,32.0,True,True,53,237
I000917,R0065,Mineral Water,beverage,98.0,True,True,9,331
I000918,R0065,Egg Curry,main_course,73.0,True,True,94,779
I000919,R0065,Paneer Tikka,starter,85.0,True,False,10,845
I000920,R0066,Kulfi,dessert,125.0,True,True,56,209
I000921,R0066,Chocolate Mousse,dessert,209.0,True,False,93,748
I000922,R0066,Raita,side_dish,139.0,True,True,77,858
I000923,R0066,Chicken Nuggets,starter,216.0,False,True,85,493
I000924,R0066,Fried Rice,main_course,152.0,True,True,41,421
I000925,R0066,Rasgulla,dessert,192.0,False,True,69,289
I000926,R0066,Margherita Pizza,main_course,223.0,True,True,41,147
I000927,R0066,Halwa,dessert,85.0,True,True,76,346
I000928,R0066,Popcorn Chicken,snack,110.0,True,True,84,506
I000929,R0066,Egg Curry,main_course,124.0,False,False,69,249
I000930,R0066,Egg Curry,main_course,163.0,True,True,62,278
I000931,R0066,Garlic Bread (plain),snack,248.0,True,True,67,360
I000932,R0066,Brownie,dessert,131.0,True,True,46,512
I000933,R0066,Papad,side_dish,226.0,False,True,68,432
I000934,R0067,Ice Cream (Chocolate),dessert,253.0,False,True,12,316
I000935,R0067,Cold Coffee,beverage,398.0,False,True,86,287
I000936,R0067,Sweet Lassi,beverage,390.0,False,True,46,596
I000937,R0067,Chicken Tikka,starter,243.0,True,True,1,834
I000938,R0067,Brownie,dessert,185.0,True,True,16,793
I000939,R0067,Pav Bhaji,starter,470.0,False,True,82,103
I000940,R0067,Buttermilk,beverage,319.0,True,True,16,524
I000941,R0067,Garlic Bread,side_dish,444.0,False,True,31,608
I000942,R0067,Papad,side_dish,426.0,True,False,60,119
I000943,R0067,Kheer,dessert,345.0,True,True,63,217
I000944,R0067,Aloo Tikki,starter,179.0,False,True,15,503
I000945,R0068,Butter Chicken,main_course,389.0,True,True,34,684
I000946,R0068,Garlic Bread,side_dish,155.0,True,False,12,187
I000947,R0068,Chocolate Mousse,dessert,414.0,False,True,33,461
I000948,R0068,Rajma Chawal,main_course,302.0,True,False,95,846
I000949,R0068,Buttermilk,beverage,479.0,False,True,66,792
I000950,R0068,Ice Cream (Chocolate),dessert,296.0,True,True,61,707
I000951,R0068,Masala Dosa,main_course,377.0,False,True,67,581
I000952,R0068,Raita,side_dish,236.0,True,True,57,427
I000953,R0068,Rajma Chawal,main_course,167.0,False,True,96,853
I000954,R0068,Brownie,dessert,164.0,True,False,97,841
I000955,R0069,Masala Fries,snack,96.0,True,True,3,281
I000956,R0069,Garlic Naan,side_dish,73.0,True,True,4,562
I000957,R0069,Rose Sharbat,beverage,80.0,True,True,36,413
I000958,R0069,Coleslaw,side_dish,157.0,True,False,86,535
I000959,R0069,Sprite,beverage,144.0,True,True,59,641
I000960,R0069,Chicken Sandwich,snack,134.0,True,True,57,162
I000961,R0069,Veg Sandwich,snack,69.0,True,True,79,662
I000962,R0069,Gulab Jamun,dessert,83.0,True,True,1,118
I000963,R0069,Steamed Rice,side_dish,102.0,True,True,81,714
I000964,R0069,Chicken Nuggets,starter,152.0,True,True,86,593
I000965,R0069,Mango Lassi,beverage,49.0,True,True,91,518
I000966,R0069,Popcorn Chicken,snack,136.0,True,False,67,207
I000967,R0070,Gajar Ka Halwa,dessert,163.0,True,True,11,784
I000968,R0070,Gajar Ka Halwa,dessert,244.0,True,False,37,814
I000969,R0070,Green Salad,side_dish,243.0,True,True,53,206
I000970,R0070,Chicken Wings,starter,173.0,False,True,48,284
I000971,R0070,Fresh Lime Soda,beverage,80.0,True,True,77,371
I000972,R0070,Pita Bread,side_dish,92.0,True,True,32,716
I000973,R0070,Masala Dosa,main_course,102.0,True,True,33,898
I000974,R0070,Steamed Rice,side_dish,136.0,True,True,49,143
I000975,R0070,Ice Cream (Chocolate),dessert,179.0,False,True,16,841
I000976,R0070,Chicken Nuggets,starter,59.0,False,True,26,837
I000977,R0070,Kheer,dessert,194.0,False,True,38,527
I000978,R0070,Chocolate Mousse,dessert,113.0,True,True,46,183
I000979,R0070,Rasgulla,dessert,167.0,False,True,53,150
I000980,R0070,Veg Wrap,snack,111.0,True,True,45,373
I000981,R0070,Butter Naan,side_dish,201.0,True,True,37,772
I000982,R0070,Crispy Corn,starter,194.0,True,True,22,332
I000983,R0070,Fruit Custard,dessert,232.0,True,True,35,336
I000984,R0070,Kheer,dessert,242.0,True,False,61,796
I000985,R0070,Veg Spring Rolls,starter,249.0,True,True,15,372
I000986,R0071,Fish Tikka,starter,268.0,False,True,39,550
I000987,R0071,Salan,side_dish,370.0,True,True,5,663
I000988,R0071,Salan,side_dish,322.0,True,True,59,584
I000989,R0071,Cheesecake Slice,dessert,212.0,True,True,68,320
I000990,R0071,Masala Chai,beverage,383.0,True,True,52,465
I000991,R0071,Coca-Cola,beverage,370.0,False,True,61,876
I000992,R0071,Dal Makhani,main_course,374.0,True,True,48,181
I000993,R0071,Popcorn Chicken,snack,264.0,True,True,96,288
I000994,R0071,Paneer Butter Masala,main_course,121.0,False,False,10,554
I000995,R0071,Chole Bhature,main_course,389.0,True,True,75,728
I000996,R0071,Chole Bhature,main_course,122.0,True,True,2,571
I000997,R0071,Popcorn Chicken,snack,266.0,True,True,55,893
I000998,R0072,Gajar Ka Halwa,dessert,193.0,True,True,87,869
I000999,R0072,Pav Bhaji,starter,425.0,True,True,57,387
I001000,R0072,Veg Wrap,snack,232.0,True,True,78,129
I001001,R0072,Chicken Pizza,main_course,332.0,True,True,45,713
I001002,R0072,Rose Sharbat,beverage,194.0,True,True,61,502
I001003,R0072,Samosa (2 pcs),starter,313.0,True,True,44,212
I001004,R0072,Garlic Bread,side_dish,416.0,True,True,84,704
I001005,R0072,Paneer Butter Masala,main_course,468.0,True,True,13,290
I001006,R0072,Corn on the Cob,snack,164.0,True,True,35,711
I001007,R0072,Veg Sandwich,snack,265.0,True,True,61,661
I001008,R0072,Chocolate Mousse,dessert,288.0,True,False,29,360
I001009,R0072,Chicken Tikka,starter,392.0,True,False,81,588
I001010,R0072,Cold Coffee,beverage,135.0,True,True,68,545
I001011,R0073,Margherita Pizza,main_course,875.0,True,True,14,371
I001012,R0073,Crispy Corn,starter,706.0,False,True,12,396
I001013,R0073,Papad,side_dish,815.0,False,True,2,631
I001014,R0073,Rose Sharbat,beverage,872.0,True,True,8,778
I001015,R0073,Raita,side_dish,841.0,True,True,90,302
I001016,R0073,Chicken Wings,starter,763.0,False,False,12,387
I001017,R0073,Mutton Biryani,main_course,282.0,True,True,44,393
I001018,R0073,Sprite,beverage,698.0,True,True,35,147
I001019,R0073,Nachos,snack,564.0,False,True,31,358
I001020,R0073,Rasgulla,dessert,891.0,True,True,99,120
I001021,R0073,Buttermilk,beverage,877.0,False,True,82,316
I001022,R0073,Rasgulla,dessert,548.0,True,True,82,898
I001023,R0073,Gajar Ka Halwa,dessert,766.0,True,True,41,558
I001024,R0073,Garlic Naan,side_dish,767.0,False,True,75,577
I001025,R0073,Coca-Cola,beverage,861.0,True,True,4,636
I001026,R0073,Veg Spring Rolls,starter,301.0,True,True,96,207
I001027,R0074,Mineral Water,beverage,118.0,True,True,59,483
I001028,R0074,Mini Burgers,snack,120.0,True,True,33,432
I001029,R0074,Sev Puri,snack,57.0,True,True,80,559
I001030,R0074,Rose Sharbat,beverage,96.0,True,True,89,120
I001031,R0074,Gulab Jamun,dessert,117.0,False,True,99,572
I001032,R0074,Mineral Water,beverage,105.0,True,True,4,287
I001033,R0074,Masala Fries,snack,166.0,True,False,87,290
I001034,R0074,Cheesecake Slice,dessert,215.0,True,True,95,287
I001035,R0074,Sweet Lassi,beverage,74.0,True,True,27,340
I001036,R0074,Sprite,beverage,182.0,False,True,47,445
I001037,R0075,Halwa,dessert,459.0,True,True,70,313
I001038,R0075,Corn on the Cob,snack,845.0,True,True,40,578
I001039,R0075,Coca-Cola,beverage,634.0,True,True,66,565
I001040,R0075,Paneer Tikka,starter,945.0,True,True,21,691
I001041,R0075,Aloo Tikki,starter,904.0,True,True,72,320
I001042,R0075,Chicken Sandwich,snack,589.0,True,True,81,435
I001043,R0075,Kheer,dessert,1067.0,True,True,3,593
I001044,R0075,Margherita Pizza,main_course,906.0,False,True,91,845
I001045,R0075,Mineral Water,beverage,1055.0,True,True,54,274
I001046,R0075,Chicken Nuggets,starter,772.0,False,True,54,729
I001047,R0075,Margherita Pizza,main_course,613.0,False,True,22,858
I001048,R0075,Masala Chai,beverage,655.0,True,True,16,283
I001049,R0075,Mango Shake,beverage,953.0,True,True,74,368
I001050,R0075,Chicken Pizza,main_course,475.0,False,True,50,443
I001051,R0075,Chicken Sandwich,snack,755.0,False,True,11,875
I001052,R0076,Aloo Tikki,starter,49.0,True,True,64,863
I001053,R0076,Chicken Wings,starter,105.0,False,True,76,419
I001054,R0076,Crispy Corn,starter,77.0,False,True,14,694
I001055,R0076,Kheer,dessert,47.0,False,True,71,437
I001056,R0076,Pasta Arrabiata,main_course,123.0,False,True,60,608
I001057,R0076,Chole Bhature,main_course,149.0,True,True,72,120
I001058,R0076,Veg Sandwich,snack,71.0,True,True,94,231
I001059,R0076,Rose Sharbat,beverage,35.0,True,True,68,132
I001060,R0076,Kheer,dessert,60.0,True,True,72,693
I001061,R0076,Gulab Jamun,dessert,118.0,True,True,96,316
I001062,R0076,Buttermilk,beverage,58.0,True,True,40,568
I001063,R0076,Ice Cream (Chocolate),dessert,49.0,True,True,74,765
I001064,R0076,Egg Curry,main_course,64.0,True,False,67,615
I001065,R0076,Coleslaw,side_dish,61.0,True,True,85,486
I001066,R0076,Gulab Jamun,dessert,96.0,True,True,15,302
I001067,R0076,Coleslaw,side_dish,94.0,True,True,44,217
I001068,R0077,Garlic Naan,side_dish,277.0,True,True,84,312
I001069,R0077,Garlic Bread (plain),snack,124.0,True,True,43,772
I001070,R0077,Buttermilk,beverage,167.0,True,True,8,252
I001071,R0077,Garlic Naan,side_dish,80.0,True,True,77,334
I001072,R0077,Chicken Pizza,main_course,139.0,True,True,20,308
I001073,R0077,Cheesecake Slice,dessert,74.0,True,True,96,605
I001074,R0077,Crispy Corn,starter,191.0,True,True,35,294
I001075,R0077,Hakka Noodles,main_course,91.0,True,True,25,331
I001076,R0077,Coca-Cola,beverage,259.0,True,True,93,396
I001077,R0077,Laccha Paratha,side_dish,105.0,True,True,81,304
I001078,R0077,Egg Curry,main_course,317.0,True,True,77,649
I001079,R0077,Papad,side_dish,260.0,True,True,54,856
I001080,R0078,Chicken Wings,starter,1026.0,False,True,13,126
I001081,R0078,Masala Chai,beverage,579.0,False,True,75,556
I001082,R0078,Coleslaw,side_dish,459.0,True,True,67,275
I001083,R0078,Bhel Puri,snack,779.0,True,True,70,879
I001084,R0078,Fish Tikka,starter,251.0,False,True,9,186
I001085,R0078,Paneer Tikka,starter,654.0,False,True,73,438
I001086,R0078,Veg Biryani,main_course,433.0,False,False,82,220
I001087,R0078,Fruit Custard,dessert,514.0,True,True,69,171
I001088,R0078,Samosa (2 pcs),starter,803.0,True,True,37,565
I001089,R0078,Egg Curry,main_course,1060.0,True,True,47,550
I001090,R0079,Rose Sharbat,beverage,319.0,True,True,50,803
I001091,R0079,Chicken Tikka,starter,719.0,False,True,16,581
I001092,R0079,Papad,side_dish,408.0,True,True,89,413
I001093,R0079,Masala Fries,snack,937.0,True,True,76,268
I001094,R0079,Veg Wrap,snack,711.0,True,True,1,820
I001095,R0079,Kheer,dessert,412.0,True,True,65,109
I001096,R0079,Mango Lassi,beverage,679.0,False,True,46,600
I001097,R0079,Masala Chai,beverage,989.0,True,True,65,596
I001098,R0079,Chicken Wings,starter,848.0,True,True,89,316
I001099,R0079,Halwa,dessert,602.0,True,False,96,126
I001100,R0080,Popcorn Chicken,snack,67.0,True,False,67,380
I001101,R0080,Margherita Pizza,main_course,44.0,False,True,95,860
I001102,R0080,Rose Sharbat,beverage,108.0,False,True,8,141
I001103,R0080,Aloo Tikki,starter,83.0,False,True,15,437
I001104,R0080,Garlic Bread,side_dish,121.0,True,True,59,150
I001105,R0080,Chocolate Mousse,dessert,109.0,True,True,40,679
I001106,R0080,Buttermilk,beverage,105.0,False,False,63,667
I001107,R0080,Laccha Paratha,side_dish,80.0,True,True,93,723
I001108,R0080,Garlic Naan,side_dish,37.0,True,True,42,326
I001109,R0080,Jeera Rice,side_dish,71.0,True,True,48,880
I001110,R0080,Coca-Cola,beverage,105.0,True,True,91,105
I001111,R0081,Masala Chai,beverage,130.0,True,True,63,885
I001112,R0081,Jeera Rice,side_dish,92.0,True,True,50,162
I001113,R0081,Coca-Cola,beverage,168.0,False,True,12,834
I001114,R0081,Mini Burgers,snack,125.0,True,True,51,567
I001115,R0081,Garlic Naan,side_dish,70.0,True,True,18,669
I001116,R0081,Chicken Nuggets,starter,87.0,False,True,26,551
I001117,R0081,Cheesecake Slice,dessert,90.0,False,True,42,744
I001118,R0081,Chole Bhature,main_course,128.0,False,True,1,837
I001119,R0081,Chicken Wings,starter,43.0,False,True,95,304
I001120,R0081,Mineral Water,beverage,100.0,False,True,39,272
I001121,R0081,Jeera Rice,side_dish,64.0,True,True,81,121
I001122,R0081,Fruit Custard,dessert,60.0,False,True,11,756
I001123,R0081,Kulfi,dessert,104.0,False,True,64,803
I001124,R0081,Nachos,snack,159.0,True,True,42,860
I001125,R0081,Fish Curry,main_course,45.0,True,True,83,224
I001126,R0081,Rajma Chawal,main_course,93.0,False,True,78,722
I001127,R0082,Veg Spring Rolls,starter,122.0,True,True,13,479
I001128,R0082,Masala Fries,snack,308.0,True,True,21,738
I001129,R0082,Pasta Arrabiata,main_course,135.0,True,True,77,387
I001130,R0082,Aloo Tikki,starter,156.0,True,False,98,148
I001131,R0082,Samosa (2 pcs),starter,290.0,True,True,64,463
I001132,R0082,Sweet Lassi,beverage,231.0,True,True,90,411
I001133,R0082,Watermelon Juice,beverage,237.0,True,True,87,726
I001134,R0082,Fish Tikka,starter,134.0,True,True,44,725
I001135,R0082,Garlic Naan,side_dish,254.0,True,True,42,420
I001136,R0082,Chicken Pizza,main_course,381.0,True,True,90,442
I001137,R0082,Veg Sandwich,snack,339.0,True,True,44,599
I001138,R0082,Steamed Rice,side_dish,171.0,True,True,99,313
I001139,R0082,Fried Rice,main_course,434.0,True,True,8,727
I001140,R0082,Mineral Water,beverage,368.0,True,True,5,440
I001141,R0082,Chocolate Mousse,dessert,140.0,True,True,4,103
I001142,R0083,Mutton Biryani,main_course,139.0,False,True,46,657
I001143,R0083,Kulfi,dessert,162.0,True,True,19,886
I001144,R0083,Aloo Tikki,starter,105.0,True,True,25,893
I001145,R0083,Fish Curry,main_course,164.0,True,True,44,442
I001146,R0083,Garlic Bread,side_dish,210.0,True,True,3,809
I001147,R0083,Veg Wrap,snack,187.0,True,True,68,441
I001148,R0083,Mini Burgers,snack,125.0,True,True,53,493
I001149,R0083,Pita Bread,side_dish,162.0,True,True,27,757
I001150,R0083,Bhel Puri,snack,97.0,False,True,79,129
I001151,R0083,Nachos,snack,195.0,False,True,82,372
I001152,R0083,Chocolate Mousse,dessert,118.0,True,True,42,414
I001153,R0083,Fried Rice,main_course,160.0,True,True,9,356
I001154,R0084,Veg Wrap,snack,100.0,False,True,16,530
I001155,R0084,Green Salad,side_dish,123.0,False,True,26,106
I001156,R0084,Crispy Corn,starter,296.0,False,True,89,708
I001157,R0084,Fried Rice,main_course,241.0,True,True,70,898
I001158,R0084,Chicken Tikka,starter,249.0,True,True,3,222
I001159,R0084,Papad,side_dish,284.0,True,False,72,596
I001160,R0084,Fried Rice,main_course,235.0,False,True,30,892
I001161,R0084,Chicken Pizza,main_course,110.0,False,True,96,612
I001162,R0084,Gulab Jamun,dessert,208.0,True,True,3,449
I001163,R0084,Buttermilk,beverage,131.0,True,True,57,664
I001164,R0084,Masala Dosa,main_course,77.0,True,True,11,299
I001165,R0084,Paneer Tikka,starter,95.0,True,True,21,645
I001166,R0084,Ice Cream (Chocolate),dessert,168.0,True,True,35,781
I001167,R0085,Nachos,snack,461.0,True,True,33,148
I001168,R0085,Pita Bread,side_dish,851.0,True,True,47,125
I001169,R0085,Chicken Nuggets,starter,238.0,False,True,42,897
I001170,R0085,Watermelon Juice,beverage,381.0,True,True,40,476
I001171,R0085,Cheesecake Slice,dessert,352.0,True,True,89,598
I001172,R0085,Fresh Lime Soda,beverage,472.0,False,True,54,169
I001173,R0085,Onion Rings,starter,215.0,False,True,15,421
I001174,R0085,Pasta Arrabiata,main_course,764.0,True,False,50,873
I001175,R0085,Ice Cream (Chocolate),dessert,212.0,False,True,22,812
I001176,R0086,Paneer Tikka,starter,212.0,False,True,72,835
I001177,R0086,Hakka Noodles,main_course,89.0,False,True,67,572
I001178,R0086,Rajma Chawal,main_course,173.0,False,True,46,186
I001179,R0086,Fried Rice,main_course,179.0,False,False,72,575
I001180,R0086,Green Salad,side_dish,72.0,False,True,64,406
I001181,R0086,Jeera Rice,side_dish,176.0,True,True,28,816
I001182,R0086,Mineral Water,beverage,94.0,True,False,55,515
I001183,R0086,Steamed Rice,side_dish,230.0,False,True,89,536
I001184,R0086,Chicken Tikka,starter,227.0,False,True,81,158
I001185,R0086,Hakka Noodles,main_course,61.0,True,False,51,874
I001186,R0086,Masala Fries,snack,214.0,True,True,28,123
I001187,R0086,Veg Biryani,main_course,100.0,True,True,3,357
I001188,R0086,French Fries,snack,142.0,True,True,93,891
I001189,R0086,Chicken Wings,starter,202.0,True,True,79,734
I001190,R0086,Chole Bhature,main_course,235.0,True,True,35,463
I001191,R0086,Salan,side_dish,82.0,False,True,44,480
I001192,R0086,Egg Curry,main_course,225.0,False,True,96,733
I001193,R0086,Mutton Biryani,main_course,80.0,False,False,37,463
I001194,R0086,Margherita Pizza,main_course,92.0,True,False,63,365
I001195,R0087,Masala Fries,snack,320.0,True,True,18,193
I001196,R0087,Pav Bhaji,starter,465.0,True,True,21,248
I001197,R0087,Garlic Bread,side_dish,128.0,True,True,47,157
I001198,R0087,Margherita Pizza,main_course,256.0,True,True,26,472
I001199,R0087,Sev Puri,snack,408.0,True,True,11,706
I001200,R0087,Sprite,beverage,465.0,False,True,16,529
I001201,R0087,Garlic Bread,side_dish,309.0,True,True,69,838
I001202,R0087,Chicken Sandwich,snack,335.0,True,True,81,648
I001203,R0087,Veg Seekh Kebab,starter,463.0,True,True,98,705
I001204,R0087,Garlic Bread (plain),snack,316.0,False,True,99,396
I001205,R0087,Onion Rings,starter,320.0,False,True,27,577
I001206,R0087,Mango Shake,beverage,448.0,True,True,93,874
I001207,R0088,Chicken Biryani,main_course,133.0,True,True,44,630
I001208,R0088,Veg Sandwich,snack,102.0,True,True,75,681
I001209,R0088,Chocolate Mousse,dessert,122.0,True,True,35,758
I001210,R0088,Fish Tikka,starter,46.0,True,True,78,769
I001211,R0088,Ice Cream (Vanilla),dessert,39.0,True,True,17,712
I001212,R0088,Chicken Tikka,starter,52.0,False,False,14,272
I001213,R0088,Garlic Bread (plain),snack,124.0,False,True,48,859
I001214,R0088,Chicken Sandwich,snack,65.0,True,True,93,209
I001215,R0088,Aloo Tikki,starter,102.0,True,False,75,362
I001216,R0089,Paneer Butter Masala,main_course,826.0,False,True,14,560
I001217,R0089,Mango Lassi,beverage,1078.0,True,True,44,489
I001218,R0089,Masala Dosa,main_course,745.0,False,True,86,843
I001219,R0089,Veg Biryani,main_course,407.0,True,True,10,728
I001220,R0089,Mango Shake,beverage,1277.0,True,False,31,277
I001221,R0089,Coleslaw,side_dish,498.0,True,False,38,690
I001222,R0089,Rasgulla,dessert,1107.0,True,True,21,115
I001223,R0089,Laccha Paratha,side_dish,972.0,True,False,61,387
I001224,R0089,Egg Curry,main_course,1244.0,False,True,59,380
I001225,R0089,Chicken Pizza,main_course,1140.0,True,False,3,785
I001226,R0089,Hakka Noodles,main_course,1162.0,False,True,32,466
I001227,R0089,Gajar Ka Halwa,dessert,1039.0,True,True,70,532
I001228,R0089,Mini Burgers,snack,751.0,True,True,21,627
I001229,R0090,Mineral Water,beverage,953.0,False,True,66,722
I001230,R0090,Mango Shake,beverage,249.0,True,True,21,717
I001231,R0090,Green Salad,side_dish,1007.0,True,True,42,193
I001232,R0090,Pav Bhaji,starter,910.0,False,True,15,239
I001233,R0090,Fresh Lime Soda,beverage,629.0,True,True,54,521
I001234,R0090,Coleslaw,side_dish,661.0,True,True,81,600
I001235,R0090,Egg Curry,main_course,422.0,True,True,23,869
I001236,R0090,Veg Sandwich,snack,717.0,True,True,20,317
I001237,R0091,Kulfi,dessert,423.0,True,True,80,453
I001238,R0091,Brownie,dessert,438.0,True,True,43,502
I001239,R0091,Veg Seekh Kebab,starter,404.0,True,True,41,575
I001240,R0091,Steamed Rice,side_dish,317.0,False,True,22,852
I001241,R0091,Masala Fries,snack,438.0,True,True,21,118
I001242,R0091,Chocolate Mousse,dessert,370.0,True,True,49,158
I001243,R0091,Nachos,snack,116.0,True,True,88,673
I001244,R0091,Chole Bhature,main_course,337.0,True,True,95,177
I001245,R0091,Brownie,dessert,325.0,True,True,94,583
I001246,R0091,Coleslaw,side_dish,387.0,True,True,43,851
I001247,R0091,Watermelon Juice,beverage,180.0,False,True,69,685
I001248,R0091,Halwa,dessert,195.0,False,True,48,224
I001249,R0091,Coleslaw,side_dish,323.0,False,True,10,188
I001250,R0091,Cold Coffee,beverage,447.0,True,True,11,721
I001251,R0091,Kulfi,dessert,191.0,True,True,96,670
I001252,R0091,Fresh Lime Soda,beverage,307.0,True,True,56,220
I001253,R0091,Corn on the Cob,snack,399.0,True,True,70,786
I001254,R0091,Ice Cream (Chocolate),dessert,243.0,True,True,81,339
I001255,R0091,Garlic Bread,side_dish,114.0,True,True,78,427
I001256,R0092,Crispy Corn,starter,265.0,True,True,69,870
I001257,R0092,Pasta Arrabiata,main_course,171.0,True,True,13,809
I001258,R0092,Gulab Jamun,dessert,201.0,True,True,30,468
I001259,R0092,Masala Dosa,main_course,114.0,True,True,74,482
I001260,R0092,Veg Sandwich,snack,99.0,True,True,52,476
I001261,R0092,Aloo Tikki,starter,115.0,True,True,96,809
I001262,R0092,Dal Makhani,main_course,65.0,True,True,80,173
I001263,R0092,Butter Chicken,main_course,249.0,True,True,60,167
I001264,R0092,Paneer Tikka,starter,174.0,True,True,56,748
I001265,R0092,Egg Curry,main_course,228.0,True,True,31,805
I001266,R0092,Rasgulla,dessert,81.0,True,True,39,310
I001267,R0092,Green Salad,side_dish,119.0,True,False,44,541
I001268,R0093,Buttermilk,beverage,176.0,False,True,40,440
I001269,R0093,Chicken Pizza,main_course,386.0,True,True,26,137
I001270,R0093,Kulfi,dessert,380.0,True,True,5,153
I001271,R0093,Mini Burgers,snack,231.0,True,True,74,284
I001272,R0093,Laccha Paratha,side_dish,156.0,False,True,81,483
I001273,R0093,Coleslaw,side_dish,344.0,True,True,3,149
I001274,R0093,Mango Shake,beverage,273.0,True,True,16,779
I001275,R0093,Buttermilk,beverage,250.0,True,True,38,491
I001276,R0093,Fish Tikka,starter,514.0,False,True,44,813
I001277,R0093,Chicken Biryani,main_course,381.0,False,True,88,105
I001278,R0093,Masala Dosa,main_course,552.0,True,True,43,644
I001279,R0093,Onion Rings,starter,396.0,True,True,26,512
I001280,R0093,Sev Puri,snack,553.0,True,True,4,483
I001281,R0093,Veg Wrap,snack,352.0,True,False,77,779
I001282,R0093,Rajma Chawal,main_course,397.0,True,True,39,275
I001283,R0093,Sweet Lassi,beverage,468.0,True,True,89,889
I001284,R0093,Kheer,dessert,358.0,False,True,30,829
I001285,R0093,Samosa (2 pcs),starter,347.0,True,True,77,320
I001286,R0094,Gajar Ka Halwa,dessert,260.0,True,True,91,194
I001287,R0094,Fruit Custard,dessert,146.0,True,True,7,223
I001288,R0094,Cheesecake Slice,dessert,205.0,True,True,92,147
I001289,R0094,Ice Cream (Vanilla),dessert,183.0,True,True,4,350
I001290,R0094,Halwa,dessert,217.0,True,True,31,770
I001291,R0094,Sev Puri,snack,116.0,True,True,49,258
I001292,R0094,Bhel Puri,snack,364.0,True,True,44,224
I001293,R0094,Gulab Jamun,dessert,102.0,True,True,92,204
I001294,R0094,Veg Wrap,snack,168.0,True,True,53,267
I001295,R0094,French Fries,snack,208.0,True,True,87,249
I001296,R0094,Garlic Naan,side_dish,174.0,True,True,28,216
I001297,R0094,Kulfi,dessert,178.0,True,True,14,725
I001298,R0094,Mango Lassi,beverage,193.0,True,True,13,723
I001299,R0094,Pav Bhaji,starter,211.0,True,True,26,432
I001300,R0094,Samosa (2 pcs),starter,278.0,True,True,30,259
I001301,R0094,Cheesecake Slice,dessert,123.0,True,True,76,296
I001302,R0094,Raita,side_dish,148.0,True,True,83,509
I001303,R0095,Chicken Wings,starter,35.0,False,False,23,636
I001304,R0095,Veg Spring Rolls,starter,89.0,True,True,74,131
I001305,R0095,Popcorn Chicken,snack,122.0,True,True,37,815
I001306,R0095,Chole Bhature,main_course,35.0,False,True,54,870
I001307,R0095,Rose Sharbat,beverage,119.0,False,True,60,584
I001308,R0095,Masala Chai,beverage,100.0,False,True,61,351
I001309,R0095,Chicken Nuggets,starter,122.0,True,True,12,766
I001310,R0095,Rasgulla,dessert,109.0,True,True,21,234
I001311,R0095,Fruit Custard,dessert,51.0,True,True,73,417
I001312,R0095,Corn on the Cob,snack,83.0,True,True,86,615
I001313,R0095,Egg Curry,main_course,35.0,True,True,58,284
I001314,R0095,Mutton Biryani,main_course,90.0,True,True,21,352
I001315,R0095,Green Salad,side_dish,38.0,False,True,87,739
I001316,R0095,Chicken Biryani,main_course,40.0,True,True,24,269
I001317,R0095,Pita Bread,side_dish,57.0,True,True,93,534
I001318,R0095,Chocolate Mousse,dessert,72.0,True,True,14,144
I001319,R0095,Chicken Wings,starter,116.0,False,True,67,351
I001320,R0096,Butter Chicken,main_course,885.0,True,True,83,179
I001321,R0096,Watermelon Juice,beverage,642.0,True,False,54,682
I001322,R0096,Garlic Bread,side_dish,342.0,True,False,23,301
I001323,R0096,Sprite,beverage,605.0,True,True,35,894
I001324,R0096,French Fries,snack,609.0,True,True,50,619
I001325,R0096,Garlic Naan,side_dish,390.0,True,False,20,593
I001326,R0096,Nachos,snack,708.0,True,True,24,796
I001327,R0096,Raita,side_dish,290.0,True,True,16,346
I001328,R0096,Corn on the Cob,snack,648.0,True,True,64,319
I001329,R0096,Veg Biryani,main_course,676.0,True,True,29,562
I001330,R0096,Coca-Cola,beverage,850.0,True,True,83,595
I001331,R0097,Fruit Custard,dessert,467.0,True,True,33,275
I001332,R0097,Samosa (2 pcs),starter,465.0,True,True,30,396
I001333,R0097,Veg Biryani,main_course,255.0,True,True,39,635
I001334,R0097,Mineral Water,beverage,302.0,True,True,25,448
I001335,R0097,Coleslaw,side_dish,591.0,True,True,92,137
I001336,R0097,Butter Naan,side_dish,615.0,True,True,50,231
I001337,R0097,Halwa,dessert,485.0,True,True,78,831
I001338,R0097,Ice Cream (Chocolate),dessert,164.0,True,True,96,217
I001339,R0097,Onion Rings,starter,270.0,True,False,60,552
I001340,R0097,Aloo Tikki,starter,600.0,True,True,80,839
I001341,R0097,Butter Naan,side_dish,478.0,True,True,87,366
I001342,R0097,Chicken Pizza,main_course,416.0,True,True,43,677
I001343,R0097,Chicken Pizza,main_course,156.0,True,True,37,539
I001344,R0097,Rasgulla,dessert,576.0,True,False,46,767
I001345,R0097,Pasta Arrabiata,main_course,620.0,True,True,45,669
I001346,R0097,Papad,side_dish,619.0,True,True,97,197
I001347,R0097,Hakka Noodles,main_course,183.0,True,False,65,523
I001348,R0097,Chocolate Mousse,dessert,618.0,True,False,38,692
I001349,R0098,Corn on the Cob,snack,268.0,True,True,25,296
I001350,R0098,Fish Curry,main_course,118.0,True,True,54,234
I001351,R0098,Rose Sharbat,beverage,196.0,True,True,59,683
I001352,R0098,Laccha Paratha,side_dish,236.0,True,True,4,757
I001353,R0098,Green Salad,side_dish,103.0,True,True,52,722
I001354,R0098,Chicken Tikka,starter,145.0,True,True,22,446
I001355,R0098,Brownie,dessert,88.0,True,True,57,259
I001356,R0098,Margherita Pizza,main_course,272.0,True,True,6,364
I001357,R0098,Onion Rings,starter,124.0,True,False,16,239
I001358,R0099,Butter Naan,side_dish,350.0,False,True,17,488
I001359,R0099,Buttermilk,beverage,182.0,True,True,9,442
I001360,R0099,Nachos,snack,403.0,False,True,5,575
I001361,R0099,Pasta Arrabiata,main_course,277.0,True,True,38,145
I001362,R0099,Egg Curry,main_course,186.0,False,True,50,813
I001363,R0099,Popcorn Chicken,snack,193.0,False,True,20,587
I001364,R0099,Veg Wrap,snack,282.0,False,True,20,763
I001365,R0099,Garlic Bread (plain),snack,197.0,True,True,5,462
I001366,R0099,Mango Shake,beverage,228.0,False,True,70,442
I001367,R0099,Butter Chicken,main_course,292.0,True,True,82,689
I001368,R0099,Sprite,beverage,403.0,True,True,54,205
I001369,R0099,Paneer Butter Masala,main_course,169.0,True,True,29,501
I001370,R0099,Garlic Naan,side_dish,274.0,False,True,71,300
I001371,R0099,Mutton Biryani,main_course,389.0,False,True,44,620
I001372,R0099,Chicken Tikka,starter,213.0,True,True,22,606
I001373,R0099,Cheesecake Slice,dessert,102.0,True,True,93,579
I001374,R0100,Onion Rings,starter,254.0,False,True,82,312
I001375,R0100,Coca-Cola,beverage,239.0,True,True,2,342
I001376,R0100,Veg Spring Rolls,starter,231.0,True,True,96,624
I001377,R0100,Raita,side_dish,115.0,True,True,94,761
I001378,R0100,Chicken Sandwich,snack,215.0,True,True,80,861
I001379,R0100,Chole Bhature,main_course,106.0,False,True,73,427
I001380,R0100,Brownie,dessert,100.0,True,True,52,274
I001381,R0100,Ice Cream (Chocolate),dessert,152.0,False,True,44,134
I001382,R0101,Fruit Custard,dessert,263.0,True,True,60,204
I001383,R0101,Cold Coffee,beverage,540.0,True,True,11,662
I001384,R0101,French Fries,snack,466.0,False,True,93,226
I001385,R0101,Jeera Rice,side_dish,486.0,False,True,55,236
I001386,R0101,Chocolate Mousse,dessert,268.0,True,True,1,162
I001387,R0101,Masala Dosa,main_course,157.0,True,True,19,699
I001388,R0101,Veg Seekh Kebab,starter,231.0,False,True,30,606
I001389,R0101,Mini Burgers,snack,484.0,True,True,75,290
I001390,R0101,Cheesecake Slice,dessert,321.0,False,True,40,595
I001391,R0101,Masala Chai,beverage,208.0,True,True,67,520
I001392,R0101,Pasta Arrabiata,main_course,432.0,False,True,14,732
I001393,R0101,French Fries,snack,167.0,True,True,38,606
I001394,R0101,Onion Rings,starter,473.0,True,True,73,370
I001395,R0101,Garlic Naan,side_dish,367.0,True,True,7,142
I001396,R0102,Corn on the Cob,snack,86.0,True,True,3,484
I001397,R0102,Sev Puri,snack,160.0,True,True,80,273
I001398,R0102,Buttermilk,beverage,51.0,True,False,68,390
I001399,R0102,Veg Biryani,main_course,171.0,True,True,13,865
I001400,R0102,Brownie,dessert,49.0,True,True,22,639
I001401,R0102,Onion Rings,starter,66.0,True,True,29,392
I001402,R0102,Veg Biryani,main_course,95.0,True,True,84,741
I001403,R0102,Popcorn Chicken,snack,80.0,True,True,94,461
I001404,R0102,Gajar Ka Halwa,dessert,129.0,True,True,93,714
I001405,R0102,Margherita Pizza,main_course,184.0,True,True,93,671
I001406,R0102,Laccha Paratha,side_dish,185.0,True,True,80,745
I001407,R0102,Chicken Sandwich,snack,51.0,True,True,96,141
I001408,R0102,Fruit Custard,dessert,96.0,True,True,92,178
I001409,R0102,Fruit Custard,dessert,89.0,True,True,34,707
I001410,R0102,Pav Bhaji,starter,92.0,True,True,89,374
I001411,R0102,Samosa (2 pcs),starter,121.0,True,True,94,693
I001412,R0102,Rajma Chawal,main_course,126.0,True,True,32,672
I001413,R0102,Garlic Bread (plain),snack,43.0,True,False,40,476
I001414,R0102,Mini Burgers,snack,48.0,True,True,83,846
I001415,R0103,Chicken Sandwich,snack,178.0,True,True,17,425
I001416,R0103,Garlic Bread (plain),snack,88.0,True,True,32,615
I001417,R0103,Paneer Tikka,starter,138.0,True,True,97,497
I001418,R0103,Rasgulla,dessert,102.0,False,True,99,659
I001419,R0103,Garlic Bread (plain),snack,132.0,True,True,31,781
I001420,R0103,Mutton Biryani,main_course,107.0,False,True,91,549
I001421,R0103,Chicken Tikka,starter,184.0,True,True,77,729
I001422,R0103,Popcorn Chicken,snack,110.0,True,True,74,797
I001423,R0103,Rose Sharbat,beverage,117.0,True,True,79,640
I001424,R0103,Fresh Lime Soda,beverage,126.0,False,True,19,211
I001425,R0103,Popcorn Chicken,snack,183.0,True,True,68,192
I001426,R0103,Pita Bread,side_dish,75.0,True,True,34,831
I001427,R0103,Pita Bread,side_dish,62.0,True,True,84,292
I001428,R0103,Butter Naan,side_dish,112.0,True,True,53,815
I001429,R0103,Popcorn Chicken,snack,96.0,True,True,25,751
I001430,R0103,Veg Sandwich,snack,78.0,True,True,60,720
I001431,R0103,Veg Sandwich,snack,194.0,True,True,41,473
I001432,R0104,Fresh Lime Soda,beverage,30.0,True,True,46,561
I001433,R0104,Papad,side_dish,54.0,True,True,65,628
I001434,R0104,Masala Chai,beverage,62.0,True,True,38,447
I001435,R0104,Steamed Rice,side_dish,49.0,True,True,8,385
I001436,R0104,Chocolate Mousse,dessert,30.0,True,True,57,206
I001437,R0104,Brownie,dessert,78.0,True,True,75,104
I001438,R0104,Masala Chai,beverage,33.0,True,True,35,752
I001439,R0104,Salan,side_dish,79.0,True,True,4,739
I001440,R0104,Garlic Bread (plain),snack,47.0,True,True,31,639
I001441,R0104,Green Salad,side_dish,47.0,False,True,6,640
I001442,R0104,Egg Curry,main_course,46.0,True,True,10,467
I001443,R0104,Chicken Nuggets,starter,34.0,False,True,39,218
I001444,R0104,Hakka Noodles,main_course,76.0,True,True,61,842
I001445,R0104,Mineral Water,beverage,52.0,True,True,33,863
I001446,R0104,Chicken Pizza,main_course,62.0,True,True,63,318
I001447,R0105,Coleslaw,side_dish,71.0,False,True,66,435
I001448,R0105,Buttermilk,beverage,61.0,True,True,22,337
I001449,R0105,Chocolate Mousse,dessert,43.0,False,True,34,783
I001450,R0105,Mango Shake,beverage,103.0,False,True,59,345
I001451,R0105,Mango Lassi,beverage,77.0,False,True,51,315
I001452,R0105,Coleslaw,side_dish,91.0,False,True,87,481
I001453,R0105,Masala Fries,snack,124.0,True,True,91,143
I001454,R0105,Halwa,dessert,99.0,True,True,79,566
I001455,R0106,Raita,side_dish,76.0,False,True,12,101
I001456,R0106,Veg Sandwich,snack,52.0,True,True,64,506
I001457,R0106,Chicken Sandwich,snack,66.0,True,True,76,657
I001458,R0106,Crispy Corn,starter,93.0,True,True,2,640
I001459,R0106,Ice Cream (Chocolate),dessert,42.0,True,True,64,452
I001460,R0106,Chicken Sandwich,snack,89.0,True,True,76,856
I001461,R0106,Fried Rice,main_course,53.0,False,True,7,785
I001462,R0106,Green Salad,side_dish,54.0,True,True,72,799
I001463,R0106,Cold Coffee,beverage,63.0,True,True,36,382
I001464,R0107,Green Salad,side_dish,310.0,True,True,76,725
I001465,R0107,Rasgulla,dessert,405.0,False,True,45,386
I001466,R0107,Pasta Arrabiata,main_course,283.0,True,True,15,834
I001467,R0107,Ice Cream (Vanilla),dessert,348.0,True,True,34,106
I001468,R0107,Mutton Biryani,main_course,323.0,False,True,65,396
I001469,R0107,Mango Shake,beverage,317.0,True,True,11,456
I001470,R0107,Steamed Rice,side_dish,410.0,True,True,20,511
I001471,R0107,Sweet Lassi,beverage,246.0,False,True,73,510
I001472,R0107,Dal Makhani,main_course,184.0,True,True,95,402
I001473,R0107,Sweet Lassi,beverage,184.0,True,False,91,157
I001474,R0107,Veg Wrap,snack,278.0,True,True,99,466
I001475,R0107,Mineral Water,beverage,532.0,True,True,27,282
I001476,R0107,Masala Dosa,main_course,339.0,False,True,54,888
I001477,R0107,Salan,side_dish,459.0,True,True,24,717
I001478,R0107,Coleslaw,side_dish,378.0,True,True,85,828
I001479,R0107,Chicken Nuggets,starter,268.0,True,True,3,159
I001480,R0107,Ice Cream (Chocolate),dessert,149.0,False,True,46,737
I001481,R0107,Mango Shake,beverage,434.0,True,True,16,790
I001482,R0107,Pav Bhaji,starter,220.0,True,True,69,372
I001483,R0108,Fruit Custard,dessert,130.0,True,True,33,858
I001484,R0108,Paneer Butter Masala,main_course,210.0,True,True,35,245
I001485,R0108,Ice Cream (Chocolate),dessert,148.0,True,True,88,862
I001486,R0108,Fried Rice,main_course,92.0,True,True,76,884
I001487,R0108,Chicken Wings,starter,96.0,False,False,44,553
I001488,R0108,Steamed Rice,side_dish,296.0,True,False,38,881
I001489,R0108,Sev Puri,snack,270.0,True,True,54,496
I001490,R0108,Chicken Sandwich,snack,164.0,True,True,3,770
I001491,R0108,Mutton Biryani,main_course,302.0,True,True,78,563
I001492,R0108,Chicken Biryani,main_course,252.0,False,True,16,184
I001493,R0109,French Fries,snack,228.0,True,True,81,470
I001494,R0109,Veg Sandwich,snack,434.0,True,True,59,735
I001495,R0109,Pasta Arrabiata,main_course,453.0,False,True,53,499
I001496,R0109,Rose Sharbat,beverage,176.0,True,True,77,449
I001497,R0109,Margherita Pizza,main_course,223.0,False,True,35,397
I001498,R0109,Raita,side_dish,269.0,False,True,14,666
I001499,R0109,Laccha Paratha,side_dish,238.0,True,True,53,829
I001500,R0109,Cold Coffee,beverage,418.0,True,True,94,800
I001501,R0109,Gulab Jamun,dessert,398.0,False,True,97,426
I001502,R0109,Garlic Bread,side_dish,282.0,True,True,77,256
I001503,R0109,Veg Seekh Kebab,starter,452.0,True,True,99,831
I001504,R0109,Gulab Jamun,dessert,251.0,True,True,66,474
I001505,R0109,Laccha Paratha,side_dish,419.0,True,True,22,557
I001506,R0109,Raita,side_dish,267.0,True,True,36,462
I001507,R0109,Chocolate Mousse,dessert,551.0,True,True,74,813
I001508,R0110,Fruit Custard,dessert,196.0,True,True,98,487
I001509,R0110,Kulfi,dessert,187.0,True,True,36,457
I001510,R0110,Veg Seekh Kebab,starter,60.0,True,True,64,837
I001511,R0110,Paneer Butter Masala,main_course,146.0,True,True,25,872
I001512,R0110,Dal Makhani,main_course,96.0,True,True,57,273
I001513,R0110,Chicken Sandwich,snack,137.0,True,True,25,685
I001514,R0110,Hakka Noodles,main_course,70.0,True,True,76,783
I001515,R0110,Veg Seekh Kebab,starter,101.0,True,True,93,400
I001516,R0110,Ice Cream (Chocolate),dessert,209.0,True,True,26,486
I001517,R0110,Sweet Lassi,beverage,185.0,True,True,53,574
I001518,R0110,Ice Cream (Chocolate),dessert,212.0,True,True,60,489
I001519,R0110,Gajar Ka Halwa,dessert,140.0,True,True,73,128
I001520,R0110,Masala Fries,snack,168.0,True,True,31,697
I001521,R0111,Veg Spring Rolls,starter,93.0,False,True,59,849
I001522,R0111,Egg Curry,main_course,88.0,True,True,55,345
I001523,R0111,Mango Shake,beverage,68.0,True,True,95,236
I001524,R0111,Chicken Nuggets,starter,65.0,True,True,60,117
I001525,R0111,Kulfi,dessert,135.0,True,True,77,471
I001526,R0111,Fruit Custard,dessert,49.0,True,True,69,430
I001527,R0111,Fresh Lime Soda,beverage,34.0,True,True,71,424
I001528,R0111,Ice Cream (Chocolate),dessert,121.0,True,True,35,168
I001529,R0111,Hakka Noodles,main_course,50.0,True,True,36,696
I001530,R0111,Fresh Lime Soda,beverage,133.0,True,True,91,151
I001531,R0111,Gajar Ka Halwa,dessert,86.0,True,True,88,747
I001532,R0112,Halwa,dessert,266.0,True,True,96,216
I001533,R0112,Chocolate Mousse,dessert,163.0,True,True,12,393
I001534,R0112,Masala Fries,snack,85.0,False,True,76,368
I001535,R0112,Fruit Custard,dessert,231.0,True,True,71,682
I001536,R0112,Butter Naan,side_dish,184.0,False,True,86,147
I001537,R0112,Rose Sharbat,beverage,88.0,False,True,47,444
I001538,R0112,Papad,side_dish,181.0,True,True,42,432
I001539,R0112,Sprite,beverage,138.0,True,True,79,308
I001540,R0112,French Fries,snack,233.0,True,True,31,856
I001541,R0112,Veg Seekh Kebab,starter,85.0,False,True,20,837
I001542,R0112,Veg Seekh Kebab,starter,178.0,False,True,27,517
I001543,R0112,Pav Bhaji,starter,306.0,False,True,81,562
I001544,R0112,Margherita Pizza,main_course,117.0,False,True,65,839
I001545,R0113,Butter Chicken,main_course,260.0,True,True,90,372
I001546,R0113,Samosa (2 pcs),starter,481.0,True,True,93,620
I001547,R0113,Paneer Tikka,starter,441.0,True,True,22,171
I001548,R0113,Coca-Cola,beverage,386.0,True,True,72,271
I001549,R0113,Veg Seekh Kebab,starter,405.0,True,False,98,351
I001550,R0113,Chocolate Mousse,dessert,297.0,True,True,13,539
I001551,R0113,Crispy Corn,starter,134.0,True,True,77,407
I001552,R0113,Egg Curry,main_course,253.0,True,True,58,267
I001553,R0113,Mango Lassi,beverage,334.0,True,True,16,741
I001554,R0113,Garlic Bread,side_dish,123.0,True,True,10,420
I001555,R0114,Butter Chicken,main_course,888.0,False,True,80,769
I001556,R0114,Margherita Pizza,main_course,1265.0,True,True,23,205
I001557,R0114,Pita Bread,side_dish,928.0,True,True,33,307
I001558,R0114,Mini Burgers,snack,446.0,True,True,27,493
I001559,R0114,Corn on the Cob,snack,1219.0,True,True,14,176
I001560,R0114,Jeera Rice,side_dish,714.0,False,True,49,554
I001561,R0114,Sweet Lassi,beverage,412.0,True,True,14,740
I001562,R0114,Garlic Bread (plain),snack,1023.0,True,True,96,127
I001563,R0114,Pasta Arrabiata,main_course,882.0,True,True,20,772
I001564,R0114,Gulab Jamun,dessert,758.0,True,True,74,168
I001565,R0114,Ice Cream (Vanilla),dessert,377.0,True,False,7,417
I001566,R0114,Sprite,beverage,789.0,True,True,87,734
I001567,R0114,Chocolate Mousse,dessert,1208.0,False,False,58,738
I001568,R0115,Brownie,dessert,205.0,True,False,46,420
I001569,R0115,Masala Dosa,main_course,127.0,False,True,29,127
I001570,R0115,Halwa,dessert,104.0,False,True,11,579
I001571,R0115,Chicken Wings,starter,55.0,False,True,27,479
I001572,R0115,Margherita Pizza,main_course,60.0,False,True,98,350
I001573,R0115,Buttermilk,beverage,147.0,True,True,23,800
I001574,R0115,Chicken Wings,starter,168.0,True,False,59,309
I001575,R0115,Garlic Bread (plain),snack,70.0,True,True,56,763
I001576,R0115,Sweet Lassi,beverage,73.0,True,True,48,620
I001577,R0115,Veg Seekh Kebab,starter,175.0,False,False,83,872
I001578,R0115,Paneer Butter Masala,main_course,180.0,True,True,93,234
I001579,R0116,Mango Shake,beverage,138.0,True,True,12,586
I001580,R0116,Nachos,snack,260.0,True,True,85,719
I001581,R0116,Salan,side_dish,161.0,True,True,15,439
I001582,R0116,Butter Chicken,main_course,193.0,True,True,5,492
I001583,R0116,Garlic Naan,side_dish,107.0,True,True,20,704
I001584,R0116,Gulab Jamun,dessert,155.0,True,True,75,436
I001585,R0116,Onion Rings,starter,314.0,False,False,79,328
I001586,R0116,Popcorn Chicken,snack,117.0,True,True,82,383
I001587,R0116,Sweet Lassi,beverage,140.0,True,True,30,343
I001588,R0116,Ice Cream (Vanilla),dessert,231.0,False,True,36,166
I001589,R0116,Mineral Water,beverage,198.0,True,True,83,523
I001590,R0116,Paneer Butter Masala,main_course,170.0,False,True,81,310
I001591,R0116,Masala Fries,snack,217.0,False,True,54,465
I001592,R0116,Buttermilk,beverage,329.0,True,True,75,217
I001593,R0116,Mini Burgers,snack,317.0,True,True,11,722
I001594,R0116,Mango Shake,beverage,105.0,True,True,93,735
I001595,R0116,Fried Rice,main_course,163.0,False,True,31,494
I001596,R0116,Mango Lassi,beverage,333.0,False,True,2,672
I001597,R0116,Pita Bread,side_dish,134.0,True,True,58,320
I001598,R0117,Sweet Lassi,beverage,83.0,True,True,76,707
I001599,R0117,Brownie,dessert,117.0,True,True,20,706
I001600,R0117,Pav Bhaji,starter,155.0,False,True,1,802
I001601,R0117,Veg Seekh Kebab,starter,47.0,False,True,51,731
I001602,R0117,Pav Bhaji,starter,98.0,True,True,42,623
I001603,R0117,Ice Cream (Vanilla),dessert,136.0,True,True,27,107
I001604,R0117,Fresh Lime Soda,beverage,100.0,True,True,7,337
I001605,R0117,Cold Coffee,beverage,135.0,False,True,69,215
I001606,R0117,Chicken Nuggets,starter,181.0,True,True,50,379
I001607,R0117,Fried Rice,main_course,166.0,False,True,8,598
I001608,R0117,Chicken Pizza,main_course,65.0,False,True,61,188
I001609,R0117,Garlic Bread (plain),snack,121.0,True,True,44,438
I001610,R0117,Rasgulla,dessert,198.0,True,True,76,306
I001611,R0118,Crispy Corn,starter,272.0,True,True,40,122
I001612,R0118,Popcorn Chicken,snack,195.0,True,True,74,254
I001613,R0118,Ice Cream (Vanilla),dessert,257.0,True,True,72,316
I001614,R0118,Fried Rice,main_course,166.0,True,True,40,311
I001615,R0118,Hakka Noodles,main_course,128.0,True,True,84,291
I001616,R0118,Veg Sandwich,snack,277.0,True,True,61,271
I001617,R0118,Dal Makhani,main_course,367.0,True,True,17,355
I001618,R0118,Green Salad,side_dish,330.0,True,True,32,428
I001619,R0118,Veg Biryani,main_course,282.0,True,True,11,696
I001620,R0118,Salan,side_dish,257.0,True,True,52,672
I001621,R0118,Mango Shake,beverage,115.0,True,True,72,392
I001622,R0118,Sev Puri,snack,252.0,True,True,1,236
I001623,R0118,Rasgulla,dessert,109.0,True,True,79,763
I001624,R0118,Mineral Water,beverage,215.0,True,True,29,529
I001625,R0119,Veg Seekh Kebab,starter,657.0,False,True,98,407
I001626,R0119,Ice Cream (Vanilla),dessert,1067.0,True,True,23,719
I001627,R0119,Mineral Water,beverage,1356.0,True,True,29,719
I001628,R0119,Green Salad,side_dish,667.0,True,True,7,315
I001629,R0119,French Fries,snack,827.0,True,True,43,406
I001630,R0119,Dal Makhani,main_course,792.0,True,True,63,213
I001631,R0119,Sev Puri,snack,577.0,True,True,37,257
I001632,R0119,Veg Spring Rolls,starter,380.0,True,True,85,216
I001633,R0119,Jeera Rice,side_dish,584.0,True,True,60,876
I001634,R0119,Crispy Corn,starter,1364.0,False,True,81,737
I001635,R0119,Sev Puri,snack,425.0,True,True,94,227
I001636,R0120,Garlic Bread (plain),snack,978.0,True,True,60,774
I001637,R0120,Crispy Corn,starter,391.0,True,True,45,296
I001638,R0120,Papad,side_dish,807.0,True,False,98,891
I001639,R0120,Rasgulla,dessert,759.0,True,True,13,843
I001640,R0120,Ice Cream (Vanilla),dessert,593.0,True,True,95,306
I001641,R0120,Butter Naan,side_dish,1124.0,True,True,71,578
I001642,R0120,Mango Shake,beverage,794.0,True,True,90,463
I001643,R0120,Rajma Chawal,main_course,683.0,True,True,63,172
I001644,R0120,Ice Cream (Chocolate),dessert,1217.0,True,True,5,687
I001645,R0120,Hakka Noodles,main_course,642.0,True,True,49,671
I001646,R0120,Pav Bhaji,starter,499.0,True,True,91,181
I001647,R0120,Steamed Rice,side_dish,462.0,True,True,94,509
I001648,R0120,Brownie,dessert,299.0,True,True,41,716
I001649,R0120,Samosa (2 pcs),starter,793.0,True,True,47,107
I001650,R0120,Onion Rings,starter,844.0,True,True,95,254
I001651,R0121,Sprite,beverage,639.0,True,True,47,118
I001652,R0121,Sweet Lassi,beverage,1029.0,True,True,26,330
I001653,R0121,Rose Sharbat,beverage,814.0,True,True,44,464
I001654,R0121,Masala Fries,snack,1005.0,False,True,6,364
I001655,R0121,Chole Bhature,main_course,742.0,True,True,52,666
I001656,R0121,Ice Cream (Vanilla),dessert,471.0,True,True,43,345
I001657,R0121,Crispy Corn,starter,583.0,False,True,32,497
I001658,R0121,Paneer Butter Masala,main_course,608.0,True,True,78,574
I001659,R0121,Salan,side_dish,783.0,False,True,32,843
I001660,R0121,Paneer Tikka,starter,838.0,False,False,88,494
I001661,R0122,Coca-Cola,beverage,171.0,True,False,27,548
I001662,R0122,Chicken Sandwich,snack,56.0,True,False,9,288
I001663,R0122,Popcorn Chicken,snack,66.0,True,False,91,323
I001664,R0122,Chocolate Mousse,dessert,171.0,True,True,5,329
I001665,R0122,Fried Rice,main_course,122.0,True,True,56,824
I001666,R0122,Rajma Chawal,main_course,173.0,True,True,68,604
I001667,R0122,Masala Dosa,main_course,70.0,True,True,8,227
I001668,R0122,Rasgulla,dessert,80.0,True,True,94,623
I001669,R0122,Pita Bread,side_dish,90.0,True,True,2,100
I001670,R0122,Gulab Jamun,dessert,85.0,True,True,99,517
I001671,R0122,Aloo Tikki,starter,140.0,True,False,50,376
I001672,R0122,Buttermilk,beverage,53.0,True,True,81,297
I001673,R0123,Steamed Rice,side_dish,265.0,True,True,52,465
I001674,R0123,Chole Bhature,main_course,278.0,True,True,53,259
I001675,R0123,Onion Rings,starter,447.0,True,True,38,714
I001676,R0123,Jeera Rice,side_dish,259.0,True,True,40,332
I001677,R0123,Fruit Custard,dessert,237.0,True,True,30,535
I001678,R0123,Chole Bhature,main_course,480.0,False,True,45,871
I001679,R0123,Sprite,beverage,366.0,True,True,2,657
I001680,R0123,Sprite,beverage,482.0,False,True,17,798
I001681,R0123,Papad,side_dish,361.0,True,True,70,838
I001682,R0123,Nachos,snack,381.0,True,True,23,746
I001683,R0123,Veg Sandwich,snack,290.0,False,True,23,194
I001684,R0123,Onion Rings,starter,146.0,True,False,97,876
I001685,R0124,Chicken Nuggets,starter,327.0,False,True,78,896
I001686,R0124,Rajma Chawal,main_course,351.0,False,True,69,795
I001687,R0124,Kulfi,dessert,128.0,False,True,20,718
I001688,R0124,Garlic Bread (plain),snack,106.0,True,True,98,843
I001689,R0124,Green Salad,side_dish,319.0,False,True,9,878
I001690,R0124,Coleslaw,side_dish,168.0,True,True,19,115
I001691,R0124,Fish Tikka,starter,198.0,True,True,78,129
I001692,R0124,Nachos,snack,127.0,True,True,47,129
I001693,R0124,Fish Curry,main_course,110.0,True,True,42,873
I001694,R0124,Chole Bhature,main_course,226.0,False,True,28,358
I001695,R0124,Ice Cream (Vanilla),dessert,118.0,False,True,52,213
I001696,R0124,Chicken Pizza,main_course,338.0,False,True,23,206
I001697,R0124,Garlic Bread (plain),snack,291.0,False,True,2,850
I001698,R0124,Ice Cream (Chocolate),dessert,306.0,True,True,67,703
I001699,R0124,Popcorn Chicken,snack,140.0,True,True,8,347
I001700,R0124,Butter Chicken,main_course,188.0,False,True,37,823
I001701,R0124,Egg Curry,main_course,112.0,False,True,86,818
I001702,R0124,Mango Shake,beverage,147.0,True,True,73,251
I001703,R0124,Veg Sandwich,snack,305.0,True,True,32,311
I001704,R0124,Veg Wrap,snack,332.0,True,True,10,473
I001705,R0125,Rasgulla,dessert,169.0,False,True,56,344
I001706,R0125,Butter Naan,side_dish,126.0,True,True,1,554
I001707,R0125,Halwa,dessert,101.0,True,True,87,500
I001708,R0125,Garlic Bread,side_dish,219.0,True,True,84,183
I001709,R0125,Veg Wrap,snack,256.0,True,True,44,798
I001710,R0125,Chocolate Mousse,dessert,242.0,True,True,75,528
I001711,R0125,Watermelon Juice,beverage,166.0,True,True,38,812
I001712,R0125,Dal Makhani,main_course,155.0,True,True,15,704
I001713,R0125,Garlic Bread,side_dish,182.0,True,True,33,473
I001714,R0125,Watermelon Juice,beverage,154.0,True,True,49,892
I001715,R0125,Fried Rice,main_course,171.0,True,True,18,889
I001716,R0125,Rose Sharbat,beverage,105.0,True,True,16,268
I001717,R0125,French Fries,snack,94.0,True,True,13,135
I001718,R0125,Corn on the Cob,snack,74.0,True,True,52,105
I001719,R0125,Buttermilk,beverage,248.0,True,False,32,657
I001720,R0125,Raita,side_dish,235.0,True,True,34,248
I001721,R0125,Egg Curry,main_course,81.0,False,True,7,281
I001722,R0125,Sev Puri,snack,195.0,True,True,44,273
I001723,R0126,Cheesecake Slice,dessert,88.0,True,True,82,872
I001724,R0126,Green Salad,side_dish,136.0,True,True,77,454
I001725,R0126,Sweet Lassi,beverage,111.0,True,True,19,178
I001726,R0126,Laccha Paratha,side_dish,132.0,True,True,13,890
I001727,R0126,Nachos,snack,87.0,True,True,11,508
I001728,R0126,Sweet Lassi,beverage,68.0,True,True,73,780
I001729,R0126,Chicken Wings,starter,122.0,True,True,88,363
I001730,R0126,Pasta Arrabiata,main_course,120.0,True,True,81,263
I001731,R0126,Garlic Bread (plain),snack,129.0,True,True,46,341
I001732,R0126,Rose Sharbat,beverage,44.0,True,True,81,401
I001733,R0126,Fresh Lime Soda,beverage,121.0,True,True,20,358
I001734,R0126,Cheesecake Slice,dessert,131.0,True,True,84,134
I001735,R0126,Pasta Arrabiata,main_course,101.0,True,True,72,348
I001736,R0126,Raita,side_dish,143.0,True,True,85,460
I001737,R0126,Chicken Nuggets,starter,126.0,True,True,71,197
I001738,R0126,Chicken Biryani,main_course,85.0,True,True,94,433
I001739,R0126,Popcorn Chicken,snack,48.0,True,True,39,447
I001740,R0126,Cold Coffee,beverage,169.0,True,True,96,218
I001741,R0126,Kulfi,dessert,157.0,True,True,53,728
I001742,R0127,Sprite,beverage,309.0,True,False,9,390
I001743,R0127,Ice Cream (Chocolate),dessert,1026.0,True,False,65,183
I001744,R0127,Butter Naan,side_dish,478.0,True,True,38,870
I001745,R0127,Onion Rings,starter,1245.0,True,True,81,518
I001746,R0127,Mineral Water,beverage,952.0,True,True,45,421
I001747,R0127,Chicken Nuggets,starter,351.0,True,True,44,604
I001748,R0127,Onion Rings,starter,647.0,True,True,25,663
I001749,R0127,Kheer,dessert,640.0,True,True,52,139
I001750,R0127,Margherita Pizza,main_course,910.0,True,True,73,808
I001751,R0127,Popcorn Chicken,snack,836.0,True,True,88,876
I001752,R0127,Veg Wrap,snack,1149.0,True,True,82,157
I001753,R0127,Ice Cream (Vanilla),dessert,769.0,True,True,48,737
I001754,R0127,Mango Lassi,beverage,644.0,True,True,5,297
I001755,R0127,Mini Burgers,snack,963.0,True,True,71,849
I001756,R0128,Chicken Wings,starter,286.0,False,True,94,205
I001757,R0128,Cold Coffee,beverage,322.0,True,True,25,677
I001758,R0128,Rajma Chawal,main_course,1063.0,True,True,50,214
I001759,R0128,Raita,side_dish,1075.0,True,True,17,848
I001760,R0128,Garlic Naan,side_dish,707.0,False,True,43,841
I001761,R0128,Green Salad,side_dish,396.0,True,True,30,530
I001762,R0128,Bhel Puri,snack,457.0,True,False,61,643
I001763,R0128,Mini Burgers,snack,1041.0,False,True,20,338
I001764,R0128,Veg Seekh Kebab,starter,357.0,True,True,23,741
I001765,R0128,Buttermilk,beverage,841.0,True,True,83,728
I001766,R0128,Garlic Bread,side_dish,363.0,True,True,82,625
I001767,R0129,Veg Sandwich,snack,30.0,False,True,71,277
I001768,R0129,Hakka Noodles,main_course,104.0,True,True,13,624
I001769,R0129,Chocolate Mousse,dessert,98.0,True,True,90,521
I001770,R0129,Steamed Rice,side_dish,77.0,True,True,68,666
I001771,R0129,Garlic Bread (plain),snack,43.0,True,True,16,597
I001772,R0129,Ice Cream (Vanilla),dessert,43.0,False,True,6,181
I001773,R0129,Gajar Ka Halwa,dessert,75.0,True,False,54,181
I001774,R0129,Chicken Tikka,starter,31.0,True,True,63,165
I001775,R0129,Onion Rings,starter,49.0,False,True,66,167
I001776,R0129,Mango Lassi,beverage,68.0,True,True,2,849
I001777,R0129,Veg Spring Rolls,starter,65.0,False,True,68,340
I001778,R0129,Gulab Jamun,dessert,82.0,False,True,41,436
I001779,R0129,Papad,side_dish,38.0,False,True,88,562
I001780,R0129,Sweet Lassi,beverage,45.0,True,True,69,868
I001781,R0129,Pav Bhaji,starter,64.0,True,True,46,286
I001782,R0129,Sweet Lassi,beverage,63.0,True,True,57,595
I001783,R0130,Sweet Lassi,beverage,204.0,True,True,89,640
I001784,R0130,Pita Bread,side_dish,144.0,True,True,72,277
I001785,R0130,Cold Coffee,beverage,86.0,True,True,47,267
I001786,R0130,Fish Tikka,starter,77.0,True,True,55,115
I001787,R0130,Mutton Biryani,main_course,115.0,False,True,41,405
I001788,R0130,Rasgulla,dessert,62.0,True,True,57,755
I001789,R0130,Mutton Biryani,main_course,82.0,True,True,34,823
I001790,R0130,Cheesecake Slice,dessert,239.0,False,True,53,660
I001791,R0130,Chicken Sandwich,snack,205.0,True,True,30,863
I001792,R0130,Crispy Corn,starter,199.0,False,True,41,409
I001793,R0130,Chocolate Mousse,dessert,228.0,True,True,14,760
I001794,R0130,Dal Makhani,main_course,184.0,True,True,95,607
I001795,R0130,Mini Burgers,snack,62.0,True,True,31,558
I001796,R0131,Salan,side_dish,104.0,True,True,94,822
I001797,R0131,Garlic Bread (plain),snack,104.0,False,True,90,347
I001798,R0131,Buttermilk,beverage,37.0,False,True,12,758
I001799,R0131,Sprite,beverage,49.0,False,True,58,443
I001800,R0131,Masala Chai,beverage,145.0,True,True,28,115
I001801,R0131,Rose Sharbat,beverage,143.0,True,True,25,257
I001802,R0131,Onion Rings,starter,104.0,False,False,11,120
I001803,R0131,Sweet Lassi,beverage,140.0,False,True,65,484
I001804,R0131,Crispy Corn,starter,90.0,False,True,91,551
I001805,R0131,Pasta Arrabiata,main_course,47.0,True,True,62,458
I001806,R0131,Salan,side_dish,140.0,True,True,17,190
I001807,R0131,French Fries,snack,147.0,True,True,5,789
I001808,R0131,Veg Spring Rolls,starter,113.0,False,True,45,264
I001809,R0131,Sweet Lassi,beverage,80.0,False,True,6,859
I001810,R0131,Aloo Tikki,starter,40.0,True,True,65,344
I001811,R0131,Pasta Arrabiata,main_course,128.0,False,True,30,540
I001812,R0131,Sev Puri,snack,42.0,True,True,96,318
I001813,R0131,Chicken Tikka,starter,145.0,False,True,66,349
I001814,R0131,Green Salad,side_dish,121.0,True,False,25,643
I001815,R0131,Kheer,dessert,66.0,True,True,75,735
I001816,R0132,Ice Cream (Chocolate),dessert,86.0,True,True,43,183
I001817,R0132,Dal Makhani,main_course,168.0,True,True,21,105
I001818,R0132,Chicken Pizza,main_course,337.0,True,True,52,552
I001819,R0132,Raita,side_dish,235.0,True,True,74,785
I001820,R0132,Chole Bhature,main_course,286.0,True,True,71,257
I001821,R0132,Chicken Nuggets,starter,121.0,True,False,38,133
I001822,R0132,Green Salad,side_dish,282.0,True,True,16,868
I001823,R0132,Chicken Biryani,main_course,96.0,True,True,87,341
I001824,R0132,Rose Sharbat,beverage,327.0,True,True,42,171
I001825,R0132,Buttermilk,beverage,261.0,True,True,43,365
I001826,R0132,Jeera Rice,side_dish,257.0,True,True,65,870
I001827,R0133,Coleslaw,side_dish,84.0,True,True,16,513
I001828,R0133,Chicken Tikka,starter,145.0,True,True,51,516
I001829,R0133,Chole Bhature,main_course,75.0,True,True,26,105
I001830,R0133,Mini Burgers,snack,93.0,True,True,6,433
I001831,R0133,Brownie,dessert,149.0,True,True,13,164
I001832,R0133,Garlic Naan,side_dish,106.0,True,True,77,880
I001833,R0133,Veg Wrap,snack,65.0,True,True,94,520
I001834,R0133,Papad,side_dish,65.0,True,True,4,288
I001835,R0133,Masala Fries,snack,90.0,True,True,17,544
I001836,R0133,Watermelon Juice,beverage,54.0,True,True,7,634
I001837,R0133,Chicken Nuggets,starter,79.0,True,True,81,515
I001838,R0133,Veg Seekh Kebab,starter,105.0,True,True,57,382
I001839,R0134,Steamed Rice,side_dish,471.0,True,True,14,739
I001840,R0134,French Fries,snack,909.0,True,True,89,207
I001841,R0134,Papad,side_dish,1081.0,True,True,92,811
I001842,R0134,Veg Spring Rolls,starter,622.0,True,True,48,495
I001843,R0134,Margherita Pizza,main_course,603.0,True,True,61,517
I001844,R0134,Fish Curry,main_course,826.0,True,False,45,467
I001845,R0134,Mini Burgers,snack,313.0,True,True,13,600
I001846,R0134,Pav Bhaji,starter,784.0,True,True,49,709
I001847,R0134,Laccha Paratha,side_dish,705.0,True,True,99,428
I001848,R0134,Mango Shake,beverage,260.0,True,True,39,541
I001849,R0134,Kulfi,dessert,1023.0,True,True,3,827
I001850,R0134,Butter Naan,side_dish,432.0,True,True,30,390
I001851,R0134,Masala Fries,snack,395.0,True,True,40,570
I001852,R0134,Mango Lassi,beverage,294.0,True,True,3,445
I001853,R0134,Veg Wrap,snack,254.0,True,True,21,300
I001854,R0134,Veg Biryani,main_course,339.0,True,True,44,401
I001855,R0134,Green Salad,side_dish,304.0,True,True,88,777
I001856,R0134,Garlic Bread,side_dish,920.0,True,True,64,527
I001857,R0135,Chicken Biryani,main_course,462.0,False,False,61,445
I001858,R0135,Masala Fries,snack,155.0,True,True,2,235
I001859,R0135,Halwa,dessert,213.0,True,True,14,419
I001860,R0135,Aloo Tikki,starter,113.0,False,True,99,613
I001861,R0135,Kulfi,dessert,441.0,True,True,87,424
I001862,R0135,Chicken Pizza,main_course,284.0,True,True,28,673
I001863,R0135,Rasgulla,dessert,116.0,True,True,86,732
I001864,R0135,Veg Sandwich,snack,282.0,True,True,74,656
I001865,R0135,Sprite,beverage,347.0,False,True,53,346
I001866,R0135,Hakka Noodles,main_course,169.0,True,True,55,585
I001867,R0135,Fruit Custard,dessert,251.0,True,True,9,826
I001868,R0135,Mini Burgers,snack,236.0,True,True,51,432
I001869,R0135,Chole Bhature,main_course,217.0,True,True,23,244
I001870,R0136,Samosa (2 pcs),starter,292.0,True,True,94,166
I001871,R0136,French Fries,snack,328.0,False,True,96,742
I001872,R0136,Halwa,dessert,237.0,False,True,76,243
I001873,R0136,Dal Makhani,main_course,122.0,True,True,41,278
I001874,R0136,French Fries,snack,292.0,False,False,75,369
I001875,R0136,Mango Lassi,beverage,196.0,True,True,5,622
I001876,R0136,Cold Coffee,beverage,130.0,True,True,47,572
I001877,R0136,Rasgulla,dessert,425.0,False,True,66,439
I001878,R0136,Steamed Rice,side_dish,193.0,False,True,68,142
I001879,R0136,Fried Rice,main_course,233.0,True,True,82,323
I001880,R0136,Rajma Chawal,main_course,208.0,False,True,7,185
I001881,R0136,Steamed Rice,side_dish,342.0,True,True,20,134
I001882,R0136,Mineral Water,beverage,154.0,False,True,95,505
I001883,R0136,Fruit Custard,dessert,417.0,False,True,42,128
I001884,R0136,Laccha Paratha,side_dish,351.0,True,True,54,241
I001885,R0136,Veg Sandwich,snack,294.0,True,True,16,104
I001886,R0136,Veg Biryani,main_course,379.0,False,True,59,390
I001887,R0136,Pasta Arrabiata,main_course,196.0,True,True,44,833
I001888,R0136,Nachos,snack,251.0,True,True,70,732
I001889,R0136,Halwa,dessert,324.0,True,True,51,709
I001890,R0137,Jeera Rice,side_dish,512.0,True,True,91,393
I001891,R0137,Nachos,snack,372.0,True,True,12,415
I001892,R0137,Gajar Ka Halwa,dessert,177.0,True,True,55,348
I001893,R0137,Chicken Pizza,main_course,277.0,False,True,62,601
I001894,R0137,Crispy Corn,starter,509.0,False,True,33,782
I001895,R0137,Garlic Bread,side_dish,290.0,True,False,97,259
I001896,R0137,Mini Burgers,snack,369.0,True,True,19,231
I001897,R0137,Brownie,dessert,346.0,False,True,76,110
I001898,R0137,Fresh Lime Soda,beverage,253.0,True,True,25,645
I001899,R0137,Raita,side_dish,351.0,True,True,12,636
I001900,R0137,Margherita Pizza,main_course,348.0,True,True,90,555
I001901,R0137,Veg Spring Rolls,starter,231.0,False,True,50,247
I001902,R0137,Veg Biryani,main_course,338.0,False,True,37,760
I001903,R0137,Chocolate Mousse,dessert,340.0,True,True,18,116
I001904,R0137,Egg Curry,main_course,154.0,False,True,45,519
I001905,R0138,Salan,side_dish,72.0,True,True,17,494
I001906,R0138,Paneer Butter Masala,main_course,76.0,False,True,74,307
I001907,R0138,Nachos,snack,158.0,False,True,72,740
I001908,R0138,Mutton Biryani,main_course,74.0,True,True,66,152
I001909,R0138,Laccha Paratha,side_dish,36.0,True,True,72,354
I001910,R0138,Chicken Tikka,starter,120.0,True,True,33,505
I001911,R0138,Crispy Corn,starter,139.0,False,True,6,823
I001912,R0138,Gajar Ka Halwa,dessert,72.0,True,True,77,229
I001913,R0138,Masala Fries,snack,117.0,True,True,68,307
I001914,R0138,Salan,side_dish,61.0,True,True,15,360
I001915,R0139,Veg Wrap,snack,314.0,True,True,29,599
I001916,R0139,Sprite,beverage,1081.0,True,True,46,203
I001917,R0139,Brownie,dessert,896.0,True,True,5,822
I001918,R0139,Fish Tikka,starter,1067.0,True,True,92,781
I001919,R0139,Paneer Tikka,starter,1146.0,True,True,99,382
I001920,R0139,Sweet Lassi,beverage,917.0,True,True,52,186
I001921,R0139,Crispy Corn,starter,425.0,True,True,82,163
I001922,R0139,Rose Sharbat,beverage,710.0,True,True,57,262
I001923,R0139,Crispy Corn,starter,896.0,True,True,30,500
I001924,R0139,Paneer Butter Masala,main_course,412.0,True,True,3,123
I001925,R0140,Sev Puri,snack,288.0,True,True,65,771
I001926,R0140,Fish Curry,main_course,220.0,True,True,66,501
I001927,R0140,Bhel Puri,snack,226.0,True,True,30,117
I001928,R0140,Laccha Paratha,side_dish,130.0,True,True,32,241
I001929,R0140,Jeera Rice,side_dish,310.0,True,True,22,631
I001930,R0140,Chicken Pizza,main_course,187.0,True,True,30,104
I001931,R0140,Fresh Lime Soda,beverage,321.0,True,True,20,182
I001932,R0140,Kulfi,dessert,253.0,True,True,10,256
I001933,R0140,Garlic Bread (plain),snack,116.0,True,True,25,435
I001934,R0140,Onion Rings,starter,130.0,True,True,63,470
I001935,R0140,Mutton Biryani,main_course,164.0,True,True,70,329
I001936,R0140,Rose Sharbat,beverage,258.0,True,True,62,324
I001937,R0140,Chicken Pizza,main_course,273.0,True,True,41,474
I001938,R0140,Dal Makhani,main_course,100.0,True,True,15,231
I001939,R0141,Butter Naan,side_dish,909.0,True,True,23,481
I001940,R0141,Ice Cream (Vanilla),dessert,644.0,True,True,76,397
I001941,R0141,Bhel Puri,snack,1109.0,True,True,10,171
I001942,R0141,Aloo Tikki,starter,527.0,True,True,48,546
I001943,R0141,Butter Naan,side_dish,497.0,False,True,40,431
I001944,R0141,Pita Bread,side_dish,1150.0,False,True,28,255
I001945,R0141,Veg Biryani,main_course,961.0,False,True,26,167
I001946,R0141,Pita Bread,side_dish,969.0,True,True,71,849
I001947,R0141,French Fries,snack,1074.0,False,True,30,399
I001948,R0142,Salan,side_dish,202.0,True,True,90,129
I001949,R0142,Butter Chicken,main_course,304.0,True,True,31,261
I001950,R0142,Sev Puri,snack,459.0,False,True,48,616
I001951,R0142,Watermelon Juice,beverage,427.0,False,True,83,704
I001952,R0142,Cheesecake Slice,dessert,127.0,True,True,89,116
I001953,R0142,Laccha Paratha,side_dish,427.0,True,True,1,723
I001954,R0142,Steamed Rice,side_dish,396.0,True,True,79,481
I001955,R0142,Mineral Water,beverage,493.0,True,True,82,255
I001956,R0142,Rose Sharbat,beverage,222.0,False,True,76,661
I001957,R0142,Butter Chicken,main_course,202.0,True,True,68,280
I001958,R0142,Green Salad,side_dish,324.0,True,True,75,642
I001959,R0142,Fish Curry,main_course,175.0,True,True,47,532
I001960,R0142,Cold Coffee,beverage,454.0,False,True,81,252
I001961,R0142,Mango Shake,beverage,235.0,False,True,7,301
I001962,R0142,Papad,side_dish,262.0,True,True,21,477
I001963,R0142,Samosa (2 pcs),starter,134.0,True,True,54,254
I001964,R0142,Jeera Rice,side_dish,384.0,False,True,24,429
I001965,R0142,Onion Rings,starter,365.0,False,True,35,602
I001966,R0143,Garlic Bread,side_dish,250.0,True,True,50,600
I001967,R0143,Ice Cream (Vanilla),dessert,272.0,True,True,90,261
I001968,R0143,French Fries,snack,245.0,True,True,61,674
I001969,R0143,Chicken Biryani,main_course,244.0,True,True,65,609
I001970,R0143,Bhel Puri,snack,371.0,True,True,31,549
I001971,R0143,Veg Seekh Kebab,starter,506.0,False,True,93,528
I001972,R0143,Fish Curry,main_course,448.0,False,True,95,365
I001973,R0143,Pita Bread,side_dish,516.0,True,True,8,734
I001974,R0143,Chicken Tikka,starter,443.0,False,True,54,502
I001975,R0143,Corn on the Cob,snack,191.0,False,True,46,753
I001976,R0143,Ice Cream (Vanilla),dessert,278.0,False,True,79,384
I001977,R0143,Cold Coffee,beverage,427.0,True,True,60,469
I001978,R0143,Watermelon Juice,beverage,445.0,True,True,13,128
I001979,R0143,Dal Makhani,main_course,246.0,True,True,98,493
I001980,R0143,Nachos,snack,479.0,True,True,83,836
I001981,R0143,Mango Shake,beverage,147.0,True,True,34,377
I001982,R0143,Margherita Pizza,main_course,461.0,True,True,87,151
I001983,R0143,Garlic Bread (plain),snack,204.0,True,True,10,198
I001984,R0144,Mini Burgers,snack,46.0,True,True,70,360
I001985,R0144,Fish Tikka,starter,134.0,True,True,52,572
I001986,R0144,Pasta Arrabiata,main_course,73.0,True,True,17,443
I001987,R0144,Raita,side_dish,93.0,True,True,7,345
I001988,R0144,Masala Fries,snack,50.0,True,True,73,792
I001989,R0144,Ice Cream (Vanilla),dessert,161.0,True,True,94,336
I001990,R0144,Corn on the Cob,snack,64.0,True,True,82,322
I001991,R0144,Crispy Corn,starter,55.0,True,True,38,870
I001992,R0144,Mineral Water,beverage,158.0,True,True,33,704
I001993,R0144,Pav Bhaji,starter,97.0,True,False,92,588
I001994,R0144,Coleslaw,side_dish,50.0,True,True,77,677
I001995,R0144,Veg Spring Rolls,starter,55.0,True,True,75,552
I001996,R0145,Laccha Paratha,side_dish,429.0,True,True,42,454
I001997,R0145,Brownie,dessert,166.0,True,True,11,502
I001998,R0145,Buttermilk,beverage,270.0,True,True,43,505
I001999,R0145,Mini Burgers,snack,180.0,True,True,21,145
I002000,R0145,Raita,side_dish,301.0,True,True,85,466
I002001,R0145,Garlic Naan,side_dish,438.0,True,True,93,805
I002002,R0145,Sprite,beverage,227.0,True,True,69,899
I002003,R0145,Watermelon Juice,beverage,370.0,True,True,97,278
I002004,R0145,Nachos,snack,290.0,True,True,99,683
I002005,R0145,Garlic Bread (plain),snack,476.0,True,False,17,272
I002006,R0145,Crispy Corn,starter,183.0,True,True,70,151
I002007,R0145,Corn on the Cob,snack,362.0,True,True,94,658
I002008,R0145,Rajma Chawal,main_course,123.0,True,True,46,142
I002009,R0145,Green Salad,side_dish,278.0,True,True,47,281
I002010,R0145,Chicken Nuggets,starter,496.0,True,True,64,445
I002011,R0145,Mini Burgers,snack,394.0,True,True,46,379
I002012,R0145,Butter Chicken,main_course,381.0,True,True,25,384
I002013,R0145,Fried Rice,main_course,465.0,True,True,12,288
I002014,R0145,Margherita Pizza,main_course,161.0,True,True,71,264
I002015,R0145,Dal Makhani,main_course,431.0,True,True,38,268
I002016,R0146,Egg Curry,main_course,271.0,True,True,66,363
I002017,R0146,Rose Sharbat,beverage,218.0,True,True,23,810
I002018,R0146,Mini Burgers,snack,92.0,True,True,75,456
I002019,R0146,Fruit Custard,dessert,196.0,True,True,83,616
I002020,R0146,Coleslaw,side_dish,249.0,True,True,45,686
I002021,R0146,Gajar Ka Halwa,dessert,133.0,True,True,43,235
I002022,R0146,Halwa,dessert,255.0,True,True,39,381
I002023,R0146,Mineral Water,beverage,155.0,False,False,7,646
I002024,R0147,Veg Seekh Kebab,starter,296.0,True,True,3,145
I002025,R0147,Fried Rice,main_course,566.0,True,True,15,655
I002026,R0147,Mineral Water,beverage,501.0,True,True,76,768
I002027,R0147,Samosa (2 pcs),starter,536.0,True,True,84,517
I002028,R0147,Aloo Tikki,starter,383.0,True,True,18,802
I002029,R0147,Laccha Paratha,side_dish,316.0,True,True,93,329
I002030,R0147,Veg Wrap,snack,136.0,True,True,32,421
I002031,R0147,Buttermilk,beverage,470.0,True,True,78,665
I002032,R0147,Fried Rice,main_course,148.0,True,True,43,369
I002033,R0148,Pav Bhaji,starter,171.0,True,True,78,407
I002034,R0148,Chicken Wings,starter,258.0,True,True,37,335
I002035,R0148,Sweet Lassi,beverage,270.0,True,True,78,684
I002036,R0148,French Fries,snack,104.0,True,True,12,525
I002037,R0148,Sprite,beverage,153.0,True,True,31,304
I002038,R0148,Egg Curry,main_course,229.0,True,True,40,522
I002039,R0148,Veg Biryani,main_course,92.0,True,True,2,181
I002040,R0148,Sev Puri,snack,175.0,True,True,78,188
I002041,R0148,Ice Cream (Vanilla),dessert,204.0,True,True,96,539
I002042,R0148,Laccha Paratha,side_dish,183.0,True,True,30,154
I002043,R0148,Raita,side_dish,71.0,True,True,97,295
I002044,R0148,Chicken Nuggets,starter,174.0,True,True,79,191
I002045,R0148,Buttermilk,beverage,228.0,True,True,12,754
I002046,R0148,Gajar Ka Halwa,dessert,269.0,True,True,23,622
I002047,R0148,Corn on the Cob,snack,279.0,True,True,14,489
I002048,R0148,Fried Rice,main_course,243.0,True,True,42,109
I002049,R0148,Green Salad,side_dish,204.0,True,True,79,778
I002050,R0148,Chicken Sandwich,snack,115.0,True,True,82,238
I002051,R0149,Masala Fries,snack,51.0,True,True,2,744
I002052,R0149,Fresh Lime Soda,beverage,112.0,True,True,4,698
I002053,R0149,French Fries,snack,105.0,True,True,26,899
I002054,R0149,Sprite,beverage,48.0,True,True,88,698
I002055,R0149,Rose Sharbat,beverage,51.0,True,True,70,400
I002056,R0149,Masala Chai,beverage,71.0,True,True,60,288
I002057,R0149,Sev Puri,snack,123.0,True,True,62,509
I002058,R0149,Jeera Rice,side_dish,66.0,True,True,94,655
I002059,R0149,Dal Makhani,main_course,54.0,True,True,2,618
I002060,R0149,Jeera Rice,side_dish,131.0,False,True,65,345
I002061,R0149,Paneer Butter Masala,main_course,100.0,True,True,42,574
I002062,R0149,Rose Sharbat,beverage,78.0,False,True,32,174
I002063,R0150,Kheer,dessert,699.0,True,False,14,486
I002064,R0150,Fruit Custard,dessert,699.0,True,True,61,639
I002065,R0150,Fish Tikka,starter,449.0,True,True,56,154
I002066,R0150,Corn on the Cob,snack,663.0,True,True,42,874
I002067,R0150,Fish Tikka,starter,409.0,True,True,49,671
I002068,R0150,Masala Dosa,main_course,380.0,True,True,22,696
I002069,R0150,Gulab Jamun,dessert,437.0,True,True,27,329
I002070,R0150,Garlic Naan,side_dish,755.0,True,True,56,250
I002071,R0150,Coca-Cola,beverage,465.0,True,True,68,664
I002072,R0150,Masala Dosa,main_course,681.0,True,True,60,237
I002073,R0150,Cheesecake Slice,dessert,319.0,True,False,36,309
I002074,R0150,Crispy Corn,starter,787.0,True,True,83,762
I002075,R0150,Pav Bhaji,starter,1026.0,True,True,24,223
I002076,R0150,Rasgulla,dessert,962.0,True,True,72,445
I002077,R0150,Veg Sandwich,snack,422.0,True,True,65,723
I002078,R0150,Veg Wrap,snack,832.0,True,True,43,542
I002079,R0150,Green Salad,side_dish,736.0,True,True,59,550
I002080,R0151,Fresh Lime Soda,beverage,744.0,True,True,65,104
I002081,R0151,Papad,side_dish,867.0,True,True,90,654
I002082,R0151,Laccha Paratha,side_dish,495.0,True,True,34,844
I002083,R0151,Fish Curry,main_course,585.0,True,True,76,172
I002084,R0151,Mango Shake,beverage,417.0,True,False,9,730
I002085,R0151,Popcorn Chicken,snack,944.0,True,True,10,689
I002086,R0151,Cold Coffee,beverage,435.0,True,True,62,853
I002087,R0151,Butter Naan,side_dish,604.0,True,True,48,249
I002088,R0151,Garlic Bread (plain),snack,925.0,True,True,99,147
I002089,R0151,Ice Cream (Chocolate),dessert,600.0,True,True,41,616
I002090,R0151,Fried Rice,main_course,1130.0,True,False,90,599
I002091,R0151,Pav Bhaji,starter,586.0,True,True,20,458
I002092,R0151,Sev Puri,snack,685.0,True,True,94,421
I002093,R0151,Gulab Jamun,dessert,1023.0,True,True,58,486
I002094,R0151,Garlic Naan,side_dish,835.0,True,True,61,360
I002095,R0151,Popcorn Chicken,snack,478.0,True,True,17,456
I002096,R0151,Cheesecake Slice,dessert,894.0,True,True,47,267
I002097,R0151,Green Salad,side_dish,967.0,True,True,40,612
I002098,R0151,Fish Curry,main_course,751.0,True,True,91,402
I002099,R0151,Brownie,dessert,538.0,True,True,1,113
I002100,R0152,Chicken Pizza,main_course,42.0,False,True,56,679
I002101,R0152,Butter Chicken,main_course,116.0,False,True,10,492
I002102,R0152,Veg Spring Rolls,starter,106.0,True,True,87,853
I002103,R0152,Chicken Sandwich,snack,65.0,False,True,26,608
I002104,R0152,Sev Puri,snack,46.0,True,True,62,158
I002105,R0152,Salan,side_dish,37.0,True,True,38,124
I002106,R0152,Kulfi,dessert,98.0,False,True,27,445
I002107,R0152,Veg Wrap,snack,51.0,True,False,74,420
I002108,R0152,Jeera Rice,side_dish,79.0,False,True,85,114
I002109,R0152,Pita Bread,side_dish,37.0,True,True,96,836
I002110,R0152,Mineral Water,beverage,94.0,True,True,54,797
I002111,R0153,Gajar Ka Halwa,dessert,853.0,True,True,38,502
I002112,R0153,Mini Burgers,snack,765.0,True,True,70,879
I002113,R0153,Rasgulla,dessert,629.0,True,True,2,615
I002114,R0153,Coleslaw,side_dish,980.0,True,True,60,331
I002115,R0153,Masala Chai,beverage,884.0,True,True,60,569
I002116,R0153,Mutton Biryani,main_course,804.0,False,True,42,476
I002117,R0153,Rasgulla,dessert,702.0,True,True,10,649
I002118,R0153,Kulfi,dessert,539.0,False,True,91,479
I002119,R0153,Garlic Bread (plain),snack,581.0,False,True,43,833
I002120,R0153,Hakka Noodles,main_course,1372.0,False,True,74,878
I002121,R0153,Hakka Noodles,main_course,429.0,True,True,28,471
I002122,R0153,Onion Rings,starter,823.0,False,True,85,448
I002123,R0153,Chicken Sandwich,snack,1345.0,True,True,47,519
I002124,R0153,Pasta Arrabiata,main_course,1176.0,True,True,5,181
I002125,R0153,Masala Dosa,main_course,643.0,False,True,28,880
I002126,R0153,Veg Spring Rolls,starter,783.0,True,True,66,135
I002127,R0153,Coleslaw,side_dish,404.0,False,True,15,696
I002128,R0153,Popcorn Chicken,snack,1186.0,True,True,86,591
I002129,R0153,Jeera Rice,side_dish,977.0,False,True,62,514
I002130,R0153,Samosa (2 pcs),starter,461.0,True,True,33,232
I002131,R0154,Chicken Biryani,main_course,214.0,True,True,27,306
I002132,R0154,Ice Cream (Chocolate),dessert,143.0,False,True,40,501
I002133,R0154,Green Salad,side_dish,181.0,True,True,36,649
I002134,R0154,Salan,side_dish,199.0,True,True,83,327
I002135,R0154,Salan,side_dish,250.0,False,True,21,890
I002136,R0154,Garlic Bread (plain),snack,171.0,True,True,62,324
I002137,R0154,Butter Chicken,main_course,146.0,False,True,64,309
I002138,R0154,Egg Curry,main_course,176.0,True,True,15,807
I002139,R0154,Veg Seekh Kebab,starter,216.0,True,True,42,529
I002140,R0154,Chicken Wings,starter,114.0,True,True,78,236
I002141,R0154,Veg Wrap,snack,263.0,True,True,57,327
I002142,R0154,Ice Cream (Vanilla),dessert,227.0,True,True,36,254
I002143,R0154,Cold Coffee,beverage,219.0,True,False,41,157
I002144,R0154,Halwa,dessert,257.0,True,True,76,679
I002145,R0154,Kulfi,dessert,183.0,True,True,53,889
I002146,R0154,Gajar Ka Halwa,dessert,153.0,True,True,75,197
I002147,R0154,Coca-Cola,beverage,128.0,True,True,43,326
I002148,R0155,Paneer Tikka,starter,159.0,True,True,15,486
I002149,R0155,Samosa (2 pcs),starter,472.0,False,True,77,149
I002150,R0155,Sweet Lassi,beverage,146.0,True,True,48,345
I002151,R0155,Rajma Chawal,main_course,443.0,True,True,97,678
I002152,R0155,Chicken Biryani,main_course,319.0,False,True,56,861
I002153,R0155,Sweet Lassi,beverage,109.0,True,False,72,315
I002154,R0155,Mango Lassi,beverage,384.0,True,True,58,234
I002155,R0155,Crispy Corn,starter,151.0,False,True,12,403
I002156,R0156,Fresh Lime Soda,beverage,55.0,True,True,82,423
I002157,R0156,Masala Dosa,main_course,160.0,True,True,85,248
I002158,R0156,Masala Dosa,main_course,70.0,True,True,22,874
I002159,R0156,Cold Coffee,beverage,78.0,True,True,55,125
I002160,R0156,Gajar Ka Halwa,dessert,92.0,False,True,94,871
I002161,R0156,Chicken Pizza,main_course,102.0,False,True,74,816
I002162,R0156,Dal Makhani,main_course,138.0,False,False,60,487
I002163,R0156,Veg Spring Rolls,starter,91.0,False,True,57,455
I002164,R0156,Butter Chicken,main_course,64.0,False,True,96,316
I002165,R0156,Buttermilk,beverage,78.0,True,False,88,665
I002166,R0156,Masala Chai,beverage,104.0,True,True,65,495
I002167,R0156,Mango Shake,beverage,42.0,True,True,92,715
I002168,R0156,Veg Sandwich,snack,115.0,True,True,28,388
I002169,R0156,Chicken Wings,starter,107.0,True,True,85,848
I002170,R0156,Garlic Bread (plain),snack,129.0,True,True,36,304
I002171,R0156,Pav Bhaji,starter,63.0,True,True,84,747
I002172,R0156,Raita,side_dish,67.0,True,True,41,203
I002173,R0156,Chicken Biryani,main_course,174.0,True,True,92,272
I002174,R0156,Veg Sandwich,snack,98.0,True,True,52,193
I002175,R0157,Corn on the Cob,snack,372.0,True,True,96,380
I002176,R0157,Masala Fries,snack,382.0,True,True,27,344
I002177,R0157,Green Salad,side_dish,388.0,True,True,45,137
I002178,R0157,Sweet Lassi,beverage,841.0,True,True,3,745
I002179,R0157,Pav Bhaji,starter,821.0,True,True,90,467
I002180,R0157,Cold Coffee,beverage,1162.0,True,True,56,650
I002181,R0157,Egg Curry,main_course,659.0,True,True,83,319
I002182,R0157,Corn on the Cob,snack,1018.0,True,True,76,685
I002183,R0157,Veg Wrap,snack,385.0,True,True,1,178
I002184,R0157,Garlic Naan,side_dish,355.0,True,True,55,165
I002185,R0157,Gajar Ka Halwa,dessert,998.0,True,True,93,335
I002186,R0157,Steamed Rice,side_dish,1000.0,True,True,52,793
I002187,R0158,Rajma Chawal,main_course,49.0,True,True,87,697
I002188,R0158,Paneer Tikka,starter,60.0,False,True,78,154
I002189,R0158,Dal Makhani,main_course,116.0,True,True,37,785
I002190,R0158,Crispy Corn,starter,108.0,True,True,3,333
I002191,R0158,Chocolate Mousse,dessert,64.0,False,True,53,567
I002192,R0158,Veg Seekh Kebab,starter,40.0,True,True,27,736
I002193,R0158,Garlic Bread (plain),snack,137.0,False,True,9,868
I002194,R0158,Raita,side_dish,138.0,True,True,77,404
I002195,R0158,Chocolate Mousse,dessert,63.0,True,True,40,286
I002196,R0158,Crispy Corn,starter,94.0,True,True,7,142
I002197,R0159,Masala Chai,beverage,181.0,True,True,41,508
I002198,R0159,Pita Bread,side_dish,300.0,True,True,31,136
I002199,R0159,Ice Cream (Chocolate),dessert,262.0,True,True,22,348
I002200,R0159,Sweet Lassi,beverage,282.0,True,True,56,311
I002201,R0159,Chicken Pizza,main_course,329.0,True,True,43,811
I002202,R0159,Papad,side_dish,130.0,True,False,59,838
I002203,R0159,Mango Shake,beverage,322.0,True,True,73,233
I002204,R0159,Sev Puri,snack,132.0,True,True,56,368
I002205,R0159,Fresh Lime Soda,beverage,111.0,True,True,64,563
I002206,R0159,Veg Wrap,snack,226.0,True,True,75,541
I002207,R0159,Aloo Tikki,starter,391.0,True,True,71,586
I002208,R0159,Pita Bread,side_dish,285.0,True,True,59,553
I002209,R0159,Chicken Wings,starter,247.0,True,True,62,661
I002210,R0160,Rose Sharbat,beverage,147.0,True,True,28,662
I002211,R0160,Watermelon Juice,beverage,143.0,True,True,85,168
I002212,R0160,Corn on the Cob,snack,83.0,True,True,89,691
I002213,R0160,Laccha Paratha,side_dish,183.0,True,True,61,263
I002214,R0160,Fresh Lime Soda,beverage,224.0,True,True,80,467
I002215,R0160,Popcorn Chicken,snack,113.0,True,True,75,199
I002216,R0160,Popcorn Chicken,snack,72.0,True,True,21,300
I002217,R0160,Rasgulla,dessert,178.0,True,True,26,593
I002218,R0160,Dal Makhani,main_course,245.0,True,True,83,382
I002219,R0160,Garlic Bread,side_dish,249.0,True,True,19,754
I002220,R0160,Egg Curry,main_course,130.0,True,True,16,436
I002221,R0160,Green Salad,side_dish,87.0,True,True,4,805
I002222,R0160,Paneer Tikka,starter,93.0,True,True,54,101
I002223,R0160,Chicken Sandwich,snack,68.0,True,True,60,467
I002224,R0160,Egg Curry,main_course,194.0,True,True,96,897
I002225,R0160,Mineral Water,beverage,64.0,True,False,14,127
I002226,R0160,Buttermilk,beverage,164.0,True,True,78,858
I002227,R0160,Garlic Naan,side_dish,185.0,True,True,61,395
I002228,R0160,Hakka Noodles,main_course,160.0,True,True,79,476
I002229,R0160,Pav Bhaji,starter,130.0,True,True,70,831
I002230,R0161,Chocolate Mousse,dessert,136.0,True,True,63,543
I002231,R0161,Sev Puri,snack,261.0,False,True,98,338
I002232,R0161,Egg Curry,main_course,63.0,False,True,46,409
I002233,R0161,Green Salad,side_dish,177.0,True,True,54,142
I002234,R0161,Nachos,snack,253.0,True,True,27,831
I002235,R0161,Laccha Paratha,side_dish,195.0,True,True,83,434
I002236,R0161,Pav Bhaji,starter,67.0,True,True,44,896
I002237,R0161,Raita,side_dish,118.0,False,True,49,884
I002238,R0161,Papad,side_dish,232.0,True,True,84,782
I002239,R0161,Pasta Arrabiata,main_course,61.0,True,True,11,765
I002240,R0161,Halwa,dessert,195.0,False,True,31,418
I002241,R0161,Popcorn Chicken,snack,134.0,True,True,40,122
I002242,R0161,Fish Tikka,starter,98.0,True,True,49,547
I002243,R0161,Rose Sharbat,beverage,136.0,True,True,35,560
I002244,R0161,Garlic Bread,side_dish,164.0,False,True,93,377
I002245,R0161,Masala Dosa,main_course,129.0,True,False,60,873
I002246,R0161,Fresh Lime Soda,beverage,245.0,False,True,79,330
I002247,R0161,Jeera Rice,side_dish,116.0,True,True,81,230
I002248,R0161,Paneer Butter Masala,main_course,260.0,True,True,47,747
I002249,R0162,Chicken Biryani,main_course,423.0,True,True,60,302
I002250,R0162,Rajma Chawal,main_course,313.0,False,True,58,282
I002251,R0162,Corn on the Cob,snack,431.0,True,True,89,321
I002252,R0162,Jeera Rice,side_dish,224.0,True,True,46,318
I002253,R0162,Sprite,beverage,448.0,True,True,12,177
I002254,R0162,Masala Dosa,main_course,593.0,True,True,83,804
I002255,R0162,French Fries,snack,303.0,False,True,22,756
I002256,R0162,Garlic Bread,side_dish,319.0,True,True,22,324
I002257,R0163,Veg Seekh Kebab,starter,118.0,True,True,13,606
I002258,R0163,Fish Tikka,starter,140.0,True,True,38,225
I002259,R0163,Aloo Tikki,starter,74.0,False,True,45,120
I002260,R0163,Chole Bhature,main_course,143.0,True,True,71,229
I002261,R0163,Coca-Cola,beverage,142.0,True,True,76,304
I002262,R0163,Popcorn Chicken,snack,77.0,True,True,39,406
I002263,R0163,Chicken Biryani,main_course,39.0,True,True,58,268
I002264,R0163,Crispy Corn,starter,137.0,True,True,54,175
I002265,R0163,Rasgulla,dessert,117.0,True,True,27,658
I002266,R0163,Margherita Pizza,main_course,69.0,True,False,67,737
I002267,R0163,Ice Cream (Vanilla),dessert,102.0,True,True,73,277
I002268,R0163,Green Salad,side_dish,62.0,True,True,94,744
I002269,R0163,Gajar Ka Halwa,dessert,44.0,True,True,80,676
I002270,R0163,Garlic Bread,side_dish,125.0,True,False,6,677
I002271,R0163,Hakka Noodles,main_course,149.0,False,True,96,571
I002272,R0163,Laccha Paratha,side_dish,119.0,True,True,15,815
I002273,R0163,Fried Rice,main_course,86.0,True,True,10,408
I002274,R0164,Pita Bread,side_dish,294.0,True,True,72,298
I002275,R0164,Salan,side_dish,322.0,True,True,59,208
I002276,R0164,Pita Bread,side_dish,193.0,True,True,7,663
I002277,R0164,Corn on the Cob,snack,256.0,True,True,93,863
I002278,R0164,Fresh Lime Soda,beverage,349.0,True,True,49,148
I002279,R0164,Masala Fries,snack,343.0,False,True,91,254
I002280,R0164,Kulfi,dessert,186.0,True,True,24,554
I002281,R0164,Pav Bhaji,starter,184.0,True,True,16,718
I002282,R0164,Egg Curry,main_course,95.0,False,True,78,578
I002283,R0164,Bhel Puri,snack,228.0,False,True,17,267
I002284,R0164,Butter Naan,side_dish,144.0,False,True,98,273
I002285,R0164,Veg Seekh Kebab,starter,129.0,False,True,18,697
I002286,R0164,Sweet Lassi,beverage,217.0,True,True,54,659
I002287,R0164,Fried Rice,main_course,113.0,False,True,47,349
I002288,R0165,Gajar Ka Halwa,dessert,314.0,True,True,5,272
I002289,R0165,Samosa (2 pcs),starter,627.0,False,True,82,533
I002290,R0165,Gulab Jamun,dessert,365.0,True,True,81,665
I002291,R0165,Onion Rings,starter,729.0,True,True,76,822
I002292,R0165,Steamed Rice,side_dish,671.0,True,True,15,719
I002293,R0165,Pav Bhaji,starter,824.0,False,True,99,869
I002294,R0165,Kheer,dessert,781.0,True,True,19,449
I002295,R0165,Rose Sharbat,beverage,285.0,True,True,86,811
I002296,R0166,Butter Naan,side_dish,135.0,True,True,29,112
I002297,R0166,Ice Cream (Vanilla),dessert,173.0,True,True,92,365
I002298,R0166,Mineral Water,beverage,129.0,True,True,59,779
I002299,R0166,Garlic Bread (plain),snack,136.0,True,True,55,225
I002300,R0166,Paneer Tikka,starter,366.0,True,False,7,187
I002301,R0166,Kheer,dessert,122.0,True,True,70,263
I002302,R0166,Mango Shake,beverage,339.0,False,True,80,561
I002303,R0166,Mini Burgers,snack,420.0,False,True,31,123
I002304,R0166,Chicken Sandwich,snack,369.0,False,True,74,629
I002305,R0166,Bhel Puri,snack,237.0,False,True,12,283
I002306,R0166,Sprite,beverage,426.0,True,True,25,539
I002307,R0166,Hakka Noodles,main_course,246.0,False,True,89,363
I002308,R0167,French Fries,snack,646.0,True,True,11,628
I002309,R0167,Veg Sandwich,snack,333.0,True,True,29,412
I002310,R0167,Cheesecake Slice,dessert,646.0,True,False,82,448
I002311,R0167,Sev Puri,snack,339.0,True,True,77,581
I002312,R0167,Crispy Corn,starter,714.0,True,True,86,153
I002313,R0167,Pav Bhaji,starter,585.0,True,True,57,313
I002314,R0167,Rajma Chawal,main_course,299.0,True,True,16,765
I002315,R0167,Sprite,beverage,532.0,True,False,87,130
I002316,R0167,Onion Rings,starter,776.0,False,True,87,841
I002317,R0167,Chicken Tikka,starter,198.0,False,True,75,293
I002318,R0167,Margherita Pizza,main_course,502.0,False,False,5,189
I002319,R0168,Dal Makhani,main_course,49.0,True,True,83,168
I002320,R0168,Rajma Chawal,main_course,163.0,True,True,22,812
I002321,R0168,Veg Seekh Kebab,starter,145.0,True,True,41,681
I002322,R0168,Watermelon Juice,beverage,165.0,False,True,70,547
I002323,R0168,Chocolate Mousse,dessert,107.0,True,True,18,515
I002324,R0168,Veg Spring Rolls,starter,133.0,False,True,76,849
I002325,R0168,Bhel Puri,snack,148.0,False,True,10,238
I002326,R0168,Veg Wrap,snack,41.0,False,True,70,427
I002327,R0168,Laccha Paratha,side_dish,85.0,False,True,63,135
I002328,R0168,Chicken Pizza,main_course,54.0,False,True,42,120
I002329,R0168,Masala Fries,snack,68.0,False,True,86,448
I002330,R0168,Chicken Biryani,main_course,74.0,True,True,46,645
I002331,R0168,Gajar Ka Halwa,dessert,47.0,True,True,3,431
I002332,R0169,Ice Cream (Chocolate),dessert,154.0,False,True,21,331
I002333,R0169,Brownie,dessert,96.0,False,True,79,459
I002334,R0169,Cold Coffee,beverage,80.0,False,True,41,281
I002335,R0169,Rasgulla,dessert,105.0,True,True,84,238
I002336,R0169,Laccha Paratha,side_dish,96.0,True,True,12,372
I002337,R0169,Margherita Pizza,main_course,94.0,False,True,25,671
I002338,R0169,Cheesecake Slice,dessert,76.0,True,True,80,766
I002339,R0169,Mineral Water,beverage,106.0,True,True,1,409
I002340,R0169,Fish Tikka,starter,93.0,True,True,29,252
I002341,R0169,Fresh Lime Soda,beverage,81.0,True,True,69,100
I002342,R0169,Rose Sharbat,beverage,145.0,True,True,91,454
I002343,R0169,Mango Lassi,beverage,133.0,True,True,2,833
I002344,R0169,Mineral Water,beverage,123.0,True,True,77,708
I002345,R0170,Fruit Custard,dessert,473.0,True,True,45,891
I002346,R0170,Watermelon Juice,beverage,238.0,True,True,61,496
I002347,R0170,Paneer Butter Masala,main_course,211.0,True,True,11,495
I002348,R0170,Fruit Custard,dessert,411.0,True,True,89,620
I002349,R0170,Garlic Bread,side_dish,271.0,True,True,60,238
I002350,R0170,Paneer Tikka,starter,245.0,True,True,17,320
I002351,R0170,Chicken Wings,starter,147.0,True,True,10,551
I002352,R0170,Buttermilk,beverage,499.0,True,False,60,221
I002353,R0170,Chole Bhature,main_course,141.0,True,True,16,455
I002354,R0170,Garlic Naan,side_dish,179.0,True,True,65,251
I002355,R0170,Garlic Bread,side_dish,447.0,True,True,27,218
I002356,R0170,Chicken Nuggets,starter,404.0,True,True,73,428
I002357,R0170,Ice Cream (Vanilla),dessert,169.0,True,True,49,183
I002358,R0170,Mini Burgers,snack,387.0,True,True,74,760
I002359,R0170,Chicken Biryani,main_course,424.0,True,True,28,305
I002360,R0171,Kheer,dessert,135.0,True,True,4,866
I002361,R0171,Crispy Corn,starter,155.0,True,True,92,441
I002362,R0171,Garlic Bread,side_dish,106.0,True,True,66,329
I002363,R0171,Hakka Noodles,main_course,132.0,True,True,95,428
I002364,R0171,Mini Burgers,snack,165.0,False,True,71,140
I002365,R0171,Bhel Puri,snack,68.0,True,True,84,368
I002366,R0171,French Fries,snack,56.0,False,True,73,640
I002367,R0171,Chicken Wings,starter,189.0,True,True,36,192
I002368,R0171,Masala Fries,snack,151.0,True,True,50,478
I002369,R0171,Mineral Water,beverage,164.0,True,True,99,823
I002370,R0171,Crispy Corn,starter,203.0,True,True,94,825
I002371,R0172,Masala Chai,beverage,1226.0,True,True,52,568
I002372,R0172,Mini Burgers,snack,910.0,False,False,96,740
I002373,R0172,Chicken Wings,starter,559.0,True,True,44,405
I002374,R0172,Jeera Rice,side_dish,1146.0,True,True,75,149
I002375,R0172,Popcorn Chicken,snack,832.0,True,True,3,706
I002376,R0172,Dal Makhani,main_course,952.0,False,True,4,761
I002377,R0172,Chicken Biryani,main_course,788.0,False,True,90,155
I002378,R0172,Samosa (2 pcs),starter,820.0,True,True,90,410
I002379,R0172,Chicken Pizza,main_course,400.0,False,True,58,252
I002380,R0172,Coleslaw,side_dish,1275.0,True,True,21,722
I002381,R0172,Mango Shake,beverage,716.0,True,True,99,457
I002382,R0172,Chocolate Mousse,dessert,478.0,True,True,94,527
I002383,R0172,Samosa (2 pcs),starter,1128.0,False,True,48,519
I002384,R0172,Rose Sharbat,beverage,694.0,True,True,47,737
I002385,R0172,Watermelon Juice,beverage,370.0,True,True,60,125
I002386,R0172,Ice Cream (Chocolate),dessert,789.0,True,True,5,595
I002387,R0172,Veg Seekh Kebab,starter,345.0,False,True,12,419
I002388,R0172,Green Salad,side_dish,859.0,True,False,28,478
I002389,R0172,Halwa,dessert,1130.0,True,True,21,220
I002390,R0172,Veg Biryani,main_course,347.0,False,True,75,672
I002391,R0173,Aloo Tikki,starter,35.0,True,True,66,396
I002392,R0173,Masala Chai,beverage,110.0,True,True,79,496
I002393,R0173,Mango Lassi,beverage,104.0,True,True,64,425
I002394,R0173,Mango Lassi,beverage,69.0,True,True,23,799
I002395,R0173,Pav Bhaji,starter,113.0,True,True,95,189
I002396,R0173,Garlic Bread,side_dish,83.0,True,True,94,366
I002397,R0173,Aloo Tikki,starter,53.0,True,True,56,582
I002398,R0173,Mini Burgers,snack,97.0,True,True,46,885
I002399,R0173,Veg Sandwich,snack,67.0,True,True,52,721
I002400,R0174,Veg Wrap,snack,416.0,True,False,25,161
I002401,R0174,Veg Sandwich,snack,384.0,True,True,91,297
I002402,R0174,Paneer Tikka,starter,518.0,True,True,44,899
I002403,R0174,Fresh Lime Soda,beverage,477.0,True,True,29,245
I002404,R0174,Chicken Wings,starter,238.0,False,True,96,154
I002405,R0174,Steamed Rice,side_dish,506.0,True,True,18,363
I002406,R0174,Green Salad,side_dish,507.0,False,True,59,442
I002407,R0174,Fish Tikka,starter,152.0,True,True,26,195
I002408,R0174,Veg Biryani,main_course,154.0,True,True,15,883
I002409,R0174,Papad,side_dish,239.0,True,True,11,571
I002410,R0174,Veg Sandwich,snack,555.0,True,True,42,847
I002411,R0174,Margherita Pizza,main_course,482.0,False,True,85,462
I002412,R0174,Fresh Lime Soda,beverage,269.0,True,True,14,669
I002413,R0174,Steamed Rice,side_dish,233.0,True,True,98,567
I002414,R0174,Mini Burgers,snack,212.0,False,True,70,541
I002415,R0174,Butter Naan,side_dish,507.0,True,True,35,822
I002416,R0174,Sprite,beverage,445.0,True,True,54,729
I002417,R0174,Mutton Biryani,main_course,522.0,True,True,87,304
I002418,R0175,Steamed Rice,side_dish,142.0,True,False,91,516
I002419,R0175,Chole Bhature,main_course,131.0,False,True,4,465
I002420,R0175,Chicken Nuggets,starter,111.0,True,True,75,745
I002421,R0175,Fish Tikka,starter,208.0,False,True,37,662
I002422,R0175,Fruit Custard,dessert,138.0,True,True,51,639
I002423,R0175,Popcorn Chicken,snack,73.0,True,True,60,618
I002424,R0175,Garlic Naan,side_dish,181.0,True,True,94,172
I002425,R0175,Sweet Lassi,beverage,101.0,False,True,5,164
I002426,R0175,Salan,side_dish,143.0,True,True,56,628
I002427,R0175,Paneer Butter Masala,main_course,67.0,True,True,91,748
I002428,R0175,Paneer Butter Masala,main_course,154.0,False,True,53,814
I002429,R0175,Veg Seekh Kebab,starter,116.0,True,True,70,627
I002430,R0175,Masala Chai,beverage,142.0,False,True,94,886
I002431,R0175,Mineral Water,beverage,112.0,True,True,42,524
I002432,R0176,Popcorn Chicken,snack,180.0,True,True,99,886
I002433,R0176,Garlic Bread (plain),snack,397.0,True,True,98,133
I002434,R0176,Chicken Sandwich,snack,148.0,True,False,63,298
I002435,R0176,Garlic Bread (plain),snack,399.0,True,True,9,480
I002436,R0176,Gajar Ka Halwa,dessert,347.0,True,True,48,836
I002437,R0176,Mineral Water,beverage,447.0,True,True,83,753
I002438,R0176,Hakka Noodles,main_course,236.0,True,True,60,592
I002439,R0176,Crispy Corn,starter,440.0,True,True,89,524
I002440,R0176,Kheer,dessert,458.0,True,True,52,786
I002441,R0176,Veg Spring Rolls,starter,432.0,True,False,95,170
I002442,R0176,Jeera Rice,side_dish,209.0,True,True,11,886
I002443,R0176,Steamed Rice,side_dish,455.0,True,True,18,855
I002444,R0176,Nachos,snack,211.0,True,True,20,425
I002445,R0176,Ice Cream (Chocolate),dessert,451.0,True,True,38,475
I002446,R0177,Egg Curry,main_course,70.0,True,True,60,722
I002447,R0177,Veg Biryani,main_course,67.0,True,True,64,353
I002448,R0177,Fish Curry,main_course,86.0,True,True,30,886
I002449,R0177,Paneer Butter Masala,main_course,56.0,True,True,58,223
I002450,R0177,Veg Sandwich,snack,115.0,True,True,14,413
I002451,R0177,Garlic Bread (plain),snack,190.0,True,True,86,796
I002452,R0177,Mango Lassi,beverage,155.0,True,True,66,411
I002453,R0177,Veg Sandwich,snack,87.0,True,True,92,683
I002454,R0177,Samosa (2 pcs),starter,130.0,True,True,7,120
I002455,R0177,French Fries,snack,56.0,True,True,48,161
I002456,R0177,Halwa,dessert,141.0,True,True,4,441
I002457,R0177,Fresh Lime Soda,beverage,181.0,True,True,16,748
I002458,R0177,Samosa (2 pcs),starter,166.0,True,True,31,496
I002459,R0177,Chicken Nuggets,starter,196.0,True,True,47,266
I002460,R0177,Sev Puri,snack,90.0,True,True,2,395
I002461,R0177,Fish Tikka,starter,187.0,True,True,75,792
I002462,R0178,Butter Chicken,main_course,93.0,True,True,92,308
I002463,R0178,Nachos,snack,98.0,True,True,61,362
I002464,R0178,Pita Bread,side_dish,45.0,False,True,90,238
I002465,R0178,Laccha Paratha,side_dish,36.0,True,True,93,233
I002466,R0178,Bhel Puri,snack,70.0,True,True,73,633
I002467,R0178,Rasgulla,dessert,50.0,True,False,96,267
I002468,R0178,Butter Naan,side_dish,59.0,False,False,39,457
I002469,R0178,Egg Curry,main_course,102.0,True,True,59,252
I002470,R0178,Watermelon Juice,beverage,72.0,False,True,62,715
I002471,R0178,Chicken Biryani,main_course,49.0,False,True,26,153
I002472,R0178,Jeera Rice,side_dish,100.0,True,True,9,653
I002473,R0178,Chicken Tikka,starter,89.0,False,True,63,276
I002474,R0178,Chicken Wings,starter,50.0,False,True,30,293
I002475,R0178,Mini Burgers,snack,108.0,True,True,37,346
I002476,R0178,Watermelon Juice,beverage,63.0,False,True,63,193
I002477,R0178,Sweet Lassi,beverage,56.0,False,True,30,724
I002478,R0178,Ice Cream (Chocolate),dessert,39.0,False,True,25,876
I002479,R0178,Ice Cream (Vanilla),dessert,105.0,True,True,14,257
I002480,R0178,Aloo Tikki,starter,73.0,True,True,63,525
I002481,R0178,Masala Fries,snack,30.0,False,True,43,197
I002482,R0179,Veg Wrap,snack,132.0,True,True,72,774
I002483,R0179,Veg Biryani,main_course,204.0,False,True,6,119
I002484,R0179,Margherita Pizza,main_course,227.0,True,True,96,361
I002485,R0179,Mango Lassi,beverage,310.0,True,True,22,324
I002486,R0179,Chocolate Mousse,dessert,334.0,True,True,50,655
I002487,R0179,Garlic Naan,side_dish,141.0,False,True,59,680
I002488,R0179,Corn on the Cob,snack,262.0,True,True,13,792
I002489,R0179,Gulab Jamun,dessert,308.0,False,True,78,288
I002490,R0179,Dal Makhani,main_course,316.0,False,False,80,193
I002491,R0179,Nachos,snack,292.0,True,True,66,666
I002492,R0179,Kulfi,dessert,186.0,True,True,21,100
I002493,R0179,Bhel Puri,snack,173.0,False,True,88,693
I002494,R0179,Veg Spring Rolls,starter,254.0,False,True,53,739
I002495,R0179,Sprite,beverage,95.0,True,True,46,100
I002496,R0180,Aloo Tikki,starter,73.0,False,True,62,403
I002497,R0180,Samosa (2 pcs),starter,194.0,False,True,11,124
I002498,R0180,Coca-Cola,beverage,204.0,False,False,75,207
I002499,R0180,Garlic Bread,side_dish,137.0,False,True,35,852
I002500,R0180,Chicken Biryani,main_course,191.0,False,True,19,625
I002501,R0180,Veg Seekh Kebab,starter,68.0,True,True,90,398
I002502,R0180,Coleslaw,side_dish,87.0,False,True,34,438
I002503,R0180,Butter Naan,side_dish,86.0,False,True,89,141
I002504,R0180,Halwa,dessert,86.0,True,True,28,263
I002505,R0180,Sev Puri,snack,92.0,True,True,49,778
I002506,R0180,Chole Bhature,main_course,201.0,True,True,62,311
I002507,R0180,Crispy Corn,starter,86.0,True,True,54,782
I002508,R0180,Fresh Lime Soda,beverage,158.0,True,True,4,732
I002509,R0180,Rose Sharbat,beverage,59.0,True,True,81,842
I002510,R0180,Popcorn Chicken,snack,61.0,True,True,8,204
I002511,R0180,Bhel Puri,snack,66.0,True,True,16,373
I002512,R0181,Fried Rice,main_course,161.0,True,True,69,600
I002513,R0181,Laccha Paratha,side_dish,276.0,True,True,86,145
I002514,R0181,Laccha Paratha,side_dish,234.0,True,False,93,265
I002515,R0181,Onion Rings,starter,472.0,True,True,81,826
I002516,R0181,Cheesecake Slice,dessert,188.0,True,True,29,510
I002517,R0181,Chicken Pizza,main_course,379.0,True,False,19,196
I002518,R0181,Gajar Ka Halwa,dessert,478.0,True,True,68,602
I002519,R0181,Bhel Puri,snack,579.0,True,True,34,696
I002520,R0181,Fresh Lime Soda,beverage,193.0,True,True,22,517
I002521,R0181,Kulfi,dessert,343.0,True,True,96,666
I002522,R0181,Mango Lassi,beverage,537.0,True,True,56,695
I002523,R0181,Nachos,snack,397.0,True,True,6,646
I002524,R0181,Rasgulla,dessert,343.0,True,True,40,113
I002525,R0181,Gulab Jamun,dessert,390.0,True,True,40,142
I002526,R0181,Chicken Biryani,main_course,246.0,True,True,45,706
I002527,R0181,Coleslaw,side_dish,208.0,True,True,79,841
I002528,R0181,Rajma Chawal,main_course,232.0,True,True,78,473
I002529,R0181,Sprite,beverage,430.0,True,True,47,582
I002530,R0182,Dal Makhani,main_course,361.0,True,True,97,289
I002531,R0182,Ice Cream (Chocolate),dessert,262.0,True,True,75,785
I002532,R0182,Fruit Custard,dessert,502.0,True,True,10,840
I002533,R0182,Chicken Wings,starter,215.0,True,True,86,865
I002534,R0182,Veg Seekh Kebab,starter,337.0,True,False,85,459
I002535,R0182,Fish Curry,main_course,577.0,True,False,72,833
I002536,R0182,Chocolate Mousse,dessert,137.0,True,True,13,767
I002537,R0182,Fish Curry,main_course,149.0,True,True,9,753
I002538,R0182,Kulfi,dessert,246.0,True,True,40,372
I002539,R0182,Chicken Wings,starter,556.0,True,True,74,333
I002540,R0182,Veg Seekh Kebab,starter,472.0,True,False,24,246
I002541,R0182,Laccha Paratha,side_dish,599.0,True,True,38,489
I002542,R0183,Crispy Corn,starter,45.0,False,True,29,218
I002543,R0183,Chole Bhature,main_course,51.0,True,True,72,811
I002544,R0183,Mini Burgers,snack,135.0,True,True,17,121
I002545,R0183,Chicken Nuggets,starter,57.0,True,True,22,129
I002546,R0183,Rose Sharbat,beverage,79.0,False,True,7,256
I002547,R0183,Steamed Rice,side_dish,60.0,True,True,71,298
I002548,R0183,Egg Curry,main_course,110.0,False,True,53,419
I002549,R0183,Garlic Naan,side_dish,134.0,True,True,31,728
I002550,R0183,Masala Dosa,main_course,156.0,True,True,31,847
I002551,R0183,Fruit Custard,dessert,97.0,True,True,76,482
I002552,R0184,Masala Chai,beverage,770.0,True,False,77,631
I002553,R0184,Mineral Water,beverage,692.0,True,True,59,151
I002554,R0184,Garlic Bread,side_dish,491.0,True,True,41,713
I002555,R0184,Samosa (2 pcs),starter,837.0,True,True,31,713
I002556,R0184,Chicken Pizza,main_course,324.0,False,True,27,268
I002557,R0184,Rajma Chawal,main_course,601.0,True,True,16,642
I002558,R0184,Margherita Pizza,main_course,416.0,False,True,54,409
I002559,R0184,Dal Makhani,main_course,764.0,True,False,11,801
I002560,R0184,Chicken Sandwich,snack,1059.0,True,False,66,282
I002561,R0184,Sev Puri,snack,272.0,True,True,74,428
I002562,R0185,Fried Rice,main_course,272.0,True,True,99,589
I002563,R0185,Raita,side_dish,467.0,True,True,65,546
I002564,R0185,Egg Curry,main_course,352.0,True,False,77,131
I002565,R0185,Bhel Puri,snack,141.0,True,True,30,169
I002566,R0185,Mineral Water,beverage,376.0,True,True,32,425
I002567,R0185,Coleslaw,side_dish,490.0,True,True,35,610
I002568,R0185,Pita Bread,side_dish,310.0,True,True,52,677
I002569,R0185,Egg Curry,main_course,381.0,False,False,18,594
I002570,R0185,Butter Naan,side_dish,262.0,True,True,25,279
I002571,R0185,Chicken Nuggets,starter,537.0,False,True,87,482
I002572,R0185,Chicken Tikka,starter,182.0,False,True,42,197
I002573,R0185,Buttermilk,beverage,527.0,False,True,27,183
I002574,R0185,Raita,side_dish,537.0,False,True,24,618
I002575,R0185,Papad,side_dish,419.0,True,True,85,326
I002576,R0185,Hakka Noodles,main_course,149.0,False,True,42,665
I002577,R0185,Nachos,snack,303.0,True,True,99,845
I002578,R0185,Salan,side_dish,211.0,True,True,58,118
I002579,R0185,Garlic Naan,side_dish,192.0,True,True,93,244
I002580,R0185,Garlic Bread,side_dish,404.0,False,True,56,866
I002581,R0185,Ice Cream (Chocolate),dessert,166.0,False,True,35,847
I002582,R0186,Veg Wrap,snack,400.0,True,True,5,296
I002583,R0186,Fish Curry,main_course,396.0,False,True,18,669
I002584,R0186,Kheer,dessert,129.0,True,True,53,451
I002585,R0186,Cheesecake Slice,dessert,447.0,True,True,98,490
I002586,R0186,Steamed Rice,side_dish,412.0,False,True,96,879
I002587,R0186,Steamed Rice,side_dish,209.0,True,True,82,104
I002588,R0186,Chole Bhature,main_course,395.0,False,True,78,279
I002589,R0186,Sprite,beverage,185.0,True,True,82,807
I002590,R0186,Garlic Bread,side_dish,172.0,True,True,99,844
I002591,R0186,Garlic Bread,side_dish,160.0,True,True,63,240
I002592,R0186,Fruit Custard,dessert,325.0,True,True,56,630
I002593,R0186,Ice Cream (Vanilla),dessert,347.0,True,True,44,807
I002594,R0186,Mineral Water,beverage,118.0,True,True,4,266
I002595,R0186,Garlic Bread (plain),snack,247.0,True,True,47,727
I002596,R0186,Popcorn Chicken,snack,325.0,True,True,19,146
I002597,R0187,Crispy Corn,starter,444.0,False,True,77,161
I002598,R0187,Fresh Lime Soda,beverage,419.0,False,True,47,749
I002599,R0187,Chicken Pizza,main_course,191.0,True,True,95,449
I002600,R0187,Butter Naan,side_dish,402.0,True,True,84,305
I002601,R0187,Pav Bhaji,starter,162.0,True,True,65,329
I002602,R0187,Paneer Butter Masala,main_course,206.0,False,True,30,120
I002603,R0187,Raita,side_dish,364.0,True,True,83,814
I002604,R0187,Coca-Cola,beverage,273.0,True,True,5,885
I002605,R0188,Popcorn Chicken,snack,595.0,True,True,72,826
I002606,R0188,Butter Naan,side_dish,246.0,True,True,52,251
I002607,R0188,Chicken Biryani,main_course,161.0,True,True,39,574
I002608,R0188,Buttermilk,beverage,293.0,True,True,33,256
I002609,R0188,Veg Sandwich,snack,570.0,True,True,3,720
I002610,R0188,Egg Curry,main_course,172.0,True,True,99,351
I002611,R0188,Pasta Arrabiata,main_course,394.0,True,True,6,637
I002612,R0188,Jeera Rice,side_dish,532.0,True,True,23,302
I002613,R0189,Buttermilk,beverage,137.0,True,False,20,376
I002614,R0189,Sweet Lassi,beverage,134.0,True,True,40,829
I002615,R0189,Cold Coffee,beverage,104.0,True,True,36,686
I002616,R0189,Chocolate Mousse,dessert,95.0,True,False,16,278
I002617,R0189,Masala Fries,snack,123.0,True,True,32,303
I002618,R0189,Veg Sandwich,snack,232.0,True,True,8,611
I002619,R0189,Corn on the Cob,snack,99.0,True,True,16,787
I002620,R0189,Kheer,dessert,54.0,True,True,57,840
I002621,R0189,Fried Rice,main_course,155.0,True,True,28,611
I002622,R0189,Fish Curry,main_course,204.0,True,True,46,812
I002623,R0189,Nachos,snack,83.0,True,True,53,802
I002624,R0189,Mineral Water,beverage,233.0,True,True,38,754
I002625,R0189,Veg Wrap,snack,129.0,True,True,22,809
I002626,R0189,Sweet Lassi,beverage,85.0,True,True,60,725
I002627,R0189,Garlic Bread (plain),snack,197.0,True,True,41,507
I002628,R0189,Watermelon Juice,beverage,153.0,True,True,44,741
I002629,R0189,Ice Cream (Vanilla),dessert,65.0,True,True,63,356
I002630,R0189,Corn on the Cob,snack,100.0,True,True,54,625
I002631,R0189,Veg Biryani,main_course,235.0,True,True,53,105
I002632,R0189,Rasgulla,dessert,195.0,True,True,72,655
I002633,R0190,Sev Puri,snack,185.0,False,True,25,220
I002634,R0190,Coleslaw,side_dish,248.0,True,True,48,699
I002635,R0190,Garlic Bread,side_dish,219.0,True,True,98,377
I002636,R0190,Coca-Cola,beverage,167.0,True,True,12,878
I002637,R0190,Chicken Tikka,starter,240.0,True,True,14,644
I002638,R0190,Mineral Water,beverage,161.0,True,True,88,531
I002639,R0190,Laccha Paratha,side_dish,85.0,True,True,74,227
I002640,R0190,Gulab Jamun,dessert,235.0,True,True,64,201
I002641,R0190,Dal Makhani,main_course,199.0,True,True,42,859
I002642,R0190,Salan,side_dish,132.0,True,True,57,305
I002643,R0190,Coca-Cola,beverage,210.0,False,True,86,389
I002644,R0190,Jeera Rice,side_dish,229.0,True,True,52,656
I002645,R0190,Ice Cream (Chocolate),dessert,99.0,False,True,49,707
I002646,R0190,Mutton Biryani,main_course,81.0,True,True,59,753
I002647,R0190,Sprite,beverage,113.0,True,True,86,885
I002648,R0190,Raita,side_dish,250.0,True,True,30,867
I002649,R0190,Fish Tikka,starter,245.0,False,True,26,460
I002650,R0190,Mango Lassi,beverage,57.0,True,True,55,817
I002651,R0190,Garlic Bread,side_dish,220.0,False,True,51,202
I002652,R0190,Garlic Bread,side_dish,74.0,True,True,38,368
I002653,R0191,Fried Rice,main_course,156.0,True,True,1,167
I002654,R0191,Fruit Custard,dessert,182.0,True,True,69,131
I002655,R0191,Veg Wrap,snack,273.0,False,True,47,466
I002656,R0191,Corn on the Cob,snack,279.0,False,True,21,317
I002657,R0191,Coca-Cola,beverage,209.0,True,True,80,710
I002658,R0191,French Fries,snack,321.0,False,True,65,652
I002659,R0191,Chicken Sandwich,snack,172.0,False,True,69,270
I002660,R0191,Coleslaw,side_dish,247.0,False,True,73,159
I002661,R0192,Gajar Ka Halwa,dessert,55.0,False,True,8,126
I002662,R0192,Hakka Noodles,main_course,96.0,False,True,94,133
I002663,R0192,Papad,side_dish,126.0,True,True,32,524
I002664,R0192,Fruit Custard,dessert,183.0,True,True,19,388
I002665,R0192,Veg Wrap,snack,186.0,True,True,21,158
I002666,R0192,Fruit Custard,dessert,155.0,True,True,1,428
I002667,R0192,Kheer,dessert,180.0,True,True,15,695
I002668,R0192,Coleslaw,side_dish,63.0,True,True,70,372
I002669,R0192,Coleslaw,side_dish,68.0,True,True,46,233
I002670,R0192,Fresh Lime Soda,beverage,170.0,False,True,41,551
I002671,R0192,Brownie,dessert,150.0,True,True,6,395
I002672,R0192,Sweet Lassi,beverage,67.0,False,True,99,105
I002673,R0192,Nachos,snack,78.0,True,True,70,459
I002674,R0192,Fried Rice,main_course,170.0,False,True,20,728
I002675,R0193,Ice Cream (Vanilla),dessert,202.0,True,True,43,186
I002676,R0193,Sweet Lassi,beverage,193.0,False,True,71,839
I002677,R0193,Paneer Butter Masala,main_course,109.0,True,True,67,390
I002678,R0193,Chicken Biryani,main_course,235.0,True,True,89,367
I002679,R0193,Mineral Water,beverage,98.0,False,True,45,450
I002680,R0193,Cheesecake Slice,dessert,113.0,True,True,90,570
I002681,R0193,Aloo Tikki,starter,201.0,False,True,6,832
I002682,R0193,Mango Shake,beverage,238.0,True,True,52,169
I002683,R0193,Mango Lassi,beverage,176.0,True,False,39,447
I002684,R0193,Sev Puri,snack,181.0,True,True,41,899
I002685,R0193,Hakka Noodles,main_course,178.0,True,True,52,788
I002686,R0193,Chicken Pizza,main_course,157.0,False,True,8,286
I002687,R0193,Steamed Rice,side_dish,195.0,False,True,59,187
I002688,R0193,Kulfi,dessert,134.0,True,True,26,372
I002689,R0194,Chocolate Mousse,dessert,173.0,False,True,48,679
I002690,R0194,Garlic Bread (plain),snack,252.0,True,True,51,467
I002691,R0194,Fruit Custard,dessert,180.0,False,True,67,242
I002692,R0194,Ice Cream (Chocolate),dessert,240.0,True,False,81,364
I002693,R0194,Gajar Ka Halwa,dessert,302.0,False,True,17,556
I002694,R0194,Steamed Rice,side_dish,230.0,False,True,76,868
I002695,R0194,Paneer Tikka,starter,133.0,False,True,4,512
I002696,R0194,Sweet Lassi,beverage,209.0,False,True,58,239
I002697,R0194,Coca-Cola,beverage,185.0,False,True,39,217
I002698,R0195,Ice Cream (Chocolate),dessert,488.0,True,False,33,531
I002699,R0195,Chicken Wings,starter,481.0,True,True,40,155
I002700,R0195,Rose Sharbat,beverage,456.0,True,True,82,390
I002701,R0195,Green Salad,side_dish,548.0,True,True,23,290
I002702,R0195,Rajma Chawal,main_course,349.0,True,False,94,293
I002703,R0195,Green Salad,side_dish,189.0,True,True,20,108
I002704,R0195,Steamed Rice,side_dish,349.0,True,True,78,821
I002705,R0195,Egg Curry,main_course,265.0,True,True,72,381
I002706,R0195,Steamed Rice,side_dish,399.0,True,True,72,561
I002707,R0195,Rajma Chawal,main_course,228.0,True,True,26,489
I002708,R0195,Samosa (2 pcs),starter,159.0,True,True,17,352
I002709,R0195,Veg Biryani,main_course,133.0,True,True,92,105
I002710,R0195,Buttermilk,beverage,218.0,True,True,39,497
I002711,R0195,Laccha Paratha,side_dish,165.0,True,True,57,140
I002712,R0195,Halwa,dessert,371.0,True,True,48,602
I002713,R0196,Coca-Cola,beverage,52.0,True,True,30,332
I002714,R0196,Fried Rice,main_course,105.0,True,True,75,420
I002715,R0196,Fresh Lime Soda,beverage,40.0,True,False,49,584
I002716,R0196,Sev Puri,snack,103.0,True,True,90,700
I002717,R0196,Butter Chicken,main_course,49.0,True,True,67,706
I002718,R0196,Samosa (2 pcs),starter,63.0,True,True,18,595
I002719,R0196,Laccha Paratha,side_dish,50.0,True,True,69,783
I002720,R0196,Rose Sharbat,beverage,63.0,True,False,47,481
I002721,R0196,Bhel Puri,snack,135.0,True,True,7,418
I002722,R0196,Raita,side_dish,121.0,True,True,34,561
I002723,R0196,Chicken Sandwich,snack,106.0,True,True,73,330
I002724,R0196,Cheesecake Slice,dessert,119.0,True,True,94,843
I002725,R0196,Butter Naan,side_dish,125.0,True,True,32,724
I002726,R0196,Mutton Biryani,main_course,136.0,True,True,51,493
I002727,R0196,Fruit Custard,dessert,116.0,True,True,39,551
I002728,R0196,Egg Curry,main_course,32.0,True,False,73,313
I002729,R0196,Butter Chicken,main_course,48.0,True,True,77,827
I002730,R0196,Salan,side_dish,77.0,True,False,44,489
I002731,R0197,Kheer,dessert,198.0,True,True,32,429
I002732,R0197,Hakka Noodles,main_course,199.0,True,True,84,663
I002733,R0197,Dal Makhani,main_course,56.0,True,True,81,207
I002734,R0197,Pita Bread,side_dish,178.0,True,True,34,537
I002735,R0197,Onion Rings,starter,194.0,True,True,66,447
I002736,R0197,Pita Bread,side_dish,100.0,True,True,35,394
I002737,R0197,Papad,side_dish,177.0,True,True,87,310
I002738,R0197,Papad,side_dish,102.0,True,True,83,104
I002739,R0197,Veg Sandwich,snack,205.0,True,True,18,711
I002740,R0197,Bhel Puri,snack,195.0,True,True,41,137
I002741,R0197,Hakka Noodles,main_course,108.0,True,True,22,384
I002742,R0197,Paneer Butter Masala,main_course,167.0,True,True,68,203
I002743,R0197,Chocolate Mousse,dessert,148.0,True,True,67,743
I002744,R0197,Mineral Water,beverage,236.0,True,True,26,350
I002745,R0197,Mango Shake,beverage,231.0,True,True,65,480
I002746,R0198,Veg Spring Rolls,starter,169.0,True,False,3,548
I002747,R0198,Margherita Pizza,main_course,82.0,True,True,48,381
I002748,R0198,Paneer Butter Masala,main_course,179.0,True,True,75,729
I002749,R0198,Margherita Pizza,main_course,133.0,True,True,86,220
I002750,R0198,Halwa,dessert,188.0,True,True,20,128
I002751,R0198,Buttermilk,beverage,76.0,True,True,65,742
I002752,R0198,Chicken Tikka,starter,85.0,True,True,38,596
I002753,R0198,Rasgulla,dessert,93.0,True,True,42,657
I002754,R0198,Chocolate Mousse,dessert,178.0,True,True,68,727
I002755,R0199,Nachos,snack,48.0,True,True,41,806
I002756,R0199,Aloo Tikki,starter,34.0,True,True,12,180
I002757,R0199,Hakka Noodles,main_course,50.0,True,True,28,136
I002758,R0199,Sprite,beverage,86.0,True,False,83,871
I002759,R0199,Aloo Tikki,starter,131.0,False,True,30,323
I002760,R0199,Mango Lassi,beverage,55.0,True,True,11,588
I002761,R0199,Sev Puri,snack,102.0,True,True,18,840
I002762,R0199,Raita,side_dish,41.0,True,True,54,359
I002763,R0200,Laccha Paratha,side_dish,145.0,True,True,4,862
I002764,R0200,Chicken Tikka,starter,158.0,True,True,39,261
I002765,R0200,Paneer Butter Masala,main_course,146.0,True,True,72,863
I002766,R0200,Cheesecake Slice,dessert,57.0,True,True,28,558
I002767,R0200,Papad,side_dish,124.0,True,True,92,363
I002768,R0200,Chicken Biryani,main_course,63.0,True,True,40,534
I002769,R0200,Corn on the Cob,snack,99.0,True,True,22,813
I002770,R0200,Kheer,dessert,117.0,True,True,15,363
I002771,R0200,Fish Tikka,starter,119.0,True,True,35,268
I002772,R0200,Veg Seekh Kebab,starter,53.0,True,True,44,452
I002773,R0200,Fresh Lime Soda,beverage,48.0,True,True,70,864
I002774,R0200,Chole Bhature,main_course,43.0,True,True,93,384
I002775,R0200,Masala Fries,snack,151.0,True,True,74,679
I002776,R0200,Mango Lassi,beverage,41.0,True,True,81,771
I002777,R0200,Margherita Pizza,main_course,127.0,True,True,51,647
I002778,R0200,Veg Sandwich,snack,55.0,True,True,76,701
I002779,R0201,Masala Chai,beverage,134.0,True,True,13,508
I002780,R0201,Gajar Ka Halwa,dessert,178.0,True,True,21,806
I002781,R0201,Garlic Bread,side_dish,119.0,True,True,81,841
I002782,R0201,Cold Coffee,beverage,69.0,True,True,41,427
I002783,R0201,Garlic Naan,side_dish,114.0,True,True,8,353
I002784,R0201,Rajma Chawal,main_course,66.0,True,True,20,199
I002785,R0201,Fish Curry,main_course,82.0,True,True,54,663
I002786,R0201,Salan,side_dish,153.0,True,True,58,850
I002787,R0201,Garlic Bread,side_dish,79.0,True,True,68,564
I002788,R0201,Coleslaw,side_dish,103.0,True,False,5,287
I002789,R0201,Butter Naan,side_dish,138.0,True,True,57,898
I002790,R0201,Samosa (2 pcs),starter,160.0,True,False,93,487
I002791,R0201,Corn on the Cob,snack,136.0,True,True,73,146
I002792,R0201,Pav Bhaji,starter,133.0,True,True,97,219
I002793,R0201,Garlic Bread (plain),snack,131.0,True,True,29,538
I002794,R0201,Masala Chai,beverage,97.0,True,True,76,209
I002795,R0202,Gajar Ka Halwa,dessert,567.0,True,True,74,224
I002796,R0202,Garlic Naan,side_dish,596.0,True,True,2,433
I002797,R0202,French Fries,snack,1090.0,True,False,56,263
I002798,R0202,Laccha Paratha,side_dish,686.0,True,True,19,716
I002799,R0202,Dal Makhani,main_course,991.0,False,True,55,178
I002800,R0202,Garlic Naan,side_dish,352.0,False,True,80,359
I002801,R0202,Sweet Lassi,beverage,872.0,False,True,16,257
I002802,R0202,Fish Tikka,starter,1111.0,True,True,80,666
I002803,R0202,Veg Wrap,snack,381.0,False,True,48,454
I002804,R0202,Chicken Biryani,main_course,822.0,True,True,91,623
I002805,R0202,Garlic Bread (plain),snack,933.0,False,True,82,153
I002806,R0202,Steamed Rice,side_dish,643.0,True,True,44,367
I002807,R0202,Gajar Ka Halwa,dessert,1038.0,False,True,14,151
I002808,R0202,Chicken Sandwich,snack,296.0,False,True,20,887
I002809,R0202,Papad,side_dish,823.0,True,True,41,194
I002810,R0202,Butter Naan,side_dish,722.0,True,True,79,349
I002811,R0202,Kulfi,dessert,463.0,True,True,17,467
I002812,R0202,Gajar Ka Halwa,dessert,643.0,True,True,85,316
I002813,R0203,Veg Wrap,snack,418.0,True,True,46,510
I002814,R0203,Samosa (2 pcs),starter,192.0,True,True,54,604
I002815,R0203,Watermelon Juice,beverage,197.0,False,True,92,750
I002816,R0203,Raita,side_dish,247.0,True,True,28,271
I002817,R0203,Aloo Tikki,starter,302.0,False,True,17,149
I002818,R0203,Mineral Water,beverage,311.0,True,True,16,312
I002819,R0203,Raita,side_dish,115.0,True,True,84,296
I002820,R0203,Chicken Tikka,starter,221.0,True,True,48,683
I002821,R0203,Mini Burgers,snack,420.0,True,True,59,423
I002822,R0203,Laccha Paratha,side_dish,221.0,False,True,53,849
I002823,R0203,Papad,side_dish,419.0,True,True,61,524
I002824,R0203,Gajar Ka Halwa,dessert,257.0,True,True,15,472
I002825,R0203,Egg Curry,main_course,156.0,True,False,67,192
I002826,R0204,Watermelon Juice,beverage,237.0,True,True,30,398
I002827,R0204,Rasgulla,dessert,92.0,False,False,73,622
I002828,R0204,Coca-Cola,beverage,142.0,True,True,87,734
I002829,R0204,Ice Cream (Chocolate),dessert,178.0,True,True,42,847
I002830,R0204,Masala Dosa,main_course,250.0,True,True,42,388
I002831,R0204,Chole Bhature,main_course,124.0,False,True,28,369
I002832,R0204,Cold Coffee,beverage,170.0,False,False,14,509
I002833,R0204,Mango Shake,beverage,168.0,False,True,70,119
I002834,R0205,Sev Puri,snack,151.0,True,True,6,883
I002835,R0205,Masala Dosa,main_course,163.0,True,True,61,647
I002836,R0205,Raita,side_dish,157.0,False,True,11,869
I002837,R0205,Chicken Wings,starter,134.0,False,True,12,542
I002838,R0205,Egg Curry,main_course,179.0,True,False,70,549
I002839,R0205,Mango Shake,beverage,192.0,True,True,24,305
I002840,R0205,Mango Shake,beverage,125.0,True,True,2,194
I002841,R0205,Rose Sharbat,beverage,174.0,True,True,1,898
I002842,R0205,Masala Chai,beverage,182.0,False,True,28,471
I002843,R0205,Chicken Tikka,starter,141.0,True,True,2,194
I002844,R0205,Masala Chai,beverage,53.0,False,True,28,522
I002845,R0205,Chocolate Mousse,dessert,78.0,True,True,70,178
I002846,R0205,Sprite,beverage,167.0,True,True,69,335
I002847,R0205,Veg Spring Rolls,starter,119.0,False,True,60,226
I002848,R0206,Garlic Bread (plain),snack,231.0,True,True,35,834
I002849,R0206,Fruit Custard,dessert,274.0,False,True,44,349
I002850,R0206,Salan,side_dish,309.0,True,True,54,605
I002851,R0206,Kheer,dessert,349.0,False,True,87,282
I002852,R0206,Cheesecake Slice,dessert,338.0,True,True,65,163
I002853,R0206,Kulfi,dessert,310.0,True,True,68,572
I002854,R0206,Masala Chai,beverage,269.0,True,True,38,281
I002855,R0206,Gajar Ka Halwa,dessert,447.0,False,True,11,453
I002856,R0206,Pasta Arrabiata,main_course,192.0,True,True,98,568
I002857,R0207,Fish Tikka,starter,30.0,False,True,65,810
I002858,R0207,Watermelon Juice,beverage,63.0,True,True,14,573
I002859,R0207,Mini Burgers,snack,41.0,True,True,81,129
I002860,R0207,Watermelon Juice,beverage,41.0,False,False,30,245
I002861,R0207,Gulab Jamun,dessert,62.0,True,True,62,130
I002862,R0207,Veg Seekh Kebab,starter,53.0,False,True,14,330
I002863,R0207,Ice Cream (Chocolate),dessert,93.0,True,True,56,596
I002864,R0207,Papad,side_dish,102.0,True,True,3,560
I002865,R0208,Samosa (2 pcs),starter,442.0,True,True,92,359
I002866,R0208,Coca-Cola,beverage,458.0,True,True,5,747
I002867,R0208,Garlic Naan,side_dish,439.0,True,True,91,535
I002868,R0208,Salan,side_dish,579.0,True,True,96,482
I002869,R0208,Watermelon Juice,beverage,443.0,True,True,5,783
I002870,R0208,Mini Burgers,snack,457.0,True,True,50,521
I002871,R0208,Veg Spring Rolls,starter,421.0,True,True,24,483
I002872,R0208,Chicken Tikka,starter,324.0,True,True,12,290
I002873,R0208,Green Salad,side_dish,333.0,True,True,87,464
I002874,R0208,Papad,side_dish,601.0,True,True,56,347
I002875,R0208,Butter Chicken,main_course,509.0,True,True,15,577
I002876,R0208,Aloo Tikki,starter,198.0,True,True,29,582
I002877,R0208,Hakka Noodles,main_course,379.0,True,True,82,646
I002878,R0208,Cheesecake Slice,dessert,235.0,True,True,10,827
I002879,R0208,Chicken Pizza,main_course,586.0,True,True,70,478
I002880,R0208,Sweet Lassi,beverage,169.0,True,True,41,822
I002881,R0208,Sev Puri,snack,292.0,True,True,13,461
I002882,R0208,Butter Naan,side_dish,421.0,True,True,70,687
I002883,R0208,Hakka Noodles,main_course,157.0,True,True,62,528
I002884,R0208,Chicken Tikka,starter,364.0,True,True,92,198
I002885,R0209,Sprite,beverage,580.0,True,True,2,618
I002886,R0209,Rasgulla,dessert,571.0,True,True,50,835
I002887,R0209,Veg Spring Rolls,starter,294.0,True,True,10,288
I002888,R0209,Paneer Butter Masala,main_course,678.0,True,True,42,421
I002889,R0209,Gajar Ka Halwa,dessert,468.0,True,True,78,797
I002890,R0209,Raita,side_dish,528.0,True,True,55,133
I002891,R0209,Fried Rice,main_course,655.0,True,True,26,439
I002892,R0209,Papad,side_dish,467.0,True,False,87,351
I002893,R0209,Chole Bhature,main_course,351.0,True,True,55,484
I002894,R0209,Masala Fries,snack,222.0,True,True,54,445
I002895,R0209,Popcorn Chicken,snack,363.0,True,True,6,587
I002896,R0209,Papad,side_dish,277.0,True,False,28,448
I002897,R0209,Veg Sandwich,snack,608.0,True,True,26,609
I002898,R0209,Rose Sharbat,beverage,704.0,True,True,55,524
I002899,R0209,Watermelon Juice,beverage,618.0,True,True,14,565
I002900,R0209,Butter Chicken,main_course,494.0,True,True,62,266
I002901,R0209,Mineral Water,beverage,360.0,True,False,84,607
I002902,R0209,Chole Bhature,main_course,573.0,True,True,39,284
I002903,R0209,Halwa,dessert,482.0,True,True,40,677
I002904,R0210,Rose Sharbat,beverage,125.0,True,True,67,668
I002905,R0210,Veg Wrap,snack,213.0,False,True,83,193
I002906,R0210,Rasgulla,dessert,453.0,True,True,66,721
I002907,R0210,Pita Bread,side_dish,401.0,False,True,94,882
I002908,R0210,Veg Sandwich,snack,342.0,False,True,8,151
I002909,R0210,Rose Sharbat,beverage,254.0,True,True,88,259
I002910,R0210,Laccha Paratha,side_dish,279.0,True,False,16,199
I002911,R0210,Onion Rings,starter,402.0,True,True,84,889
I002912,R0210,Pav Bhaji,starter,115.0,False,True,44,146
I002913,R0210,Pasta Arrabiata,main_course,236.0,False,True,21,528
I002914,R0211,Laccha Paratha,side_dish,136.0,True,True,48,125
I002915,R0211,Raita,side_dish,215.0,True,True,62,836
I002916,R0211,Brownie,dessert,55.0,True,True,44,577
I002917,R0211,Pav Bhaji,starter,62.0,True,True,13,513
I002918,R0211,Paneer Butter Masala,main_course,55.0,True,True,59,209
I002919,R0211,Rajma Chawal,main_course,230.0,True,True,1,292
I002920,R0211,Masala Dosa,main_course,136.0,False,True,80,196
I002921,R0211,Brownie,dessert,209.0,False,False,10,432
I002922,R0211,Brownie,dessert,190.0,True,False,58,855
I002923,R0211,Chocolate Mousse,dessert,152.0,True,True,44,804
I002924,R0211,Butter Naan,side_dish,147.0,True,True,45,159
I002925,R0211,Rasgulla,dessert,131.0,True,True,9,705
I002926,R0211,Ice Cream (Vanilla),dessert,178.0,True,True,40,865
I002927,R0211,Margherita Pizza,main_course,180.0,True,True,86,212
I002928,R0211,Garlic Bread,side_dish,65.0,False,True,7,752
I002929,R0211,Halwa,dessert,79.0,True,True,46,672
I002930,R0211,Chicken Nuggets,starter,64.0,False,True,68,713
I002931,R0211,Veg Wrap,snack,146.0,False,False,83,317
I002932,R0211,Halwa,dessert,124.0,False,True,20,821
I002933,R0211,Kulfi,dessert,120.0,True,False,39,852
I002934,R0212,Mango Shake,beverage,342.0,True,True,76,160
I002935,R0212,Bhel Puri,snack,179.0,False,True,78,355
I002936,R0212,Brownie,dessert,197.0,True,True,19,387
I002937,R0212,Papad,side_dish,107.0,True,True,36,310
I002938,R0212,Samosa (2 pcs),starter,113.0,False,True,37,161
I002939,R0212,Chicken Tikka,starter,234.0,True,True,93,419
I002940,R0212,Masala Dosa,main_course,223.0,True,False,81,281
I002941,R0212,French Fries,snack,86.0,True,True,79,158
I002942,R0212,Masala Fries,snack,187.0,True,True,79,848
I002943,R0212,Jeera Rice,side_dish,176.0,True,True,87,750
I002944,R0212,French Fries,snack,311.0,True,True,80,119
I002945,R0212,Gajar Ka Halwa,dessert,103.0,True,True,25,754
I002946,R0212,Sweet Lassi,beverage,254.0,True,True,44,606
I002947,R0212,Laccha Paratha,side_dish,149.0,True,True,39,556
I002948,R0212,Chicken Wings,starter,323.0,True,True,36,255
I002949,R0212,Green Salad,side_dish,335.0,True,True,79,527
I002950,R0212,Masala Chai,beverage,336.0,True,False,46,799
I002951,R0212,Watermelon Juice,beverage,335.0,True,True,37,874
I002952,R0213,Gajar Ka Halwa,dessert,997.0,True,True,21,387
I002953,R0213,Masala Chai,beverage,243.0,True,True,27,625
I002954,R0213,Mutton Biryani,main_course,967.0,True,True,85,380
I002955,R0213,Margherita Pizza,main_course,1028.0,True,True,55,285
I002956,R0213,Chicken Tikka,starter,306.0,True,True,9,127
I002957,R0213,Samosa (2 pcs),starter,818.0,True,True,70,894
I002958,R0213,Chicken Sandwich,snack,868.0,True,True,45,737
I002959,R0213,Sweet Lassi,beverage,546.0,True,True,7,510
I002960,R0213,Raita,side_dish,544.0,True,True,90,747
I002961,R0214,Rose Sharbat,beverage,201.0,True,True,7,136
I002962,R0214,Rajma Chawal,main_course,81.0,False,True,17,157
I002963,R0214,Fruit Custard,dessert,103.0,True,True,92,855
I002964,R0214,Masala Fries,snack,158.0,True,True,67,221
I002965,R0214,Salan,side_dish,316.0,True,True,4,577
I002966,R0214,Samosa (2 pcs),starter,354.0,False,True,22,356
I002967,R0214,Laccha Paratha,side_dish,136.0,False,True,49,687
I002968,R0214,Butter Naan,side_dish,334.0,True,True,84,751
I002969,R0214,Butter Naan,side_dish,273.0,True,True,59,435
I002970,R0214,Pav Bhaji,starter,344.0,True,True,95,834
I002971,R0214,Ice Cream (Chocolate),dessert,248.0,False,True,28,653
I002972,R0215,Rose Sharbat,beverage,167.0,True,True,31,103
I002973,R0215,Veg Spring Rolls,starter,286.0,True,False,77,311
I002974,R0215,Laccha Paratha,side_dish,542.0,True,True,61,455
I002975,R0215,Gajar Ka Halwa,dessert,130.0,False,False,36,597
I002976,R0215,Bhel Puri,snack,524.0,True,True,22,171
I002977,R0215,Watermelon Juice,beverage,225.0,False,True,53,700
I002978,R0215,Gajar Ka Halwa,dessert,296.0,True,True,92,421
I002979,R0215,Corn on the Cob,snack,477.0,True,True,79,510
I002980,R0215,Crispy Corn,starter,393.0,True,True,42,643
I002981,R0215,Fish Curry,main_course,495.0,True,True,22,749
I002982,R0215,Samosa (2 pcs),starter,234.0,True,True,41,240
I002983,R0215,Ice Cream (Vanilla),dessert,135.0,True,True,41,701
I002984,R0215,Chicken Nuggets,starter,428.0,False,True,51,569
I002985,R0215,Masala Dosa,main_course,426.0,False,True,59,703
I002986,R0215,Gajar Ka Halwa,dessert,172.0,False,True,47,559
I002987,R0215,Fruit Custard,dessert,447.0,True,True,71,432
I002988,R0215,Green Salad,side_dish,229.0,False,True,30,881
I002989,R0215,Mango Shake,beverage,523.0,False,True,19,623
I002990,R0215,Mineral Water,beverage,468.0,False,True,82,538
I002991,R0215,Mineral Water,beverage,464.0,True,True,93,788
I002992,R0216,Fish Tikka,starter,66.0,False,False,43,127
I002993,R0216,Pita Bread,side_dish,92.0,True,True,31,209
I002994,R0216,Garlic Bread (plain),snack,79.0,True,True,20,788
I002995,R0216,Ice Cream (Vanilla),dessert,180.0,False,False,33,224
I002996,R0216,Pasta Arrabiata,main_course,186.0,False,True,20,346
I002997,R0216,Pav Bhaji,starter,140.0,False,True,28,630
I002998,R0216,Veg Spring Rolls,starter,167.0,False,True,7,136
I002999,R0216,Garlic Bread (plain),snack,129.0,True,False,37,543
I003000,R0216,Salan,side_dish,159.0,True,True,87,257
I003001,R0216,Chicken Wings,starter,81.0,True,True,19,167
I003002,R0217,Butter Naan,side_dish,193.0,True,True,79,312
I003003,R0217,Salan,side_dish,89.0,True,True,69,124
I003004,R0217,Rasgulla,dessert,222.0,True,True,46,389
I003005,R0217,Salan,side_dish,224.0,True,True,68,314
I003006,R0217,Ice Cream (Vanilla),dessert,113.0,True,True,27,782
I003007,R0217,Raita,side_dish,231.0,True,True,45,885
I003008,R0217,Coleslaw,side_dish,125.0,True,True,20,576
I003009,R0217,Butter Naan,side_dish,74.0,True,True,1,552
I003010,R0217,Coca-Cola,beverage,90.0,True,True,9,321
I003011,R0217,Paneer Tikka,starter,88.0,True,True,8,627
I003012,R0217,Garlic Bread,side_dish,79.0,True,True,96,584
I003013,R0217,Veg Seekh Kebab,starter,113.0,True,True,44,242
I003014,R0217,Chicken Wings,starter,154.0,True,True,23,826
I003015,R0217,Cheesecake Slice,dessert,207.0,True,True,32,575
I003016,R0217,Steamed Rice,side_dish,207.0,True,True,13,471
I003017,R0217,Pasta Arrabiata,main_course,196.0,True,True,48,308
I003018,R0217,Veg Sandwich,snack,113.0,True,True,60,540
I003019,R0217,Fruit Custard,dessert,186.0,True,True,85,807
I003020,R0217,Kulfi,dessert,65.0,True,True,7,781
I003021,R0217,Cold Coffee,beverage,114.0,True,True,48,153
I003022,R0218,Veg Sandwich,snack,350.0,True,True,13,770
I003023,R0218,Mango Shake,beverage,311.0,True,True,63,292
I003024,R0218,Mango Shake,beverage,542.0,True,True,2,734
I003025,R0218,Veg Sandwich,snack,274.0,False,True,61,333
I003026,R0218,Egg Curry,main_course,181.0,False,True,82,638
I003027,R0218,Paneer Tikka,starter,384.0,False,True,94,327
I003028,R0218,Buttermilk,beverage,281.0,True,True,6,146
I003029,R0218,Rose Sharbat,beverage,398.0,True,False,9,730
I003030,R0218,Coleslaw,side_dish,392.0,True,True,46,242
I003031,R0218,Green Salad,side_dish,546.0,True,True,42,756
I003032,R0218,Fruit Custard,dessert,291.0,True,False,25,659
I003033,R0218,Halwa,dessert,255.0,False,True,63,503
I003034,R0218,Jeera Rice,side_dish,534.0,True,True,98,106
I003035,R0218,Rasgulla,dessert,177.0,False,True,14,180
I003036,R0218,Coca-Cola,beverage,406.0,True,True,4,587
I003037,R0218,Margherita Pizza,main_course,453.0,True,True,97,675
I003038,R0218,Papad,side_dish,338.0,False,True,7,203
I003039,R0219,Sprite,beverage,1105.0,False,True,3,191
I003040,R0219,Mango Shake,beverage,508.0,True,True,61,825
I003041,R0219,Pav Bhaji,starter,767.0,True,True,33,689
I003042,R0219,Garlic Naan,side_dish,417.0,True,True,87,361
I003043,R0219,Ice Cream (Vanilla),dessert,486.0,True,True,64,436
I003044,R0219,Pita Bread,side_dish,1034.0,False,True,4,785
I003045,R0219,Gulab Jamun,dessert,938.0,True,True,95,642
I003046,R0219,Paneer Butter Masala,main_course,1057.0,True,True,79,679
I003047,R0219,Garlic Bread (plain),snack,1049.0,False,True,70,743
I003048,R0219,Veg Biryani,main_course,995.0,False,False,10,212
I003049,R0219,Coca-Cola,beverage,657.0,True,True,7,880
I003050,R0219,Popcorn Chicken,snack,820.0,False,True,87,387
I003051,R0219,Garlic Bread,side_dish,587.0,True,True,72,732
I003052,R0219,Pita Bread,side_dish,1109.0,True,True,42,178
I003053,R0219,Rose Sharbat,beverage,478.0,True,True,64,287
I003054,R0220,Kheer,dessert,359.0,True,False,59,374
I003055,R0220,Salan,side_dish,152.0,True,True,6,383
I003056,R0220,Garlic Bread,side_dish,138.0,True,True,16,591
I003057,R0220,Nachos,snack,183.0,True,True,69,215
I003058,R0220,Mutton Biryani,main_course,491.0,True,True,28,671
I003059,R0220,Raita,side_dish,427.0,True,True,69,610
I003060,R0220,Steamed Rice,side_dish,493.0,True,True,78,657
I003061,R0220,Aloo Tikki,starter,240.0,True,True,88,214
I003062,R0220,Sev Puri,snack,174.0,True,True,86,477
I003063,R0220,Gulab Jamun,dessert,488.0,True,True,81,305
I003064,R0220,Samosa (2 pcs),starter,433.0,False,True,3,814
I003065,R0221,Veg Spring Rolls,starter,198.0,True,True,23,897
I003066,R0221,Garlic Bread (plain),snack,118.0,True,True,86,142
I003067,R0221,Coleslaw,side_dish,434.0,True,True,40,785
I003068,R0221,Fish Tikka,starter,409.0,True,True,79,210
I003069,R0221,Crispy Corn,starter,328.0,True,True,19,783
I003070,R0221,Fruit Custard,dessert,417.0,True,True,3,243
I003071,R0221,Salan,side_dish,299.0,True,False,38,424
I003072,R0221,Papad,side_dish,281.0,True,True,76,147
I003073,R0221,Margherita Pizza,main_course,310.0,True,True,9,831
I003074,R0221,Samosa (2 pcs),starter,358.0,True,True,26,825
I003075,R0221,Veg Sandwich,snack,232.0,True,True,81,812
I003076,R0221,Garlic Naan,side_dish,402.0,True,True,90,564
I003077,R0222,Pita Bread,side_dish,160.0,True,True,86,479
I003078,R0222,Mineral Water,beverage,62.0,True,True,3,775
I003079,R0222,Green Salad,side_dish,115.0,True,True,89,532
I003080,R0222,Halwa,dessert,46.0,True,True,79,195
I003081,R0222,Popcorn Chicken,snack,151.0,True,True,39,243
I003082,R0222,Gulab Jamun,dessert,104.0,True,True,66,716
I003083,R0222,Fruit Custard,dessert,72.0,True,True,80,274
I003084,R0222,Sweet Lassi,beverage,128.0,False,True,60,285
I003085,R0222,Chicken Wings,starter,124.0,True,True,56,655
I003086,R0222,Fish Curry,main_course,43.0,False,True,93,586
I003087,R0222,Masala Dosa,main_course,112.0,True,True,1,534
I003088,R0222,Fried Rice,main_course,130.0,False,True,27,308
I003089,R0222,Papad,side_dish,149.0,True,False,23,675
I003090,R0222,Rose Sharbat,beverage,67.0,False,True,20,800
I003091,R0222,Kheer,dessert,152.0,False,True,7,258
I003092,R0223,Papad,side_dish,122.0,True,True,81,327
I003093,R0223,Pav Bhaji,starter,122.0,True,True,31,852
I003094,R0223,Rasgulla,dessert,63.0,True,True,6,463
I003095,R0223,Jeera Rice,side_dish,62.0,True,True,98,111
I003096,R0223,Salan,side_dish,55.0,True,True,7,358
I003097,R0223,Rasgulla,dessert,61.0,True,True,38,710
I003098,R0223,Buttermilk,beverage,145.0,True,True,21,241
I003099,R0223,Hakka Noodles,main_course,47.0,True,True,4,146
I003100,R0223,Sprite,beverage,111.0,True,True,20,791
I003101,R0223,Fish Curry,main_course,90.0,True,True,62,823
I003102,R0223,Garlic Bread (plain),snack,107.0,True,True,36,488
I003103,R0223,Pasta Arrabiata,main_course,146.0,True,True,74,752
I003104,R0223,Veg Sandwich,snack,110.0,True,True,44,400
I003105,R0223,Gajar Ka Halwa,dessert,64.0,True,True,83,541
I003106,R0223,Gulab Jamun,dessert,51.0,True,False,8,648
I003107,R0223,Fish Curry,main_course,186.0,True,False,5,580
I003108,R0223,Mango Lassi,beverage,90.0,True,True,25,334
I003109,R0223,Masala Fries,snack,122.0,True,True,30,659
I003110,R0223,Mini Burgers,snack,162.0,True,False,55,401
I003111,R0224,Coca-Cola,beverage,457.0,True,True,56,221
I003112,R0224,Watermelon Juice,beverage,285.0,True,True,71,820
I003113,R0224,Steamed Rice,side_dish,433.0,True,True,26,745
I003114,R0224,Mineral Water,beverage,321.0,True,True,90,615
I003115,R0224,Sev Puri,snack,420.0,True,False,56,558
I003116,R0224,Green Salad,side_dish,320.0,True,True,86,488
I003117,R0224,Dal Makhani,main_course,339.0,True,True,47,833
I003118,R0224,Dal Makhani,main_course,211.0,True,True,24,386
I003119,R0224,Nachos,snack,457.0,True,True,61,650
I003120,R0225,Fruit Custard,dessert,155.0,False,True,9,889
I003121,R0225,Sprite,beverage,171.0,True,True,12,791
I003122,R0225,Laccha Paratha,side_dish,134.0,True,True,39,162
I003123,R0225,Salan,side_dish,149.0,False,True,21,320
I003124,R0225,Onion Rings,starter,43.0,False,True,19,174
I003125,R0225,Butter Chicken,main_course,50.0,False,True,34,116
I003126,R0225,Mini Burgers,snack,106.0,True,True,42,158
I003127,R0225,Cheesecake Slice,dessert,67.0,True,True,88,205
I003128,R0225,Samosa (2 pcs),starter,114.0,True,True,35,609
I003129,R0225,Fish Curry,main_course,81.0,False,True,66,307
I003130,R0226,Garlic Naan,side_dish,240.0,False,True,9,596
I003131,R0226,Crispy Corn,starter,243.0,False,True,94,874
I003132,R0226,Paneer Butter Masala,main_course,152.0,True,True,59,285
I003133,R0226,Rose Sharbat,beverage,139.0,True,True,25,382
I003134,R0226,Chicken Tikka,starter,200.0,False,True,42,415
I003135,R0226,Mango Lassi,beverage,341.0,False,True,96,481
I003136,R0226,Bhel Puri,snack,125.0,True,True,6,633
I003137,R0226,Masala Chai,beverage,232.0,True,True,64,557
I003138,R0226,Brownie,dessert,355.0,True,True,54,597
I003139,R0226,Coca-Cola,beverage,264.0,False,True,94,510
I003140,R0226,Veg Sandwich,snack,357.0,False,False,88,403
I003141,R0226,Butter Naan,side_dish,330.0,True,True,45,304
I003142,R0227,Mutton Biryani,main_course,65.0,True,True,6,351
I003143,R0227,Steamed Rice,side_dish,57.0,True,True,19,801
I003144,R0227,Garlic Bread (plain),snack,140.0,False,True,20,547
I003145,R0227,Raita,side_dish,126.0,True,True,65,598
I003146,R0227,Fish Tikka,starter,84.0,False,True,20,671
I003147,R0227,Buttermilk,beverage,69.0,True,True,36,467
I003148,R0227,Veg Spring Rolls,starter,54.0,False,True,84,767
I003149,R0227,Corn on the Cob,snack,169.0,True,False,25,702
I003150,R0227,Coca-Cola,beverage,70.0,True,True,30,670
I003151,R0227,Buttermilk,beverage,131.0,True,True,57,828
I003152,R0228,Kulfi,dessert,321.0,True,True,64,710
I003153,R0228,Ice Cream (Vanilla),dessert,161.0,False,True,7,675
I003154,R0228,French Fries,snack,360.0,True,True,54,760
I003155,R0228,Salan,side_dish,167.0,True,True,80,114
I003156,R0228,Butter Naan,side_dish,211.0,True,True,13,777
I003157,R0228,Fish Tikka,starter,204.0,True,True,5,357
I003158,R0228,Fried Rice,main_course,233.0,False,False,77,707
I003159,R0228,Aloo Tikki,starter,358.0,True,True,38,796
I003160,R0228,Egg Curry,main_course,184.0,True,False,70,576
I003161,R0228,Rasgulla,dessert,323.0,True,True,18,126
I003162,R0228,Mutton Biryani,main_course,371.0,True,True,90,691
I003163,R0228,Chicken Wings,starter,138.0,False,True,71,362
I003164,R0228,Veg Spring Rolls,starter,316.0,True,True,14,667
I003165,R0228,Kulfi,dessert,177.0,True,True,53,236
I003166,R0228,Veg Seekh Kebab,starter,150.0,True,True,14,686
I003167,R0229,Sev Puri,snack,285.0,True,True,61,172
I003168,R0229,Sweet Lassi,beverage,119.0,True,True,31,730
I003169,R0229,Coca-Cola,beverage,243.0,True,True,70,526
I003170,R0229,French Fries,snack,152.0,True,True,14,798
I003171,R0229,Rose Sharbat,beverage,109.0,True,True,40,679
I003172,R0229,Aloo Tikki,starter,231.0,True,True,57,285
I003173,R0229,Halwa,dessert,80.0,True,True,11,274
I003174,R0229,Bhel Puri,snack,141.0,True,True,2,860
I003175,R0229,Pav Bhaji,starter,185.0,True,True,41,296
I003176,R0229,Mini Burgers,snack,283.0,True,True,88,822
I003177,R0230,Masala Chai,beverage,277.0,True,True,70,791
I003178,R0230,Fruit Custard,dessert,250.0,True,True,15,227
I003179,R0230,Rose Sharbat,beverage,401.0,True,True,59,602
I003180,R0230,Fish Curry,main_course,146.0,False,True,25,643
I003181,R0230,Hakka Noodles,main_course,403.0,True,True,61,711
I003182,R0230,Cold Coffee,beverage,284.0,True,True,99,601
I003183,R0230,Pasta Arrabiata,main_course,332.0,True,True,19,780
I003184,R0230,Veg Seekh Kebab,starter,328.0,False,True,88,867
I003185,R0230,Garlic Bread,side_dish,247.0,True,True,22,309
I003186,R0230,Chicken Tikka,starter,208.0,True,True,52,736
I003187,R0230,Rajma Chawal,main_course,324.0,True,True,1,440
I003188,R0230,Fried Rice,main_course,351.0,True,True,46,603
I003189,R0230,Raita,side_dish,435.0,False,True,83,656
I003190,R0230,Paneer Tikka,starter,248.0,True,True,70,194
I003191,R0230,Steamed Rice,side_dish,279.0,True,True,55,249
I003192,R0230,Ice Cream (Vanilla),dessert,105.0,True,True,70,607
I003193,R0231,Laccha Paratha,side_dish,185.0,True,True,33,732
I003194,R0231,Veg Spring Rolls,starter,143.0,True,False,76,686
I003195,R0231,Mutton Biryani,main_course,149.0,False,True,64,448
I003196,R0231,Popcorn Chicken,snack,166.0,True,True,10,819
I003197,R0231,Nachos,snack,85.0,True,True,87,194
I003198,R0231,Masala Chai,beverage,117.0,False,True,92,751
I003199,R0231,Masala Chai,beverage,154.0,True,True,10,831
I003200,R0231,Pav Bhaji,starter,83.0,False,False,12,640
I003201,R0231,Masala Fries,snack,62.0,True,True,53,502
I003202,R0231,Ice Cream (Chocolate),dessert,73.0,True,True,70,288
I003203,R0231,Chicken Nuggets,starter,143.0,True,True,3,450
I003204,R0231,Halwa,dessert,177.0,True,True,24,633
I003205,R0231,Fried Rice,main_course,178.0,True,True,4,718
I003206,R0231,Laccha Paratha,side_dish,118.0,True,True,72,187
I003207,R0231,Veg Wrap,snack,159.0,True,True,20,534
I003208,R0231,Margherita Pizza,main_course,172.0,True,True,18,728
I003209,R0231,Veg Sandwich,snack,128.0,True,True,85,240
I003210,R0231,Bhel Puri,snack,106.0,True,True,38,164
I003211,R0232,Crispy Corn,starter,323.0,True,True,59,314
I003212,R0232,Chicken Tikka,starter,322.0,True,True,21,283
I003213,R0232,Fish Tikka,starter,351.0,True,True,89,882
I003214,R0232,Papad,side_dish,110.0,True,True,28,162
I003215,R0232,Rasgulla,dessert,303.0,True,True,21,815
I003216,R0232,Chicken Wings,starter,163.0,True,True,57,821
I003217,R0232,Rose Sharbat,beverage,278.0,True,True,83,767
I003218,R0232,Veg Biryani,main_course,253.0,True,True,1,773
I003219,R0232,Nachos,snack,267.0,True,True,76,551
I003220,R0232,Steamed Rice,side_dish,226.0,True,True,65,392
I003221,R0232,Samosa (2 pcs),starter,330.0,True,True,29,538
I003222,R0232,Garlic Naan,side_dish,431.0,True,True,48,815
I003223,R0232,Ice Cream (Chocolate),dessert,313.0,True,True,87,498
I003224,R0232,Mineral Water,beverage,254.0,True,True,89,193
I003225,R0232,Fresh Lime Soda,beverage,350.0,True,True,50,331
I003226,R0233,Steamed Rice,side_dish,799.0,True,True,58,417
I003227,R0233,Jeera Rice,side_dish,746.0,True,True,53,726
I003228,R0233,Ice Cream (Chocolate),dessert,801.0,True,False,18,775
I003229,R0233,Egg Curry,main_course,684.0,True,True,62,512
I003230,R0233,Fried Rice,main_course,465.0,True,True,56,205
I003231,R0233,Garlic Bread,side_dish,745.0,True,True,2,697
I003232,R0233,Dal Makhani,main_course,904.0,False,True,63,202
I003233,R0233,Fish Tikka,starter,260.0,False,True,5,134
I003234,R0233,Paneer Butter Masala,main_course,501.0,False,True,96,798
I003235,R0233,Rasgulla,dessert,831.0,True,True,65,870
I003236,R0233,Sprite,beverage,703.0,True,True,96,595
I003237,R0233,Pita Bread,side_dish,413.0,True,True,24,437
I003238,R0233,Garlic Bread (plain),snack,372.0,True,True,26,380
I003239,R0233,Veg Sandwich,snack,923.0,True,True,63,351
I003240,R0234,Watermelon Juice,beverage,200.0,True,True,28,653
I003241,R0234,Garlic Bread (plain),snack,265.0,True,True,3,476
I003242,R0234,Fresh Lime Soda,beverage,250.0,True,True,26,742
I003243,R0234,Masala Chai,beverage,297.0,True,True,52,260
I003244,R0234,Pita Bread,side_dish,291.0,True,True,64,587
I003245,R0234,Rose Sharbat,beverage,290.0,False,True,71,210
I003246,R0234,Chocolate Mousse,dessert,455.0,False,True,39,284
I003247,R0234,Laccha Paratha,side_dish,231.0,True,True,86,677
I003248,R0234,Butter Chicken,main_course,116.0,True,True,28,209
I003249,R0234,Salan,side_dish,280.0,False,True,54,489
I003250,R0234,Salan,side_dish,252.0,True,True,42,777
I003251,R0234,Onion Rings,starter,306.0,True,True,75,248
I003252,R0234,Steamed Rice,side_dish,112.0,True,True,91,572
I003253,R0234,Bhel Puri,snack,363.0,False,True,11,473
I003254,R0234,Papad,side_dish,412.0,True,True,60,324
I003255,R0234,Mango Shake,beverage,344.0,True,True,40,488
I003256,R0234,Dal Makhani,main_course,236.0,True,True,58,138
I003257,R0234,Gajar Ka Halwa,dessert,279.0,True,True,61,542
I003258,R0234,Margherita Pizza,main_course,169.0,False,True,67,238
I003259,R0234,Ice Cream (Chocolate),dessert,161.0,True,True,38,860
I003260,R0235,Mutton Biryani,main_course,61.0,True,False,68,116
I003261,R0235,Green Salad,side_dish,92.0,False,True,6,805
I003262,R0235,Mango Lassi,beverage,123.0,True,True,87,590
I003263,R0235,Rasgulla,dessert,76.0,True,True,6,483
I003264,R0235,Rasgulla,dessert,124.0,True,True,63,315
I003265,R0235,Veg Wrap,snack,100.0,True,True,16,457
I003266,R0235,Ice Cream (Chocolate),dessert,212.0,False,False,10,618
I003267,R0235,Buttermilk,beverage,183.0,True,True,28,427
I003268,R0235,Sprite,beverage,80.0,True,False,75,583
I003269,R0235,Mini Burgers,snack,215.0,True,True,39,812
I003270,R0235,Chicken Sandwich,snack,85.0,True,True,82,150
I003271,R0235,Rajma Chawal,main_course,235.0,True,True,6,879
I003272,R0235,Kheer,dessert,119.0,False,True,29,701
I003273,R0235,Cold Coffee,beverage,185.0,False,True,22,563
I003274,R0235,Coca-Cola,beverage,167.0,True,True,95,268
I003275,R0235,Samosa (2 pcs),starter,236.0,False,True,65,877
I003276,R0235,Chicken Nuggets,starter,118.0,False,False,67,574
I003277,R0235,Cold Coffee,beverage,143.0,True,True,11,655
I003278,R0235,Masala Chai,beverage,121.0,True,True,62,721
I003279,R0235,Egg Curry,main_course,155.0,False,True,90,197
I003280,R0236,Onion Rings,starter,109.0,True,True,43,242
I003281,R0236,Garlic Bread (plain),snack,130.0,True,True,93,396
I003282,R0236,Salan,side_dish,89.0,True,True,2,621
I003283,R0236,Fresh Lime Soda,beverage,175.0,False,True,67,343
I003284,R0236,Veg Spring Rolls,starter,205.0,False,True,81,873
I003285,R0236,Chole Bhature,main_course,164.0,False,False,97,219
I003286,R0236,Veg Spring Rolls,starter,202.0,False,False,86,100
I003287,R0236,Fresh Lime Soda,beverage,254.0,True,True,20,673
I003288,R0236,Veg Spring Rolls,starter,238.0,False,True,34,520
I003289,R0236,Corn on the Cob,snack,105.0,True,True,24,876
I003290,R0236,Raita,side_dish,185.0,True,True,93,700
I003291,R0236,Kulfi,dessert,215.0,True,False,32,200
I003292,R0236,Brownie,dessert,177.0,False,True,8,396
I003293,R0237,Garlic Naan,side_dish,94.0,True,True,10,692
I003294,R0237,Mineral Water,beverage,91.0,True,True,49,657
I003295,R0237,Egg Curry,main_course,158.0,False,True,54,572
I003296,R0237,Hakka Noodles,main_course,92.0,False,True,84,538
I003297,R0237,Rose Sharbat,beverage,164.0,True,True,96,210
I003298,R0237,Rajma Chawal,main_course,199.0,True,True,30,744
I003299,R0237,Ice Cream (Vanilla),dessert,186.0,True,True,72,255
I003300,R0237,Corn on the Cob,snack,84.0,True,True,91,480
I003301,R0237,Hakka Noodles,main_course,148.0,False,True,7,394
I003302,R0237,Ice Cream (Vanilla),dessert,126.0,False,True,34,851
I003303,R0237,Chicken Pizza,main_course,115.0,True,True,27,505
I003304,R0237,Ice Cream (Vanilla),dessert,172.0,False,True,68,848
I003305,R0237,Mini Burgers,snack,196.0,True,True,84,706
I003306,R0238,Salan,side_dish,48.0,True,True,84,409
I003307,R0238,Gajar Ka Halwa,dessert,67.0,True,True,22,138
I003308,R0238,Chicken Sandwich,snack,38.0,True,True,33,738
I003309,R0238,Veg Wrap,snack,87.0,True,False,57,171
I003310,R0238,Masala Chai,beverage,76.0,True,True,57,342
I003311,R0238,Masala Dosa,main_course,107.0,True,True,86,252
I003312,R0238,Sev Puri,snack,91.0,True,True,17,691
I003313,R0238,Pita Bread,side_dish,91.0,True,True,15,116
I003314,R0238,Mini Burgers,snack,30.0,True,True,18,826
I003315,R0238,Mini Burgers,snack,78.0,True,True,80,767
I003316,R0238,Egg Curry,main_course,37.0,True,True,23,759
I003317,R0239,Rasgulla,dessert,358.0,False,False,33,787
I003318,R0239,Ice Cream (Vanilla),dessert,549.0,True,True,95,134
I003319,R0239,Rajma Chawal,main_course,430.0,False,True,13,138
I003320,R0239,Halwa,dessert,188.0,False,True,33,700
I003321,R0239,Mini Burgers,snack,519.0,False,True,99,212
I003322,R0239,Chicken Nuggets,starter,561.0,False,True,31,736
I003323,R0239,Rasgulla,dessert,470.0,False,True,16,540
I003324,R0239,Veg Wrap,snack,364.0,True,False,52,403
I003325,R0239,Bhel Puri,snack,587.0,True,True,69,181
I003326,R0239,Fresh Lime Soda,beverage,507.0,True,False,55,205
I003327,R0239,Rose Sharbat,beverage,406.0,True,True,44,863
I003328,R0239,Paneer Tikka,starter,159.0,False,True,26,217
I003329,R0239,Steamed Rice,side_dish,559.0,True,True,46,716
I003330,R0239,Cold Coffee,beverage,197.0,True,True,27,509
I003331,R0240,Sev Puri,snack,253.0,True,True,92,895
I003332,R0240,Garlic Bread (plain),snack,448.0,True,True,73,656
I003333,R0240,Mineral Water,beverage,229.0,True,True,87,726
I003334,R0240,Sweet Lassi,beverage,213.0,False,True,57,658
I003335,R0240,Egg Curry,main_course,415.0,False,True,52,276
I003336,R0240,Garlic Bread,side_dish,396.0,True,True,17,487
I003337,R0240,Chicken Pizza,main_course,496.0,True,True,58,404
I003338,R0240,Masala Chai,beverage,173.0,True,True,38,730
I003339,R0240,Veg Sandwich,snack,249.0,True,True,41,789
I003340,R0240,Garlic Bread (plain),snack,318.0,False,True,43,171
I003341,R0241,Sweet Lassi,beverage,107.0,True,True,45,362
I003342,R0241,Fruit Custard,dessert,137.0,True,True,90,306
I003343,R0241,Hakka Noodles,main_course,101.0,True,True,5,363
I003344,R0241,Butter Naan,side_dish,128.0,True,True,55,652
I003345,R0241,Rose Sharbat,beverage,116.0,True,True,26,645
I003346,R0241,Dal Makhani,main_course,86.0,True,True,26,863
I003347,R0241,Mini Burgers,snack,152.0,True,True,31,393
I003348,R0241,Corn on the Cob,snack,123.0,True,True,50,507
I003349,R0241,Sprite,beverage,111.0,False,True,17,384
I003350,R0241,Chicken Nuggets,starter,104.0,False,True,33,476
I003351,R0241,Chicken Nuggets,starter,149.0,False,False,45,731
I003352,R0241,Steamed Rice,side_dish,105.0,True,True,82,451
I003353,R0241,Veg Wrap,snack,152.0,True,True,86,795
I003354,R0241,Chole Bhature,main_course,121.0,True,True,86,622
I003355,R0241,Rajma Chawal,main_course,37.0,True,True,46,865
I003356,R0241,Brownie,dessert,130.0,True,True,63,637
I003357,R0241,Masala Chai,beverage,126.0,True,True,92,324
I003358,R0242,Samosa (2 pcs),starter,84.0,True,True,12,635
I003359,R0242,Pav Bhaji,starter,111.0,True,True,81,528
I003360,R0242,Chicken Pizza,main_course,63.0,True,True,65,542
I003361,R0242,Salan,side_dish,53.0,True,True,10,843
I003362,R0242,Ice Cream (Chocolate),dessert,88.0,True,True,5,256
I003363,R0242,Chicken Tikka,starter,33.0,True,True,28,609
I003364,R0242,Nachos,snack,105.0,True,True,64,387
I003365,R0242,Halwa,dessert,96.0,False,True,4,636
I003366,R0242,Hakka Noodles,main_course,99.0,False,True,2,109
I003367,R0242,Samosa (2 pcs),starter,123.0,False,False,14,707
I003368,R0242,Garlic Naan,side_dish,80.0,False,True,69,767
I003369,R0242,Masala Chai,beverage,82.0,True,True,76,422
I003370,R0242,Crispy Corn,starter,123.0,False,True,18,390
I003371,R0242,Chocolate Mousse,dessert,125.0,True,True,72,845
I003372,R0242,Crispy Corn,starter,131.0,True,True,27,403
I003373,R0242,Laccha Paratha,side_dish,58.0,False,True,96,827
I003374,R0242,Pita Bread,side_dish,59.0,True,True,12,452
I003375,R0242,Fresh Lime Soda,beverage,33.0,True,True,24,286
I003376,R0242,Cold Coffee,beverage,61.0,True,True,44,303
I003377,R0243,Mango Shake,beverage,122.0,False,True,94,162
I003378,R0243,Veg Sandwich,snack,130.0,False,True,58,761
I003379,R0243,Mango Shake,beverage,86.0,True,True,63,110
I003380,R0243,Paneer Butter Masala,main_course,32.0,False,True,10,207
I003381,R0243,Samosa (2 pcs),starter,123.0,True,True,87,390
I003382,R0243,Halwa,dessert,47.0,True,True,11,383
I003383,R0243,Mango Shake,beverage,97.0,True,False,58,728
I003384,R0243,Fish Tikka,starter,62.0,True,True,83,101
I003385,R0243,Chicken Sandwich,snack,127.0,True,True,75,139
I003386,R0243,Chocolate Mousse,dessert,128.0,True,False,3,549
I003387,R0243,Kheer,dessert,116.0,False,True,4,843
I003388,R0243,Chicken Tikka,starter,84.0,True,True,21,293
I003389,R0243,Pav Bhaji,starter,40.0,False,True,90,610
I003390,R0243,Bhel Puri,snack,37.0,True,False,96,449
I003391,R0243,Hakka Noodles,main_course,98.0,True,False,27,698
I003392,R0243,Sprite,beverage,69.0,True,True,45,483
I003393,R0243,Egg Curry,main_course,56.0,False,True,87,387
I003394,R0243,Coca-Cola,beverage,61.0,False,True,72,846
I003395,R0244,Rose Sharbat,beverage,266.0,True,True,34,228
I003396,R0244,Raita,side_dish,542.0,True,True,14,701
I003397,R0244,Fruit Custard,dessert,748.0,False,False,24,189
I003398,R0244,Chicken Wings,starter,563.0,True,True,11,151
I003399,R0244,Mineral Water,beverage,349.0,False,True,74,105
I003400,R0244,Onion Rings,starter,584.0,True,False,67,510
I003401,R0244,Garlic Bread (plain),snack,334.0,False,True,21,383
I003402,R0244,Pita Bread,side_dish,242.0,True,True,33,381
I003403,R0244,Veg Biryani,main_course,217.0,True,False,5,473
I003404,R0245,Papad,side_dish,215.0,True,True,10,717
I003405,R0245,Garlic Bread,side_dish,88.0,False,True,74,819
I003406,R0245,Garlic Bread (plain),snack,98.0,True,True,56,139
I003407,R0245,Chicken Tikka,starter,83.0,True,True,6,384
I003408,R0245,Sweet Lassi,beverage,108.0,True,True,21,591
I003409,R0245,Veg Seekh Kebab,starter,94.0,True,True,2,848
I003410,R0245,Halwa,dessert,157.0,True,True,3,892
I003411,R0245,Laccha Paratha,side_dish,93.0,True,True,26,629
I003412,R0245,French Fries,snack,282.0,True,True,80,546
I003413,R0245,Chicken Biryani,main_course,106.0,True,True,6,893
I003414,R0245,Buttermilk,beverage,161.0,True,True,71,473
I003415,R0245,Mini Burgers,snack,171.0,False,True,81,865
I003416,R0245,Jeera Rice,side_dish,137.0,True,False,42,295
I003417,R0246,Chocolate Mousse,dessert,331.0,False,True,95,856
I003418,R0246,Bhel Puri,snack,301.0,False,True,7,552
I003419,R0246,Cheesecake Slice,dessert,350.0,False,True,79,842
I003420,R0246,Garlic Bread,side_dish,453.0,True,True,54,144
I003421,R0246,Fish Curry,main_course,511.0,False,True,98,194
I003422,R0246,Veg Seekh Kebab,starter,478.0,False,True,77,661
I003423,R0246,Raita,side_dish,452.0,True,True,80,176
I003424,R0246,Sweet Lassi,beverage,397.0,True,True,51,187
I003425,R0246,Masala Fries,snack,193.0,True,True,3,217
I003426,R0246,Rasgulla,dessert,371.0,True,True,34,478
I003427,R0246,Salan,side_dish,245.0,True,True,62,209
I003428,R0246,Mineral Water,beverage,526.0,True,True,57,397
I003429,R0246,Watermelon Juice,beverage,255.0,True,True,27,217
I003430,R0246,Chocolate Mousse,dessert,268.0,True,True,34,761
I003431,R0246,Buttermilk,beverage,206.0,True,True,82,653
I003432,R0247,Onion Rings,starter,174.0,True,True,45,488
I003433,R0247,Fruit Custard,dessert,63.0,True,True,46,340
I003434,R0247,Bhel Puri,snack,133.0,False,True,21,364
I003435,R0247,Garlic Naan,side_dish,177.0,True,True,8,864
I003436,R0247,Rose Sharbat,beverage,96.0,True,True,34,603
I003437,R0247,Veg Biryani,main_course,156.0,False,True,95,189
I003438,R0247,Rasgulla,dessert,189.0,True,True,61,514
I003439,R0247,Jeera Rice,side_dish,101.0,True,True,73,458
I003440,R0248,Chicken Biryani,main_course,174.0,True,True,27,797
I003441,R0248,Veg Sandwich,snack,513.0,True,True,34,877
I003442,R0248,Watermelon Juice,beverage,201.0,True,True,25,870
I003443,R0248,Veg Spring Rolls,starter,368.0,True,True,11,448
I003444,R0248,Cold Coffee,beverage,311.0,True,True,93,240
I003445,R0248,Mutton Biryani,main_course,300.0,True,True,8,874
I003446,R0248,Gulab Jamun,dessert,309.0,True,True,35,833
I003447,R0248,Gajar Ka Halwa,dessert,204.0,True,True,85,404
I003448,R0248,Mineral Water,beverage,117.0,True,True,41,464
I003449,R0248,Jeera Rice,side_dish,481.0,True,True,84,317
I003450,R0248,Rasgulla,dessert,476.0,True,True,12,154
I003451,R0248,Gulab Jamun,dessert,189.0,True,True,12,741
I003452,R0248,Cold Coffee,beverage,387.0,True,True,69,161
I003453,R0248,Rose Sharbat,beverage,139.0,True,True,39,567
I003454,R0249,Chicken Tikka,starter,71.0,False,True,42,109
I003455,R0249,Chicken Pizza,main_course,162.0,False,True,81,877
I003456,R0249,Cheesecake Slice,dessert,83.0,True,True,76,719
I003457,R0249,French Fries,snack,188.0,True,True,96,831
I003458,R0249,Fried Rice,main_course,233.0,True,True,55,465
I003459,R0249,Mini Burgers,snack,225.0,True,True,12,733
I003460,R0249,Gajar Ka Halwa,dessert,115.0,True,False,10,787
I003461,R0249,Green Salad,side_dish,76.0,True,True,81,888
I003462,R0249,Kheer,dessert,224.0,True,True,94,506
I003463,R0249,Pita Bread,side_dish,153.0,False,True,20,804
I003464,R0249,Sev Puri,snack,154.0,False,True,72,562
I003465,R0250,Sweet Lassi,beverage,185.0,False,False,73,600
I003466,R0250,Gajar Ka Halwa,dessert,148.0,True,True,33,121
I003467,R0250,Chicken Sandwich,snack,194.0,True,True,17,143
I003468,R0250,Garlic Naan,side_dish,106.0,False,True,9,378
I003469,R0250,Ice Cream (Chocolate),dessert,227.0,True,True,71,606
I003470,R0250,Onion Rings,starter,199.0,False,True,60,241
I003471,R0250,Mutton Biryani,main_course,60.0,True,True,62,886
I003472,R0250,Sprite,beverage,164.0,True,True,37,489
I003473,R0250,Crispy Corn,starter,184.0,False,True,50,855
I003474,R0250,Veg Spring Rolls,starter,177.0,True,True,11,698
I003475,R0250,Chicken Wings,starter,113.0,True,True,76,199
I003476,R0250,Watermelon Juice,beverage,146.0,True,True,58,639
I003477,R0250,Bhel Puri,snack,236.0,True,True,9,458
I003478,R0250,Fruit Custard,dessert,185.0,False,True,50,693
I003479,R0250,Samosa (2 pcs),starter,60.0,False,True,73,235
I003480,R0250,Coleslaw,side_dish,130.0,False,True,82,293
I003481,R0250,Margherita Pizza,main_course,204.0,True,True,95,386
I003482,R0250,Rasgulla,dessert,181.0,True,True,30,732
I003483,R0251,Cheesecake Slice,dessert,287.0,True,True,39,452
I003484,R0251,Veg Spring Rolls,starter,134.0,True,True,5,239
I003485,R0251,Gajar Ka Halwa,dessert,385.0,True,True,51,519
I003486,R0251,Rasgulla,dessert,584.0,True,True,2,128
I003487,R0251,Watermelon Juice,beverage,195.0,True,True,64,669
I003488,R0251,Gajar Ka Halwa,dessert,589.0,True,True,77,288
I003489,R0251,Ice Cream (Chocolate),dessert,499.0,True,True,65,382
I003490,R0251,Rasgulla,dessert,132.0,True,True,48,359
I003491,R0251,Hakka Noodles,main_course,180.0,True,True,68,799
I003492,R0251,Watermelon Juice,beverage,221.0,True,True,93,627
I003493,R0251,Veg Spring Rolls,starter,467.0,True,True,93,318
I003494,R0251,Coca-Cola,beverage,259.0,True,True,6,476
I003495,R0251,Jeera Rice,side_dish,171.0,True,True,78,107
I003496,R0251,Chicken Sandwich,snack,187.0,True,True,28,258
I003497,R0251,Samosa (2 pcs),starter,193.0,True,True,55,302
I003498,R0252,Nachos,snack,353.0,True,False,14,537
I003499,R0252,Chicken Wings,starter,447.0,True,True,17,585
I003500,R0252,Chicken Biryani,main_course,489.0,True,True,43,192
I003501,R0252,Raita,side_dish,448.0,True,True,23,798
I003502,R0252,Garlic Bread (plain),snack,219.0,True,True,75,767
I003503,R0252,Jeera Rice,side_dish,499.0,True,True,72,588
I003504,R0252,Chole Bhature,main_course,183.0,True,True,86,556
I003505,R0252,Garlic Bread (plain),snack,262.0,True,True,22,422
I003506,R0252,Veg Seekh Kebab,starter,214.0,True,True,72,681
I003507,R0252,Mango Shake,beverage,182.0,True,True,58,216
I003508,R0252,Onion Rings,starter,420.0,True,True,56,658
I003509,R0252,Buttermilk,beverage,568.0,True,True,31,370
I003510,R0252,Coleslaw,side_dish,475.0,True,True,3,265
I003511,R0252,Kulfi,dessert,460.0,True,True,45,783
I003512,R0252,Sprite,beverage,281.0,True,True,61,884
I003513,R0252,Sev Puri,snack,394.0,True,True,68,207
I003514,R0253,Chocolate Mousse,dessert,67.0,True,True,16,850
I003515,R0253,Aloo Tikki,starter,117.0,True,True,45,244
I003516,R0253,Sprite,beverage,116.0,True,True,12,583
I003517,R0253,Mango Shake,beverage,43.0,True,True,93,583
I003518,R0253,Halwa,dessert,89.0,True,True,74,898
I003519,R0253,Mutton Biryani,main_course,86.0,True,True,98,202
I003520,R0253,Halwa,dessert,150.0,True,True,71,451
I003521,R0253,Veg Seekh Kebab,starter,82.0,True,True,58,555
I003522,R0253,Sev Puri,snack,139.0,True,True,62,581
I003523,R0253,Gajar Ka Halwa,dessert,137.0,True,False,43,151
I003524,R0253,Garlic Naan,side_dish,116.0,True,True,67,158
I003525,R0253,Fresh Lime Soda,beverage,140.0,True,True,76,853
I003526,R0254,Bhel Puri,snack,184.0,False,True,67,201
I003527,R0254,Chocolate Mousse,dessert,100.0,False,True,20,298
I003528,R0254,Buttermilk,beverage,176.0,True,True,4,426
I003529,R0254,Veg Wrap,snack,139.0,True,True,15,886
I003530,R0254,Samosa (2 pcs),starter,252.0,True,True,3,425
I003531,R0254,Halwa,dessert,70.0,True,True,95,568
I003532,R0254,Egg Curry,main_course,134.0,False,True,70,580
I003533,R0254,Pav Bhaji,starter,165.0,True,True,1,889
I003534,R0254,Watermelon Juice,beverage,112.0,True,True,62,886
I003535,R0254,Mini Burgers,snack,112.0,True,False,22,694
I003536,R0254,Gajar Ka Halwa,dessert,82.0,True,True,28,146
I003537,R0254,Chicken Biryani,main_course,103.0,True,True,70,107
I003538,R0254,Fish Tikka,starter,148.0,True,True,67,752
I003539,R0254,Butter Chicken,main_course,157.0,True,True,16,377
I003540,R0254,Kulfi,dessert,91.0,True,True,64,240
I003541,R0254,Margherita Pizza,main_course,176.0,True,True,6,532
I003542,R0254,Chicken Nuggets,starter,207.0,False,True,32,704
I003543,R0254,French Fries,snack,161.0,False,True,45,883
I003544,R0254,Mango Shake,beverage,127.0,True,True,23,343
I003545,R0254,Rajma Chawal,main_course,205.0,False,True,88,690
I003546,R0255,Masala Chai,beverage,143.0,True,True,82,733
I003547,R0255,Cold Coffee,beverage,109.0,False,True,13,331
I003548,R0255,Veg Spring Rolls,starter,83.0,True,True,58,324
I003549,R0255,Coca-Cola,beverage,56.0,False,True,16,790
I003550,R0255,Garlic Bread (plain),snack,200.0,True,True,53,593
I003551,R0255,Buttermilk,beverage,100.0,False,True,14,889
I003552,R0255,Corn on the Cob,snack,51.0,False,True,58,424
I003553,R0255,Gulab Jamun,dessert,76.0,True,True,67,664
I003554,R0255,Ice Cream (Chocolate),dessert,167.0,True,False,76,442
I003555,R0255,Halwa,dessert,181.0,False,True,73,889
I003556,R0255,Bhel Puri,snack,220.0,False,True,51,379
I003557,R0255,Cold Coffee,beverage,51.0,True,True,57,261
I003558,R0255,Corn on the Cob,snack,182.0,True,True,40,357
I003559,R0255,Rasgulla,dessert,175.0,False,True,1,772
I003560,R0256,Garlic Bread,side_dish,117.0,False,True,21,756
I003561,R0256,Buttermilk,beverage,73.0,False,True,45,263
I003562,R0256,Mango Lassi,beverage,114.0,True,True,33,817
I003563,R0256,Sev Puri,snack,111.0,True,True,66,398
I003564,R0256,Popcorn Chicken,snack,72.0,True,False,76,293
I003565,R0256,Crispy Corn,starter,79.0,False,True,80,374
I003566,R0256,Raita,side_dish,96.0,True,True,15,258
I003567,R0256,Veg Seekh Kebab,starter,59.0,True,False,55,478
I003568,R0256,Butter Chicken,main_course,106.0,True,False,87,867
I003569,R0256,Kulfi,dessert,105.0,True,True,91,846
I003570,R0256,Green Salad,side_dish,112.0,True,True,80,753
I003571,R0256,Corn on the Cob,snack,81.0,True,True,99,519
I003572,R0256,Chicken Sandwich,snack,102.0,False,True,20,781
I003573,R0257,Papad,side_dish,172.0,True,True,63,411
I003574,R0257,Mutton Biryani,main_course,425.0,False,True,50,759
I003575,R0257,Nachos,snack,205.0,False,True,5,868
I003576,R0257,Chicken Wings,starter,303.0,False,True,10,341
I003577,R0257,Salan,side_dish,494.0,True,True,29,613
I003578,R0257,Fish Curry,main_course,201.0,True,True,1,865
I003579,R0257,Garlic Bread,side_dish,194.0,True,True,1,861
I003580,R0257,Fish Curry,main_course,114.0,False,True,36,594
I003581,R0257,Kheer,dessert,259.0,True,True,4,818
I003582,R0257,Veg Biryani,main_course,179.0,True,True,40,134
I003583,R0257,Masala Dosa,main_course,128.0,False,True,46,489
I003584,R0257,Steamed Rice,side_dish,351.0,True,True,30,893
I003585,R0257,Rajma Chawal,main_course,216.0,True,True,68,707
I003586,R0257,Gulab Jamun,dessert,165.0,True,True,81,333
I003587,R0257,Veg Seekh Kebab,starter,181.0,True,True,63,491
I003588,R0257,Steamed Rice,side_dish,237.0,False,True,55,492
I003589,R0257,Paneer Tikka,starter,193.0,True,True,37,702
I003590,R0258,Pasta Arrabiata,main_course,1134.0,False,True,53,502
I003591,R0258,Veg Spring Rolls,starter,522.0,True,False,95,221
I003592,R0258,Rajma Chawal,main_course,535.0,True,True,59,145
I003593,R0258,Green Salad,side_dish,1043.0,True,True,9,165
I003594,R0258,Pav Bhaji,starter,903.0,False,True,14,568
I003595,R0258,Egg Curry,main_course,477.0,True,True,67,433
I003596,R0258,Chocolate Mousse,dessert,934.0,True,True,60,557
I003597,R0258,Veg Wrap,snack,779.0,True,True,53,832
I003598,R0258,Garlic Bread (plain),snack,397.0,False,True,4,412
I003599,R0259,Paneer Tikka,starter,113.0,False,False,1,692
I003600,R0259,Mango Lassi,beverage,65.0,False,True,21,508
I003601,R0259,Mini Burgers,snack,239.0,True,True,50,327
I003602,R0259,Ice Cream (Vanilla),dessert,61.0,True,True,34,253
I003603,R0259,Bhel Puri,snack,83.0,False,True,13,606
I003604,R0259,Popcorn Chicken,snack,239.0,True,True,94,387
I003605,R0259,Steamed Rice,side_dish,85.0,True,True,68,717
I003606,R0259,Butter Chicken,main_course,131.0,True,True,11,833
I003607,R0259,Rajma Chawal,main_course,108.0,True,True,6,893
I003608,R0259,Egg Curry,main_course,79.0,False,True,22,536
I003609,R0259,Fried Rice,main_course,241.0,True,True,53,364
I003610,R0259,Cheesecake Slice,dessert,222.0,True,True,39,444
I003611,R0259,Mineral Water,beverage,110.0,True,True,32,605
I003612,R0260,Veg Biryani,main_course,156.0,False,True,65,567
I003613,R0260,Butter Naan,side_dish,149.0,False,True,85,796
I003614,R0260,Rasgulla,dessert,86.0,True,True,74,613
I003615,R0260,Cold Coffee,beverage,74.0,True,True,79,857
I003616,R0260,Fish Tikka,starter,76.0,True,True,29,341
I003617,R0260,Chicken Tikka,starter,86.0,True,True,53,681
I003618,R0260,Pasta Arrabiata,main_course,93.0,True,True,40,158
I003619,R0260,Paneer Tikka,starter,57.0,True,True,84,104
I003620,R0260,Cold Coffee,beverage,48.0,True,True,51,519
I003621,R0260,Ice Cream (Chocolate),dessert,74.0,True,True,44,125
I003622,R0260,Raita,side_dish,160.0,False,True,68,250
I003623,R0260,Pita Bread,side_dish,157.0,True,True,3,819
I003624,R0260,Masala Chai,beverage,96.0,True,True,48,298
I003625,R0260,Dal Makhani,main_course,110.0,False,True,50,693
I003626,R0260,Mango Lassi,beverage,92.0,True,True,27,619
I003627,R0260,Ice Cream (Chocolate),dessert,125.0,True,True,86,406
I003628,R0260,Fish Tikka,starter,97.0,True,True,28,146
I003629,R0261,Gulab Jamun,dessert,86.0,True,True,14,113
I003630,R0261,Mango Lassi,beverage,99.0,True,True,57,618
I003631,R0261,Mini Burgers,snack,55.0,True,False,65,842
I003632,R0261,Chicken Nuggets,starter,86.0,True,True,82,176
I003633,R0261,Jeera Rice,side_dish,184.0,True,True,8,196
I003634,R0261,Margherita Pizza,main_course,81.0,True,True,83,146
I003635,R0261,Garlic Naan,side_dish,159.0,True,True,3,773
I003636,R0261,Egg Curry,main_course,54.0,True,True,18,772
I003637,R0261,Pasta Arrabiata,main_course,181.0,True,True,81,880
I003638,R0261,Pita Bread,side_dish,48.0,True,True,74,546
I003639,R0261,Masala Fries,snack,102.0,True,True,46,411
I003640,R0261,Sprite,beverage,62.0,True,True,28,698
I003641,R0261,Samosa (2 pcs),starter,159.0,True,False,7,871
I003642,R0261,Chicken Sandwich,snack,51.0,True,True,56,871
I003643,R0261,Crispy Corn,starter,52.0,True,True,14,129
I003644,R0262,Coleslaw,side_dish,130.0,True,True,70,307
I003645,R0262,Aloo Tikki,starter,79.0,True,True,35,223
I003646,R0262,Masala Dosa,main_course,242.0,True,True,2,805
I003647,R0262,Chicken Pizza,main_course,129.0,False,True,41,667
I003648,R0262,Chocolate Mousse,dessert,226.0,False,True,75,248
I003649,R0262,Chicken Sandwich,snack,108.0,True,False,9,757
I003650,R0262,Paneer Tikka,starter,250.0,True,True,83,123
I003651,R0262,Rose Sharbat,beverage,94.0,False,True,93,377
I003652,R0262,Papad,side_dish,115.0,True,True,7,302
I003653,R0262,Sweet Lassi,beverage,79.0,True,True,20,658
I003654,R0263,Nachos,snack,115.0,False,True,72,776
I003655,R0263,Hakka Noodles,main_course,50.0,True,True,37,478
I003656,R0263,Fresh Lime Soda,beverage,112.0,False,True,50,831
I003657,R0263,Egg Curry,main_course,145.0,True,True,26,219
I003658,R0263,Brownie,dessert,107.0,True,True,32,618
I003659,R0263,Nachos,snack,145.0,True,True,88,413
I003660,R0263,Fruit Custard,dessert,54.0,True,False,69,795
I003661,R0263,Samosa (2 pcs),starter,75.0,True,True,92,785
I003662,R0263,Mango Lassi,beverage,150.0,True,False,98,834
I003663,R0263,Garlic Bread (plain),snack,112.0,True,True,13,736
I003664,R0263,Margherita Pizza,main_course,154.0,False,True,96,109
I003665,R0264,Laccha Paratha,side_dish,161.0,False,True,84,527
I003666,R0264,Fresh Lime Soda,beverage,132.0,True,True,16,715
I003667,R0264,French Fries,snack,274.0,False,True,65,202
I003668,R0264,Rose Sharbat,beverage,140.0,True,True,3,442
I003669,R0264,French Fries,snack,152.0,False,False,2,561
I003670,R0264,Fruit Custard,dessert,168.0,False,True,23,729
I003671,R0264,Butter Naan,side_dish,257.0,True,True,8,597
I003672,R0264,Steamed Rice,side_dish,145.0,True,True,99,868
I003673,R0264,Ice Cream (Chocolate),dessert,256.0,False,False,28,270
I003674,R0264,Egg Curry,main_course,268.0,True,True,3,876
I003675,R0264,Garlic Bread,side_dish,247.0,True,True,17,604
I003676,R0264,Coleslaw,side_dish,80.0,True,False,36,511
I003677,R0264,Gajar Ka Halwa,dessert,233.0,True,True,58,643
I003678,R0264,Masala Fries,snack,281.0,False,True,11,467
I003679,R0264,Cold Coffee,beverage,111.0,True,True,50,612
I003680,R0264,Crispy Corn,starter,168.0,True,True,41,266
I003681,R0264,Pav Bhaji,starter,173.0,True,True,90,570
I003682,R0265,Green Salad,side_dish,49.0,True,True,54,534
I003683,R0265,Buttermilk,beverage,68.0,True,True,97,523
I003684,R0265,Steamed Rice,side_dish,136.0,True,True,44,267
I003685,R0265,Chicken Nuggets,starter,136.0,True,True,50,706
I003686,R0265,Pav Bhaji,starter,131.0,False,True,93,871
I003687,R0265,Pasta Arrabiata,main_course,125.0,False,True,57,339
I003688,R0265,Chicken Wings,starter,88.0,True,True,62,251
I003689,R0265,Masala Chai,beverage,77.0,True,True,34,816
I003690,R0265,Chicken Sandwich,snack,137.0,False,True,94,157
I003691,R0265,Mango Shake,beverage,96.0,True,True,12,184
I003692,R0266,Chicken Tikka,starter,419.0,True,True,98,119
I003693,R0266,Chicken Pizza,main_course,501.0,True,True,64,655
I003694,R0266,Paneer Tikka,starter,481.0,False,True,54,868
I003695,R0266,Gajar Ka Halwa,dessert,435.0,False,True,42,764
I003696,R0266,Veg Spring Rolls,starter,366.0,True,True,90,248
I003697,R0266,Gulab Jamun,dessert,426.0,False,True,54,493
I003698,R0266,Mini Burgers,snack,494.0,True,True,8,488
I003699,R0266,Veg Seekh Kebab,starter,126.0,False,True,12,379
I003700,R0266,Masala Dosa,main_course,221.0,False,True,58,174
I003701,R0267,Aloo Tikki,starter,238.0,True,True,49,746
I003702,R0267,Masala Fries,snack,695.0,True,True,40,384
I003703,R0267,Veg Wrap,snack,536.0,True,True,25,521
I003704,R0267,Chicken Nuggets,starter,315.0,True,True,21,387
I003705,R0267,Chole Bhature,main_course,795.0,False,True,79,475
I003706,R0267,Mini Burgers,snack,509.0,True,True,12,487
I003707,R0267,Chicken Wings,starter,632.0,False,True,33,624
I003708,R0267,Mini Burgers,snack,700.0,True,True,69,373
I003709,R0267,Chocolate Mousse,dessert,441.0,False,True,35,689
I003710,R0267,Margherita Pizza,main_course,776.0,False,True,9,487
I003711,R0267,Green Salad,side_dish,297.0,True,True,44,683
I003712,R0267,Masala Chai,beverage,775.0,True,True,82,695
I003713,R0267,Veg Seekh Kebab,starter,554.0,True,True,88,439
I003714,R0267,Chicken Wings,starter,424.0,True,True,70,423
I003715,R0267,Margherita Pizza,main_course,555.0,True,True,47,588
I003716,R0267,Kulfi,dessert,451.0,True,True,58,232
I003717,R0267,Mini Burgers,snack,234.0,True,False,99,455
I003718,R0268,Rose Sharbat,beverage,326.0,True,True,23,370
I003719,R0268,Masala Chai,beverage,306.0,True,True,55,741
I003720,R0268,Dal Makhani,main_course,648.0,True,False,87,808
I003721,R0268,Samosa (2 pcs),starter,583.0,True,True,56,896
I003722,R0268,Sweet Lassi,beverage,710.0,True,True,36,215
I003723,R0268,Papad,side_dish,993.0,True,True,85,441
I003724,R0268,Veg Sandwich,snack,702.0,True,True,76,897
I003725,R0268,Fish Curry,main_course,924.0,True,True,82,301
I003726,R0268,Onion Rings,starter,514.0,True,True,12,422
I003727,R0268,Fish Tikka,starter,656.0,True,True,54,571
I003728,R0268,Masala Fries,snack,953.0,True,True,19,844
I003729,R0268,Chicken Nuggets,starter,448.0,True,True,4,850
I003730,R0268,Coleslaw,side_dish,251.0,True,True,18,581
I003731,R0268,Cold Coffee,beverage,753.0,True,True,84,141
I003732,R0268,Fruit Custard,dessert,457.0,True,True,85,794
I003733,R0268,Butter Chicken,main_course,342.0,True,False,76,586
I003734,R0268,Chicken Biryani,main_course,827.0,True,True,97,450
I003735,R0268,Fish Tikka,starter,553.0,True,True,83,701
I003736,R0268,Papad,side_dish,660.0,True,True,47,765
I003737,R0269,Hakka Noodles,main_course,662.0,True,True,56,824
I003738,R0269,Mango Shake,beverage,603.0,True,True,35,788
I003739,R0269,Sweet Lassi,beverage,778.0,True,True,31,195
I003740,R0269,Brownie,dessert,344.0,True,True,19,386
I003741,R0269,Veg Biryani,main_course,787.0,True,True,51,477
I003742,R0269,Crispy Corn,starter,234.0,True,True,43,834
I003743,R0269,Fish Curry,main_course,481.0,False,True,81,591
I003744,R0269,Mutton Biryani,main_course,496.0,False,True,24,641
I003745,R0269,Cheesecake Slice,dessert,500.0,True,True,79,536
I003746,R0269,Hakka Noodles,main_course,734.0,False,True,10,833
I003747,R0269,Sev Puri,snack,682.0,True,True,20,111
I003748,R0269,Garlic Bread (plain),snack,654.0,False,True,5,419
I003749,R0269,Chicken Pizza,main_course,718.0,False,True,21,115
I003750,R0270,Chicken Biryani,main_course,169.0,False,True,40,375
I003751,R0270,Mineral Water,beverage,103.0,False,True,52,632
I003752,R0270,Kheer,dessert,205.0,True,True,25,149
I003753,R0270,Chicken Biryani,main_course,206.0,True,True,19,522
I003754,R0270,Masala Chai,beverage,195.0,False,False,95,292
I003755,R0270,Chicken Biryani,main_course,300.0,True,True,7,250
I003756,R0270,Chicken Wings,starter,223.0,True,True,6,821
I003757,R0270,Ice Cream (Vanilla),dessert,89.0,True,True,64,707
I003758,R0270,Masala Fries,snack,90.0,True,True,97,279
I003759,R0270,Hakka Noodles,main_course,194.0,False,True,15,453
I003760,R0270,Masala Fries,snack,152.0,True,True,52,522
I003761,R0270,Masala Dosa,main_course,257.0,False,True,92,221
I003762,R0270,Salan,side_dish,191.0,True,True,92,678
I003763,R0270,Paneer Butter Masala,main_course,70.0,True,True,47,720
I003764,R0270,Kulfi,dessert,240.0,True,False,60,261
I003765,R0270,Samosa (2 pcs),starter,281.0,True,True,42,627
I003766,R0270,Garlic Bread (plain),snack,177.0,False,True,32,758
I003767,R0270,Papad,side_dish,130.0,True,True,1,807
I003768,R0271,Kheer,dessert,334.0,True,True,13,522
I003769,R0271,Chocolate Mousse,dessert,633.0,True,True,24,885
I003770,R0271,Cold Coffee,beverage,935.0,True,True,47,763
I003771,R0271,Hakka Noodles,main_course,476.0,False,True,31,312
I003772,R0271,Cold Coffee,beverage,780.0,True,True,36,111
I003773,R0271,Fish Tikka,starter,792.0,False,True,32,832
I003774,R0271,Mineral Water,beverage,584.0,True,True,38,537
I003775,R0271,Steamed Rice,side_dish,482.0,True,True,50,897
I003776,R0271,Egg Curry,main_course,526.0,False,True,29,319
I003777,R0271,Masala Fries,snack,475.0,True,True,42,522
I003778,R0271,Rasgulla,dessert,601.0,True,True,20,172
I003779,R0271,Popcorn Chicken,snack,932.0,False,True,59,752
I003780,R0271,Sprite,beverage,768.0,False,True,67,555
I003781,R0271,Mango Shake,beverage,527.0,False,True,23,228
I003782,R0271,Pasta Arrabiata,main_course,813.0,True,True,74,728
I003783,R0271,Veg Biryani,main_course,369.0,False,True,13,504
I003784,R0272,Chicken Pizza,main_course,74.0,False,True,91,469
I003785,R0272,Bhel Puri,snack,111.0,True,True,57,639
I003786,R0272,Veg Spring Rolls,starter,73.0,True,True,51,446
I003787,R0272,Pita Bread,side_dish,35.0,True,True,66,270
I003788,R0272,Chicken Nuggets,starter,109.0,True,True,51,683
I003789,R0272,Papad,side_dish,31.0,False,True,63,769
I003790,R0272,Buttermilk,beverage,47.0,True,True,38,610
I003791,R0272,Pita Bread,side_dish,88.0,True,True,48,631
I003792,R0272,Mango Shake,beverage,31.0,True,False,75,219
I003793,R0272,Steamed Rice,side_dish,84.0,True,True,62,583
I003794,R0272,Masala Chai,beverage,73.0,True,True,97,256
I003795,R0272,Fruit Custard,dessert,93.0,True,True,78,284
I003796,R0272,Veg Spring Rolls,starter,49.0,True,True,30,451
I003797,R0272,Butter Naan,side_dish,61.0,True,False,60,250
I003798,R0272,Jeera Rice,side_dish,107.0,False,True,59,717
I003799,R0272,Gulab Jamun,dessert,30.0,True,True,14,510
I003800,R0272,Brownie,dessert,73.0,True,True,14,342
I003801,R0273,French Fries,snack,101.0,False,True,61,265
I003802,R0273,Veg Biryani,main_course,162.0,False,True,18,660
I003803,R0273,Rasgulla,dessert,93.0,True,True,92,484
I003804,R0273,Veg Wrap,snack,157.0,False,True,40,871
I003805,R0273,Veg Wrap,snack,93.0,True,True,64,752
I003806,R0273,Veg Biryani,main_course,53.0,False,True,13,868
I003807,R0273,Papad,side_dish,173.0,True,True,85,516
I003808,R0273,Veg Wrap,snack,71.0,False,True,3,641
I003809,R0273,French Fries,snack,98.0,False,True,73,421
I003810,R0273,Mango Shake,beverage,162.0,False,True,63,327
I003811,R0273,Fish Tikka,starter,67.0,True,True,24,562
I003812,R0273,Masala Dosa,main_course,94.0,False,True,22,399
I003813,R0273,French Fries,snack,89.0,True,True,41,169
I003814,R0273,Veg Wrap,snack,141.0,True,True,52,307
I003815,R0273,Masala Fries,snack,112.0,True,True,26,253
I003816,R0273,Onion Rings,starter,163.0,True,True,51,197
I003817,R0273,Rose Sharbat,beverage,198.0,True,True,36,145
I003818,R0274,Rajma Chawal,main_course,51.0,False,True,89,614
I003819,R0274,Veg Wrap,snack,74.0,True,True,39,568
I003820,R0274,Corn on the Cob,snack,72.0,False,True,30,463
I003821,R0274,Fish Curry,main_course,89.0,False,True,33,713
I003822,R0274,Garlic Bread,side_dish,107.0,True,True,87,202
I003823,R0274,Butter Chicken,main_course,101.0,True,True,92,274
I003824,R0274,Fried Rice,main_course,46.0,True,True,73,163
I003825,R0274,Rasgulla,dessert,63.0,True,True,22,601
I003826,R0274,Cold Coffee,beverage,30.0,True,True,22,134
I003827,R0274,Paneer Butter Masala,main_course,33.0,False,False,56,422
I003828,R0274,Onion Rings,starter,90.0,False,True,28,715
I003829,R0274,Mango Lassi,beverage,52.0,False,True,67,224
I003830,R0274,Rose Sharbat,beverage,51.0,True,True,15,212
I003831,R0274,Cold Coffee,beverage,78.0,True,True,19,108
I003832,R0274,Pav Bhaji,starter,106.0,True,True,49,201
I003833,R0275,Dal Makhani,main_course,95.0,True,False,12,394
I003834,R0275,Steamed Rice,side_dish,251.0,True,True,60,235
I003835,R0275,Green Salad,side_dish,95.0,True,True,55,108
I003836,R0275,Sev Puri,snack,307.0,True,True,39,587
I003837,R0275,Jeera Rice,side_dish,221.0,True,True,33,675
I003838,R0275,Watermelon Juice,beverage,301.0,True,True,66,600
I003839,R0275,Onion Rings,starter,160.0,True,False,98,838
I003840,R0275,Ice Cream (Chocolate),dessert,217.0,True,True,82,168
I003841,R0275,Fish Tikka,starter,107.0,True,True,15,219
I003842,R0275,Samosa (2 pcs),starter,249.0,True,True,40,476
I003843,R0275,French Fries,snack,262.0,True,True,54,304
I003844,R0275,Veg Seekh Kebab,starter,205.0,True,True,79,625
I003845,R0275,Rajma Chawal,main_course,285.0,True,True,41,770
I003846,R0275,Butter Naan,side_dish,145.0,True,True,89,534
I003847,R0275,Chicken Sandwich,snack,158.0,True,True,49,842
I003848,R0275,Sweet Lassi,beverage,75.0,True,True,7,545
I003849,R0275,Salan,side_dish,104.0,True,True,1,460
I003850,R0275,Dal Makhani,main_course,234.0,True,True,77,237
I003851,R0275,Jeera Rice,side_dish,90.0,True,False,93,292
I003852,R0275,Rose Sharbat,beverage,209.0,True,True,10,320
I003853,R0276,Fresh Lime Soda,beverage,735.0,True,True,65,268
I003854,R0276,Raita,side_dish,595.0,True,True,2,172
I003855,R0276,Veg Seekh Kebab,starter,768.0,True,True,61,207
I003856,R0276,Fried Rice,main_course,777.0,True,True,56,248
I003857,R0276,Chole Bhature,main_course,507.0,True,True,28,220
I003858,R0276,Pav Bhaji,starter,568.0,True,True,60,122
I003859,R0276,Margherita Pizza,main_course,260.0,True,False,96,406
I003860,R0276,Corn on the Cob,snack,760.0,True,True,30,884
I003861,R0276,Fish Tikka,starter,750.0,True,True,86,424
I003862,R0276,Chicken Nuggets,starter,672.0,True,True,58,414
I003863,R0276,Corn on the Cob,snack,419.0,True,True,57,375
I003864,R0276,Samosa (2 pcs),starter,519.0,True,True,63,344
I003865,R0276,Chicken Biryani,main_course,551.0,True,True,16,334
I003866,R0276,Ice Cream (Vanilla),dessert,251.0,True,True,50,576
I003867,R0276,Rajma Chawal,main_course,913.0,True,True,98,577
I003868,R0276,Veg Wrap,snack,963.0,True,True,86,667
I003869,R0276,Coleslaw,side_dish,419.0,True,True,33,293
I003870,R0276,Chicken Biryani,main_course,619.0,True,False,36,115
I003871,R0276,Veg Biryani,main_course,414.0,True,True,9,689
I003872,R0277,Mutton Biryani,main_course,64.0,False,True,67,857
I003873,R0277,Buttermilk,beverage,164.0,True,False,11,662
I003874,R0277,Coleslaw,side_dish,172.0,True,True,78,557
I003875,R0277,Veg Wrap,snack,141.0,True,True,53,254
I003876,R0277,Hakka Noodles,main_course,92.0,True,True,72,190
I003877,R0277,Fish Curry,main_course,186.0,False,True,28,378
I003878,R0277,Cold Coffee,beverage,178.0,True,True,26,313
I003879,R0277,Hakka Noodles,main_course,53.0,True,True,6,595
I003880,R0277,Cheesecake Slice,dessert,162.0,True,True,31,188
I003881,R0277,Corn on the Cob,snack,192.0,True,True,59,195
I003882,R0277,Aloo Tikki,starter,164.0,True,True,21,633
I003883,R0277,Fish Tikka,starter,50.0,True,True,21,601
I003884,R0277,Mango Lassi,beverage,186.0,False,True,25,315
I003885,R0277,Chole Bhature,main_course,194.0,True,True,73,853
I003886,R0278,Chicken Wings,starter,184.0,False,True,44,780
I003887,R0278,Garlic Bread (plain),snack,166.0,True,True,39,304
I003888,R0278,Rasgulla,dessert,218.0,True,True,43,493
I003889,R0278,Chicken Sandwich,snack,126.0,True,True,21,493
I003890,R0278,Kulfi,dessert,194.0,True,True,92,193
I003891,R0278,Corn on the Cob,snack,199.0,True,True,38,257
I003892,R0278,Masala Dosa,main_course,203.0,True,True,50,544
I003893,R0278,Dal Makhani,main_course,279.0,True,True,67,874
I003894,R0278,Sweet Lassi,beverage,151.0,False,True,62,124
I003895,R0278,Samosa (2 pcs),starter,272.0,True,True,18,221
I003896,R0278,Veg Wrap,snack,270.0,False,True,89,614
I003897,R0278,Mineral Water,beverage,230.0,True,False,39,718
I003898,R0278,Chicken Sandwich,snack,188.0,True,True,29,305
I003899,R0278,Green Salad,side_dish,191.0,True,True,80,504
I003900,R0278,Garlic Naan,side_dish,199.0,True,True,53,529
I003901,R0278,Crispy Corn,starter,169.0,False,True,8,286
I003902,R0279,Kulfi,dessert,218.0,True,True,67,538
I003903,R0279,Hakka Noodles,main_course,452.0,True,True,79,721
I003904,R0279,Masala Dosa,main_course,442.0,True,True,11,718
I003905,R0279,Rasgulla,dessert,474.0,True,True,27,390
I003906,R0279,Rajma Chawal,main_course,297.0,True,True,20,363
I003907,R0279,Nachos,snack,377.0,True,True,32,637
I003908,R0279,Green Salad,side_dish,471.0,True,True,86,117
I003909,R0279,Chicken Sandwich,snack,354.0,True,True,7,829
I003910,R0279,Mini Burgers,snack,284.0,True,True,58,516
I003911,R0279,Paneer Butter Masala,main_course,452.0,True,True,48,165
I003912,R0279,Pita Bread,side_dish,148.0,True,True,17,613
I003913,R0280,Popcorn Chicken,snack,1068.0,True,True,88,366
I003914,R0280,Chole Bhature,main_course,1142.0,True,True,24,542
I003915,R0280,Sweet Lassi,beverage,1030.0,True,True,26,720
I003916,R0280,Masala Chai,beverage,847.0,False,True,48,112
I003917,R0280,Ice Cream (Chocolate),dessert,785.0,False,True,80,654
I003918,R0280,Fish Curry,main_course,1155.0,True,True,95,793
I003919,R0280,Dal Makhani,main_course,1055.0,False,True,1,191
I003920,R0280,Jeera Rice,side_dish,452.0,False,True,87,797
I003921,R0281,Raita,side_dish,513.0,True,True,69,384
I003922,R0281,Gajar Ka Halwa,dessert,435.0,False,True,99,470
I003923,R0281,Garlic Bread (plain),snack,344.0,True,True,46,293
I003924,R0281,Green Salad,side_dish,492.0,True,True,16,744
I003925,R0281,Veg Biryani,main_course,193.0,False,True,26,312
I003926,R0281,Watermelon Juice,beverage,361.0,False,True,27,441
I003927,R0281,Veg Sandwich,snack,450.0,False,True,34,214
I003928,R0281,Corn on the Cob,snack,243.0,True,True,45,144
I003929,R0281,Rose Sharbat,beverage,295.0,False,True,23,548
I003930,R0281,Chicken Tikka,starter,511.0,True,True,95,409
I003931,R0281,Aloo Tikki,starter,377.0,True,True,51,828
I003932,R0281,Fish Tikka,starter,452.0,False,True,22,396
I003933,R0281,French Fries,snack,418.0,True,True,87,360
I003934,R0281,Jeera Rice,side_dish,183.0,True,True,98,737
I003935,R0281,Sprite,beverage,266.0,True,True,18,490
I003936,R0281,Green Salad,side_dish,155.0,True,True,53,584
I003937,R0281,Paneer Tikka,starter,294.0,True,True,72,585
I003938,R0282,Hakka Noodles,main_course,643.0,True,True,51,244
I003939,R0282,Chicken Sandwich,snack,221.0,False,True,44,206
I003940,R0282,Garlic Bread (plain),snack,305.0,False,True,80,338
I003941,R0282,Masala Chai,beverage,526.0,True,True,29,560
I003942,R0282,Veg Seekh Kebab,starter,705.0,True,True,2,542
I003943,R0282,Ice Cream (Chocolate),dessert,181.0,True,False,5,372
I003944,R0282,Egg Curry,main_course,216.0,False,True,24,893
I003945,R0282,Egg Curry,main_course,328.0,True,True,55,544
I003946,R0282,Coleslaw,side_dish,544.0,True,True,1,753
I003947,R0282,Chicken Nuggets,starter,188.0,False,True,14,711
I003948,R0282,Cold Coffee,beverage,382.0,True,True,10,537
I003949,R0282,Veg Wrap,snack,681.0,True,True,55,605
I003950,R0282,Ice Cream (Chocolate),dessert,660.0,True,True,26,173
I003951,R0282,Coca-Cola,beverage,209.0,True,True,63,506
I003952,R0282,Chicken Nuggets,starter,679.0,False,True,42,852
I003953,R0282,Rose Sharbat,beverage,642.0,False,False,55,667
I003954,R0282,Chole Bhature,main_course,553.0,True,True,74,531
I003955,R0282,French Fries,snack,307.0,True,True,74,333
I003956,R0283,Chocolate Mousse,dessert,101.0,True,True,24,328
I003957,R0283,Bhel Puri,snack,140.0,True,True,89,662
I003958,R0283,Chicken Wings,starter,136.0,True,True,1,223
I003959,R0283,Buttermilk,beverage,143.0,True,True,1,473
I003960,R0283,Fruit Custard,dessert,192.0,True,True,62,800
I003961,R0283,Butter Chicken,main_course,198.0,True,True,92,440
I003962,R0283,Halwa,dessert,113.0,True,True,69,667
I003963,R0283,Cold Coffee,beverage,186.0,True,True,42,171
I003964,R0283,Watermelon Juice,beverage,56.0,True,True,30,561
I003965,R0283,Mineral Water,beverage,200.0,True,True,6,617
I003966,R0283,Watermelon Juice,beverage,200.0,True,True,35,847
I003967,R0283,Chicken Biryani,main_course,133.0,True,False,72,142
I003968,R0283,French Fries,snack,167.0,True,True,31,456
I003969,R0283,Veg Sandwich,snack,50.0,True,True,80,655
I003970,R0283,Steamed Rice,side_dish,84.0,True,True,32,212
I003971,R0283,Paneer Tikka,starter,79.0,True,True,60,325
I003972,R0284,Coleslaw,side_dish,66.0,False,True,33,577
I003973,R0284,Ice Cream (Vanilla),dessert,207.0,True,True,25,127
I003974,R0284,Chicken Biryani,main_course,97.0,True,True,97,114
I003975,R0284,Laccha Paratha,side_dish,103.0,True,True,58,486
I003976,R0284,Green Salad,side_dish,145.0,False,True,4,763
I003977,R0284,Bhel Puri,snack,117.0,True,True,67,833
I003978,R0284,Corn on the Cob,snack,85.0,True,True,82,543
I003979,R0284,Kheer,dessert,169.0,True,False,34,274
I003980,R0284,Mutton Biryani,main_course,159.0,False,True,35,337
I003981,R0284,Buttermilk,beverage,101.0,True,True,26,335
I003982,R0284,Rajma Chawal,main_course,70.0,False,True,62,713
I003983,R0284,Bhel Puri,snack,71.0,True,True,80,501
I003984,R0284,Cheesecake Slice,dessert,179.0,True,True,71,659
I003985,R0284,Mini Burgers,snack,202.0,True,True,93,348
I003986,R0284,Mango Shake,beverage,72.0,True,True,88,144
I003987,R0284,Chocolate Mousse,dessert,66.0,True,True,90,526
I003988,R0284,Papad,side_dish,85.0,True,True,25,591
I003989,R0284,Garlic Bread,side_dish,164.0,False,True,59,568
I003990,R0284,Garlic Naan,side_dish,112.0,False,True,3,682
I003991,R0284,Fruit Custard,dessert,92.0,True,True,60,800
I003992,R0285,Ice Cream (Chocolate),dessert,201.0,True,True,30,324
I003993,R0285,Masala Fries,snack,131.0,True,True,71,228
I003994,R0285,Sev Puri,snack,136.0,False,True,76,652
I003995,R0285,Veg Wrap,snack,177.0,True,True,59,428
I003996,R0285,Rose Sharbat,beverage,173.0,True,True,71,492
I003997,R0285,Chicken Biryani,main_course,120.0,True,True,62,440
I003998,R0285,Chocolate Mousse,dessert,268.0,False,False,42,658
I003999,R0285,Halwa,dessert,281.0,True,False,73,221
I004000,R0286,Halwa,dessert,171.0,True,True,30,892
I004001,R0286,Sweet Lassi,beverage,90.0,True,False,50,741
I004002,R0286,Coca-Cola,beverage,181.0,False,True,87,642
I004003,R0286,Sev Puri,snack,110.0,True,True,57,646
I004004,R0286,Fish Tikka,starter,246.0,False,False,62,882
I004005,R0286,Watermelon Juice,beverage,131.0,True,True,64,525
I004006,R0286,Fruit Custard,dessert,218.0,True,True,10,413
I004007,R0286,Chole Bhature,main_course,66.0,False,True,4,444
I004008,R0287,Rajma Chawal,main_course,76.0,True,True,25,580
I004009,R0287,Butter Naan,side_dish,206.0,True,True,33,182
I004010,R0287,Pav Bhaji,starter,57.0,False,True,95,527
I004011,R0287,Fish Tikka,starter,239.0,False,True,51,489
I004012,R0287,Veg Sandwich,snack,169.0,True,True,81,706
I004013,R0287,Aloo Tikki,starter,218.0,True,True,92,108
I004014,R0287,Mini Burgers,snack,97.0,True,True,67,730
I004015,R0287,Sprite,beverage,156.0,False,True,23,876
I004016,R0287,Raita,side_dish,132.0,True,True,98,269
I004017,R0287,Aloo Tikki,starter,102.0,False,True,95,654
I004018,R0287,Bhel Puri,snack,114.0,True,True,81,883
I004019,R0287,Laccha Paratha,side_dish,57.0,True,True,17,164
I004020,R0287,Chole Bhature,main_course,118.0,True,True,44,707
I004021,R0287,Mutton Biryani,main_course,89.0,True,True,36,190
I004022,R0287,Papad,side_dish,176.0,True,True,83,480
I004023,R0287,Coca-Cola,beverage,255.0,True,False,29,300
I004024,R0287,Buttermilk,beverage,184.0,False,False,1,692
I004025,R0287,Kheer,dessert,233.0,False,True,5,198
I004026,R0287,Papad,side_dish,176.0,True,True,57,508
I004027,R0287,Veg Sandwich,snack,65.0,False,True,75,420
I004028,R0288,Dal Makhani,main_course,463.0,True,True,8,707
I004029,R0288,Mango Lassi,beverage,497.0,True,True,64,852
I004030,R0288,Ice Cream (Chocolate),dessert,263.0,True,True,1,698
I004031,R0288,Gulab Jamun,dessert,573.0,True,True,56,289
I004032,R0288,Watermelon Juice,beverage,236.0,True,True,23,271
I004033,R0288,Popcorn Chicken,snack,233.0,True,True,27,747
I004034,R0288,Kheer,dessert,554.0,True,True,85,112
I004035,R0288,Chicken Tikka,starter,393.0,True,True,5,377
I004036,R0288,Kulfi,dessert,326.0,True,True,88,477
I004037,R0288,Veg Wrap,snack,420.0,True,True,77,686
I004038,R0288,Pav Bhaji,starter,530.0,True,True,4,157
I004039,R0289,Veg Sandwich,snack,237.0,True,True,34,897
I004040,R0289,Chole Bhature,main_course,202.0,True,True,68,859
I004041,R0289,Garlic Naan,side_dish,383.0,True,True,41,103
I004042,R0289,Watermelon Juice,beverage,564.0,True,True,42,878
I004043,R0289,Paneer Butter Masala,main_course,436.0,True,True,20,765
I004044,R0289,Garlic Naan,side_dish,270.0,True,True,93,881
I004045,R0289,Rasgulla,dessert,528.0,True,True,51,717
I004046,R0289,Laccha Paratha,side_dish,171.0,True,True,14,232
I004047,R0289,Onion Rings,starter,262.0,True,True,7,343
I004048,R0289,French Fries,snack,455.0,True,True,84,348
I004049,R0289,Onion Rings,starter,445.0,True,True,4,385
I004050,R0289,Kulfi,dessert,447.0,True,True,74,241
I004051,R0290,Masala Fries,snack,384.0,True,True,26,745
I004052,R0290,Egg Curry,main_course,168.0,True,True,19,459
I004053,R0290,French Fries,snack,243.0,True,True,95,317
I004054,R0290,Rajma Chawal,main_course,185.0,True,True,60,786
I004055,R0290,Dal Makhani,main_course,295.0,True,True,4,524
I004056,R0290,Crispy Corn,starter,258.0,True,True,26,847
I004057,R0290,Onion Rings,starter,151.0,True,True,71,814
I004058,R0290,Dal Makhani,main_course,211.0,True,True,34,757
I004059,R0290,Veg Sandwich,snack,125.0,True,True,21,861
I004060,R0290,Mini Burgers,snack,273.0,True,False,64,435
I004061,R0290,Fish Tikka,starter,397.0,True,True,90,537
I004062,R0291,Butter Naan,side_dish,111.0,True,True,44,702
I004063,R0291,Aloo Tikki,starter,210.0,True,True,89,440
I004064,R0291,French Fries,snack,178.0,True,True,80,287
I004065,R0291,Buttermilk,beverage,115.0,False,True,79,417
I004066,R0291,Chicken Tikka,starter,181.0,True,True,52,635
I004067,R0291,Veg Biryani,main_course,172.0,True,True,79,880
I004068,R0291,Paneer Tikka,starter,65.0,False,False,36,373
I004069,R0291,Ice Cream (Vanilla),dessert,159.0,True,True,77,377
I004070,R0291,Rasgulla,dessert,170.0,True,True,90,785
I004071,R0291,Margherita Pizza,main_course,192.0,True,True,40,325
I004072,R0291,French Fries,snack,117.0,True,True,93,344
I004073,R0291,Corn on the Cob,snack,183.0,True,True,18,665
I004074,R0291,Laccha Paratha,side_dish,209.0,False,True,8,351
I004075,R0291,Brownie,dessert,55.0,False,True,50,661
I004076,R0291,Rasgulla,dessert,79.0,True,True,21,317
I004077,R0291,Veg Biryani,main_course,192.0,False,True,95,755
I004078,R0291,Fresh Lime Soda,beverage,181.0,True,True,24,247
I004079,R0291,Chicken Sandwich,snack,82.0,True,False,1,581
I004080,R0292,Butter Naan,side_dish,247.0,True,True,60,638
I004081,R0292,Veg Wrap,snack,504.0,False,True,35,157
I004082,R0292,Green Salad,side_dish,282.0,False,False,56,678
I004083,R0292,Ice Cream (Chocolate),dessert,338.0,True,False,52,251
I004084,R0292,Crispy Corn,starter,451.0,True,True,91,531
I004085,R0292,Sprite,beverage,125.0,True,True,71,643
I004086,R0292,Pita Bread,side_dish,255.0,False,True,70,195
I004087,R0292,Fruit Custard,dessert,431.0,True,True,29,182
I004088,R0292,Garlic Naan,side_dish,427.0,False,True,22,711
I004089,R0292,Veg Seekh Kebab,starter,137.0,True,True,20,755
I004090,R0292,Aloo Tikki,starter,428.0,True,True,22,423
I004091,R0292,Sweet Lassi,beverage,125.0,True,True,84,866
I004092,R0292,Popcorn Chicken,snack,352.0,True,True,60,649
I004093,R0292,Fish Tikka,starter,462.0,False,True,85,484
I004094,R0292,Papad,side_dish,160.0,True,True,13,266
I004095,R0292,Brownie,dessert,169.0,True,True,5,226
I004096,R0292,Rose Sharbat,beverage,373.0,False,True,74,722
I004097,R0292,Veg Seekh Kebab,starter,379.0,False,True,33,604
I004098,R0293,Laccha Paratha,side_dish,156.0,False,True,69,578
I004099,R0293,Ice Cream (Vanilla),dessert,64.0,False,True,95,497
I004100,R0293,Chicken Pizza,main_course,167.0,False,True,66,871
I004101,R0293,Veg Spring Rolls,starter,130.0,False,True,65,336
I004102,R0293,Margherita Pizza,main_course,87.0,False,True,3,334
I004103,R0293,Chocolate Mousse,dessert,212.0,True,True,61,167
I004104,R0293,Ice Cream (Vanilla),dessert,216.0,True,True,23,625
I004105,R0293,Veg Seekh Kebab,starter,229.0,True,True,99,194
I004106,R0293,Cold Coffee,beverage,209.0,True,True,13,797
I004107,R0293,Ice Cream (Vanilla),dessert,196.0,True,True,28,795
I004108,R0293,Masala Fries,snack,120.0,True,True,97,278
I004109,R0293,Raita,side_dish,138.0,True,True,81,532
I004110,R0293,Hakka Noodles,main_course,178.0,False,True,88,200
I004111,R0293,Chicken Nuggets,starter,75.0,True,True,41,234
I004112,R0293,Chicken Tikka,starter,78.0,True,False,95,298
I004113,R0294,Masala Chai,beverage,102.0,True,True,18,204
I004114,R0294,Veg Spring Rolls,starter,72.0,True,True,98,870
I004115,R0294,Gajar Ka Halwa,dessert,208.0,True,True,12,114
I004116,R0294,Chicken Wings,starter,187.0,True,True,93,674
I004117,R0294,Chicken Nuggets,starter,110.0,True,True,44,356
I004118,R0294,Dal Makhani,main_course,124.0,True,True,86,161
I004119,R0294,Aloo Tikki,starter,91.0,True,True,93,385
I004120,R0294,Onion Rings,starter,111.0,True,True,42,389
I004121,R0295,Jeera Rice,side_dish,182.0,True,True,69,238
I004122,R0295,Rose Sharbat,beverage,265.0,True,True,13,404
I004123,R0295,Fish Tikka,starter,168.0,False,True,96,594
I004124,R0295,Paneer Tikka,starter,232.0,True,True,71,375
I004125,R0295,Aloo Tikki,starter,132.0,False,True,5,706
I004126,R0295,Mango Lassi,beverage,164.0,True,True,53,392
I004127,R0295,Garlic Naan,side_dish,265.0,True,True,37,413
I004128,R0295,French Fries,snack,215.0,False,True,20,654
I004129,R0295,Garlic Bread,side_dish,347.0,True,True,68,783
I004130,R0295,Butter Chicken,main_course,145.0,True,True,96,153
I004131,R0295,Crispy Corn,starter,307.0,True,True,91,199
I004132,R0296,Veg Seekh Kebab,starter,111.0,True,True,10,754
I004133,R0296,Sev Puri,snack,60.0,True,True,83,111
I004134,R0296,Pita Bread,side_dish,60.0,True,True,51,106
I004135,R0296,French Fries,snack,77.0,True,False,33,704
I004136,R0296,Bhel Puri,snack,46.0,False,True,40,402
I004137,R0296,Fried Rice,main_course,97.0,True,True,49,717
I004138,R0296,Fruit Custard,dessert,55.0,False,True,41,475
I004139,R0296,Fish Curry,main_course,167.0,False,True,35,343
I004140,R0296,Egg Curry,main_course,164.0,True,True,99,473
I004141,R0296,Watermelon Juice,beverage,41.0,True,False,87,182
I004142,R0296,Sweet Lassi,beverage,92.0,False,True,98,485
I004143,R0296,Veg Seekh Kebab,starter,115.0,True,True,31,490
I004144,R0296,Rose Sharbat,beverage,40.0,True,True,89,234
I004145,R0296,Salan,side_dish,136.0,True,True,1,640
I004146,R0296,Gulab Jamun,dessert,108.0,True,True,2,518
I004147,R0297,Chicken Tikka,starter,219.0,True,True,98,249
I004148,R0297,Fresh Lime Soda,beverage,150.0,True,True,98,775
I004149,R0297,Paneer Butter Masala,main_course,212.0,True,True,37,855
I004150,R0297,Masala Fries,snack,88.0,True,True,76,757
I004151,R0297,French Fries,snack,69.0,True,True,94,199
I004152,R0297,Fresh Lime Soda,beverage,223.0,True,True,43,286
I004153,R0297,Veg Spring Rolls,starter,124.0,True,True,18,189
I004154,R0297,Pasta Arrabiata,main_course,116.0,True,False,84,215
I004155,R0297,Coca-Cola,beverage,163.0,True,True,36,453
I004156,R0297,Mango Shake,beverage,120.0,True,True,39,426
I004157,R0297,Rose Sharbat,beverage,77.0,True,True,55,729
I004158,R0297,Ice Cream (Chocolate),dessert,145.0,True,True,85,364
I004159,R0297,Pasta Arrabiata,main_course,202.0,True,True,83,540
I004160,R0297,Mango Shake,beverage,194.0,True,True,59,818
I004161,R0298,Veg Spring Rolls,starter,127.0,True,True,56,250
I004162,R0298,Chicken Pizza,main_course,203.0,True,True,26,599
I004163,R0298,Pita Bread,side_dish,132.0,True,False,20,784
I004164,R0298,Egg Curry,main_course,263.0,True,True,95,227
I004165,R0298,Mini Burgers,snack,264.0,True,True,22,351
I004166,R0298,Mineral Water,beverage,140.0,True,True,8,417
I004167,R0298,Chicken Sandwich,snack,152.0,True,True,84,574
I004168,R0298,Corn on the Cob,snack,140.0,True,True,62,442
I004169,R0298,Steamed Rice,side_dish,229.0,True,True,55,675
I004170,R0298,Green Salad,side_dish,202.0,True,True,21,871
I004171,R0299,Fish Tikka,starter,178.0,True,True,67,104
I004172,R0299,Paneer Tikka,starter,195.0,True,True,37,578
I004173,R0299,Crispy Corn,starter,218.0,True,False,65,513
I004174,R0299,Chicken Biryani,main_course,141.0,True,True,80,882
I004175,R0299,Ice Cream (Vanilla),dessert,152.0,True,True,60,147
I004176,R0299,Veg Sandwich,snack,115.0,True,True,86,638
I004177,R0299,Kulfi,dessert,153.0,True,False,60,165
I004178,R0299,Buttermilk,beverage,175.0,True,True,86,342
I004179,R0299,Pav Bhaji,starter,177.0,True,False,42,795
I004180,R0299,Hakka Noodles,main_course,129.0,True,True,29,668
I004181,R0299,Chicken Sandwich,snack,119.0,True,False,50,490
I004182,R0299,Fish Curry,main_course,134.0,True,False,83,511
I004183,R0299,Veg Biryani,main_course,198.0,True,True,40,334
I004184,R0299,Pav Bhaji,starter,81.0,True,False,76,409
I004185,R0300,Dal Makhani,main_course,586.0,False,True,65,151
I004186,R0300,Pasta Arrabiata,main_course,462.0,False,True,52,709
I004187,R0300,Bhel Puri,snack,938.0,True,False,25,751
I004188,R0300,Laccha Paratha,side_dish,1016.0,True,True,50,570
I004189,R0300,Garlic Bread,side_dish,836.0,True,True,44,143
I004190,R0300,Cheesecake Slice,dessert,908.0,False,True,4,169
I004191,R0300,Aloo Tikki,starter,598.0,True,True,62,867
I004192,R0300,Garlic Bread,side_dish,900.0,True,True,16,821
I004193,R0301,Chole Bhature,main_course,435.0,False,True,6,219
I004194,R0301,Coleslaw,side_dish,473.0,True,True,61,578
I004195,R0301,Rajma Chawal,main_course,216.0,False,True,53,127
I004196,R0301,Hakka Noodles,main_course,447.0,True,True,24,514
I004197,R0301,Paneer Butter Masala,main_course,119.0,True,True,84,462
I004198,R0301,Green Salad,side_dish,358.0,False,True,80,196
I004199,R0301,Chicken Wings,starter,281.0,True,True,24,479
I004200,R0301,Jeera Rice,side_dish,124.0,True,True,54,391
I004201,R0301,Rasgulla,dessert,192.0,True,True,8,689
I004202,R0301,Raita,side_dish,400.0,True,True,24,563
I004203,R0301,Chole Bhature,main_course,474.0,False,True,74,718
I004204,R0301,Fruit Custard,dessert,142.0,False,True,9,279
I004205,R0301,Papad,side_dish,235.0,True,True,62,215
I004206,R0301,Paneer Tikka,starter,337.0,True,False,67,754
I004207,R0302,Aloo Tikki,starter,905.0,True,True,35,897
I004208,R0302,Steamed Rice,side_dish,499.0,True,True,52,578
I004209,R0302,Fruit Custard,dessert,985.0,True,True,29,769
I004210,R0302,Ice Cream (Chocolate),dessert,1119.0,True,True,19,331
I004211,R0302,Papad,side_dish,420.0,True,True,5,750
I004212,R0302,Papad,side_dish,1168.0,True,True,22,293
I004213,R0302,Sweet Lassi,beverage,883.0,False,False,9,430
I004214,R0302,Brownie,dessert,710.0,True,True,36,199
I004215,R0302,Veg Wrap,snack,782.0,False,True,84,225
I004216,R0302,Chicken Nuggets,starter,1199.0,False,False,86,228
I004217,R0302,Pasta Arrabiata,main_course,869.0,True,True,86,373
I004218,R0302,Egg Curry,main_course,396.0,True,False,73,787
I004219,R0302,Paneer Tikka,starter,1297.0,True,True,72,154
I004220,R0302,Mutton Biryani,main_course,1426.0,False,True,82,658
I004221,R0302,Margherita Pizza,main_course,1413.0,False,True,80,651
I004222,R0302,Veg Seekh Kebab,starter,478.0,False,True,82,392
I004223,R0303,Chocolate Mousse,dessert,116.0,True,True,16,635
I004224,R0303,Sweet Lassi,beverage,83.0,True,True,4,325
I004225,R0303,Samosa (2 pcs),starter,80.0,True,False,12,280
I004226,R0303,Mutton Biryani,main_course,176.0,True,True,18,203
I004227,R0303,Veg Seekh Kebab,starter,170.0,True,True,45,242
I004228,R0303,Sev Puri,snack,102.0,True,True,69,550
I004229,R0303,Kheer,dessert,209.0,True,True,20,778
I004230,R0303,Mango Lassi,beverage,209.0,True,True,47,473
I004231,R0303,Mini Burgers,snack,140.0,True,True,95,337
I004232,R0303,Mineral Water,beverage,67.0,True,True,2,486
I004233,R0303,Fish Tikka,starter,96.0,True,False,47,705
I004234,R0304,Pita Bread,side_dish,70.0,True,True,27,224
I004235,R0304,Onion Rings,starter,193.0,True,True,17,889
I004236,R0304,Chicken Wings,starter,69.0,False,True,60,825
I004237,R0304,Chicken Pizza,main_course,82.0,True,True,90,211
I004238,R0304,Buttermilk,beverage,118.0,True,True,40,685
I004239,R0304,Nachos,snack,109.0,True,True,83,493
I004240,R0304,Kheer,dessert,79.0,True,True,7,177
I004241,R0304,Garlic Bread (plain),snack,146.0,True,True,57,547
I004242,R0304,Rasgulla,dessert,77.0,True,True,30,309
I004243,R0304,Salan,side_dish,118.0,True,True,84,199
I004244,R0304,Chicken Wings,starter,177.0,True,True,86,674
I004245,R0304,Hakka Noodles,main_course,209.0,False,False,10,660
I004246,R0304,Mineral Water,beverage,114.0,True,True,60,707
I004247,R0305,Pita Bread,side_dish,126.0,True,True,91,355
I004248,R0305,Green Salad,side_dish,70.0,True,True,11,416
I004249,R0305,Rasgulla,dessert,162.0,True,True,82,383
I004250,R0305,Cheesecake Slice,dessert,75.0,True,True,80,681
I004251,R0305,Onion Rings,starter,100.0,True,True,70,621
I004252,R0305,Coleslaw,side_dish,159.0,True,True,59,852
I004253,R0305,Mango Shake,beverage,154.0,True,True,89,462
I004254,R0305,Onion Rings,starter,137.0,True,True,43,209
I004255,R0305,Raita,side_dish,72.0,True,True,46,248
I004256,R0305,Kheer,dessert,113.0,True,True,90,823
I004257,R0305,Ice Cream (Chocolate),dessert,150.0,True,True,66,401
I004258,R0305,Veg Sandwich,snack,93.0,True,True,95,871
I004259,R0306,Gajar Ka Halwa,dessert,156.0,False,True,96,391
I004260,R0306,Mutton Biryani,main_course,322.0,False,True,1,304
I004261,R0306,Garlic Naan,side_dish,298.0,True,True,44,357
I004262,R0306,Onion Rings,starter,309.0,True,True,90,564
I004263,R0306,Coca-Cola,beverage,324.0,True,True,28,575
I004264,R0306,Corn on the Cob,snack,307.0,True,True,11,584
I004265,R0306,Papad,side_dish,206.0,False,True,42,560
I004266,R0306,Rose Sharbat,beverage,87.0,True,True,5,631
I004267,R0306,Fish Tikka,starter,238.0,False,True,1,311
I004268,R0306,Chicken Sandwich,snack,343.0,False,True,6,201
I004269,R0306,Cheesecake Slice,dessert,243.0,True,True,49,106
I004270,R0306,Veg Sandwich,snack,170.0,True,True,84,760
I004271,R0306,French Fries,snack,300.0,False,True,51,272
I004272,R0306,Rose Sharbat,beverage,108.0,False,True,83,836
I004273,R0306,Nachos,snack,344.0,True,True,91,320
I004274,R0306,Steamed Rice,side_dish,292.0,True,True,73,535
I004275,R0307,Garlic Naan,side_dish,121.0,True,True,88,263
I004276,R0307,Gulab Jamun,dessert,164.0,True,True,31,115
I004277,R0307,Green Salad,side_dish,178.0,True,True,81,157
I004278,R0307,Raita,side_dish,171.0,True,False,75,560
I004279,R0307,Veg Sandwich,snack,120.0,True,True,52,561
I004280,R0307,Fresh Lime Soda,beverage,127.0,True,True,93,624
I004281,R0307,Aloo Tikki,starter,98.0,False,True,64,843
I004282,R0307,Masala Fries,snack,55.0,True,False,16,439
I004283,R0307,Raita,side_dish,78.0,True,True,42,143
I004284,R0307,Mineral Water,beverage,41.0,True,True,74,514
I004285,R0307,Garlic Naan,side_dish,95.0,True,True,28,206
I004286,R0307,Butter Chicken,main_course,70.0,False,True,4,788
I004287,R0307,Bhel Puri,snack,96.0,True,True,83,448
I004288,R0307,Ice Cream (Vanilla),dessert,67.0,True,True,97,459
I004289,R0307,Chocolate Mousse,dessert,178.0,True,True,66,212
I004290,R0307,Chicken Tikka,starter,124.0,False,True,73,413
I004291,R0307,Chicken Tikka,starter,95.0,True,True,21,797
I004292,R0308,Chicken Wings,starter,151.0,True,True,85,793
I004293,R0308,Laccha Paratha,side_dish,60.0,True,True,1,629
I004294,R0308,Chicken Nuggets,starter,110.0,True,True,21,484
I004295,R0308,Veg Sandwich,snack,155.0,True,True,14,191
I004296,R0308,Ice Cream (Chocolate),dessert,135.0,True,True,24,118
I004297,R0308,Rose Sharbat,beverage,157.0,True,True,29,301
I004298,R0308,Dal Makhani,main_course,57.0,True,True,12,234
I004299,R0308,Fried Rice,main_course,50.0,True,False,76,690
I004300,R0309,Aloo Tikki,starter,305.0,True,True,28,687
I004301,R0309,Laccha Paratha,side_dish,264.0,True,True,37,120
I004302,R0309,Garlic Bread,side_dish,788.0,True,True,21,456
I004303,R0309,Masala Chai,beverage,237.0,True,True,63,744
I004304,R0309,Cheesecake Slice,dessert,346.0,True,True,40,722
I004305,R0309,Laccha Paratha,side_dish,312.0,True,True,26,293
I004306,R0309,Bhel Puri,snack,580.0,True,True,66,167
I004307,R0309,Margherita Pizza,main_course,722.0,False,True,39,405
I004308,R0309,Chicken Wings,starter,781.0,False,True,66,127
I004309,R0309,Chicken Wings,starter,727.0,True,True,35,121
I004310,R0309,Veg Spring Rolls,starter,756.0,True,True,98,295
I004311,R0309,Cheesecake Slice,dessert,341.0,True,True,69,469
I004312,R0309,Rose Sharbat,beverage,253.0,True,True,39,453
I004313,R0309,Onion Rings,starter,446.0,True,True,67,640
I004314,R0310,Salan,side_dish,140.0,False,False,57,288
I004315,R0310,Samosa (2 pcs),starter,113.0,False,True,44,483
I004316,R0310,Rose Sharbat,beverage,160.0,True,True,92,157
I004317,R0310,Chicken Sandwich,snack,144.0,True,True,36,350
I004318,R0310,Chicken Pizza,main_course,164.0,True,False,80,597
I004319,R0310,Kulfi,dessert,174.0,False,True,24,263
I004320,R0310,Buttermilk,beverage,88.0,False,True,32,823
I004321,R0310,Ice Cream (Vanilla),dessert,146.0,False,True,68,827
I004322,R0310,Cold Coffee,beverage,127.0,True,True,38,666
I004323,R0310,Pita Bread,side_dish,137.0,True,True,70,391
I004324,R0310,Coleslaw,side_dish,74.0,False,True,75,347
I004325,R0310,Pita Bread,side_dish,49.0,True,True,97,638
I004326,R0310,Chicken Sandwich,snack,87.0,True,True,25,709
I004327,R0310,Raita,side_dish,133.0,True,True,65,827
I004328,R0310,Bhel Puri,snack,46.0,False,True,59,188
I004329,R0310,Veg Biryani,main_course,171.0,True,True,65,851
I004330,R0310,Sprite,beverage,71.0,True,True,11,264
I004331,R0311,Mango Shake,beverage,125.0,False,True,15,802
I004332,R0311,Raita,side_dish,153.0,True,True,94,319
I004333,R0311,Mango Shake,beverage,52.0,False,True,29,849
I004334,R0311,Brownie,dessert,143.0,True,True,84,787
I004335,R0311,Nachos,snack,108.0,True,True,86,276
I004336,R0311,Veg Biryani,main_course,102.0,False,True,37,327
I004337,R0311,Pav Bhaji,starter,59.0,False,True,62,745
I004338,R0311,Veg Wrap,snack,91.0,True,True,30,696
I004339,R0311,Egg Curry,main_course,60.0,False,False,32,231
I004340,R0311,Kheer,dessert,133.0,True,True,6,381
I004341,R0311,Masala Chai,beverage,78.0,True,True,14,765
I004342,R0311,Chocolate Mousse,dessert,113.0,True,True,28,612
I004343,R0311,Watermelon Juice,beverage,58.0,True,True,60,282
I004344,R0311,Garlic Bread (plain),snack,89.0,True,True,93,326
I004345,R0311,Fried Rice,main_course,80.0,True,True,27,843
I004346,R0311,Chocolate Mousse,dessert,125.0,True,True,72,380
I004347,R0311,Cheesecake Slice,dessert,43.0,True,True,10,789
I004348,R0312,Mineral Water,beverage,157.0,True,True,30,709
I004349,R0312,Garlic Bread (plain),snack,145.0,False,False,85,458
I004350,R0312,Masala Chai,beverage,119.0,True,False,54,546
I004351,R0312,Gajar Ka Halwa,dessert,156.0,False,True,55,404
I004352,R0312,Chicken Wings,starter,49.0,True,True,42,239
I004353,R0312,Fish Curry,main_course,150.0,False,True,23,383
I004354,R0312,Chicken Biryani,main_course,68.0,False,True,47,667
I004355,R0312,Bhel Puri,snack,134.0,True,False,21,592
I004356,R0312,Kheer,dessert,49.0,True,True,96,406
I004357,R0312,Onion Rings,starter,140.0,True,True,28,357
I004358,R0312,Butter Chicken,main_course,69.0,True,True,82,139
I004359,R0312,Mutton Biryani,main_course,87.0,False,True,34,532
I004360,R0312,Kheer,dessert,163.0,True,True,70,507
I004361,R0312,Steamed Rice,side_dish,138.0,False,True,70,876
I004362,R0312,Mini Burgers,snack,176.0,False,True,62,509
I004363,R0312,Paneer Tikka,starter,78.0,False,True,8,267
I004364,R0313,Aloo Tikki,starter,531.0,False,True,11,127
I004365,R0313,Sprite,beverage,502.0,True,True,68,136
I004366,R0313,Gulab Jamun,dessert,494.0,False,True,96,721
I004367,R0313,Pita Bread,side_dish,334.0,True,True,19,315
I004368,R0313,Chicken Wings,starter,247.0,True,True,58,187
I004369,R0313,Mango Lassi,beverage,126.0,False,True,79,857
I004370,R0313,Mini Burgers,snack,132.0,True,True,17,604
I004371,R0313,Garlic Bread,side_dish,231.0,False,True,1,675
I004372,R0313,Watermelon Juice,beverage,249.0,True,True,1,785
I004373,R0313,Pita Bread,side_dish,368.0,True,True,2,693
I004374,R0313,Mineral Water,beverage,300.0,False,True,50,417
I004375,R0313,Paneer Butter Masala,main_course,453.0,True,True,62,727
I004376,R0313,Jeera Rice,side_dish,214.0,True,True,84,652
I004377,R0313,Laccha Paratha,side_dish,464.0,True,True,74,144
I004378,R0313,Fish Curry,main_course,138.0,False,False,67,292
I004379,R0313,Steamed Rice,side_dish,472.0,True,True,83,567
I004380,R0314,Garlic Bread,side_dish,155.0,True,True,27,504
I004381,R0314,Fried Rice,main_course,131.0,True,True,93,142
I004382,R0314,Chole Bhature,main_course,57.0,False,True,48,273
I004383,R0314,Rasgulla,dessert,96.0,True,True,23,558
I004384,R0314,Mini Burgers,snack,97.0,False,True,74,554
I004385,R0314,Crispy Corn,starter,104.0,True,True,24,442
I004386,R0314,Bhel Puri,snack,99.0,True,True,52,480
I004387,R0314,Halwa,dessert,99.0,True,True,37,632
I004388,R0314,Kulfi,dessert,44.0,True,True,72,451
I004389,R0314,Onion Rings,starter,143.0,False,True,76,266
I004390,R0314,Mutton Biryani,main_course,77.0,False,True,95,627
I004391,R0314,Kulfi,dessert,79.0,False,True,34,776
I004392,R0314,Fruit Custard,dessert,146.0,True,True,89,585
I004393,R0314,Coleslaw,side_dish,41.0,True,True,22,435
I004394,R0314,Mini Burgers,snack,77.0,True,True,47,141
I004395,R0314,Pasta Arrabiata,main_course,130.0,True,True,97,781
I004396,R0314,Cold Coffee,beverage,116.0,True,True,11,774
I004397,R0315,Masala Chai,beverage,118.0,True,False,32,366
I004398,R0315,Rasgulla,dessert,106.0,False,True,34,294
I004399,R0315,Kheer,dessert,93.0,True,True,7,318
I004400,R0315,Fruit Custard,dessert,87.0,True,True,58,577
I004401,R0315,Sprite,beverage,59.0,True,True,71,833
I004402,R0315,Rajma Chawal,main_course,70.0,False,True,53,394
I004403,R0315,Dal Makhani,main_course,93.0,False,True,6,716
I004404,R0315,Mango Lassi,beverage,138.0,False,True,58,833
I004405,R0315,Aloo Tikki,starter,50.0,False,True,31,670
I004406,R0315,Cheesecake Slice,dessert,91.0,True,True,52,609
I004407,R0315,Salan,side_dish,59.0,True,False,86,881
I004408,R0315,Mango Lassi,beverage,138.0,True,True,88,330
I004409,R0315,Chicken Nuggets,starter,98.0,False,True,83,806
I004410,R0315,Veg Spring Rolls,starter,48.0,True,False,49,860
I004411,R0315,Mineral Water,beverage,62.0,False,True,13,471
I004412,R0315,Corn on the Cob,snack,109.0,True,True,63,864
I004413,R0316,Brownie,dessert,83.0,True,True,57,594
I004414,R0316,Masala Fries,snack,78.0,True,True,87,430
I004415,R0316,Popcorn Chicken,snack,214.0,True,True,65,599
I004416,R0316,Chicken Tikka,starter,48.0,False,True,14,733
I004417,R0316,Watermelon Juice,beverage,189.0,False,True,84,594
I004418,R0316,Garlic Bread,side_dish,110.0,True,True,30,128
I004419,R0316,Masala Fries,snack,214.0,True,True,16,519
I004420,R0316,Brownie,dessert,209.0,True,False,62,861
I004421,R0316,Chicken Tikka,starter,59.0,False,True,21,264
I004422,R0316,Samosa (2 pcs),starter,63.0,False,True,96,366
I004423,R0316,Raita,side_dish,87.0,True,True,91,307
I004424,R0316,Veg Seekh Kebab,starter,194.0,False,False,60,125
I004425,R0316,Fish Tikka,starter,188.0,False,True,32,356
I004426,R0316,Dal Makhani,main_course,197.0,True,True,38,723
I004427,R0316,Coca-Cola,beverage,64.0,True,True,48,655
I004428,R0316,Cold Coffee,beverage,92.0,True,True,76,741
I004429,R0317,Buttermilk,beverage,215.0,False,True,48,720
I004430,R0317,Chicken Sandwich,snack,123.0,True,True,12,685
I004431,R0317,Sweet Lassi,beverage,210.0,True,True,84,877
I004432,R0317,Rasgulla,dessert,459.0,True,True,64,372
I004433,R0317,Crispy Corn,starter,342.0,True,True,71,424
I004434,R0317,Paneer Tikka,starter,366.0,False,True,67,826
I004435,R0317,Mango Lassi,beverage,421.0,False,True,63,850
I004436,R0317,Kulfi,dessert,404.0,True,True,68,111
I004437,R0317,Coleslaw,side_dish,305.0,True,True,39,353
I004438,R0317,Corn on the Cob,snack,364.0,True,True,16,308
I004439,R0317,French Fries,snack,370.0,False,True,82,210
I004440,R0317,Masala Chai,beverage,300.0,True,True,76,849
I004441,R0317,Garlic Naan,side_dish,372.0,True,False,99,266
I004442,R0317,Cheesecake Slice,dessert,140.0,False,True,24,518
I004443,R0317,Bhel Puri,snack,406.0,True,True,19,514
I004444,R0317,Fruit Custard,dessert,345.0,True,True,77,102
I004445,R0317,Masala Dosa,main_course,450.0,False,False,96,262
I004446,R0318,Egg Curry,main_course,142.0,True,True,67,571
I004447,R0318,Chicken Sandwich,snack,361.0,True,True,18,815
I004448,R0318,Mini Burgers,snack,247.0,True,True,34,468
I004449,R0318,Butter Chicken,main_course,407.0,False,True,10,443
I004450,R0318,Gulab Jamun,dessert,136.0,True,True,29,694
I004451,R0318,Corn on the Cob,snack,383.0,True,True,51,392
I004452,R0318,Bhel Puri,snack,486.0,True,False,90,760
I004453,R0318,Cheesecake Slice,dessert,459.0,False,True,21,167
I004454,R0318,Butter Naan,side_dish,541.0,True,True,28,391
I004455,R0318,Hakka Noodles,main_course,500.0,True,True,55,346
I004456,R0318,Mango Lassi,beverage,289.0,True,True,44,390
I004457,R0318,Veg Biryani,main_course,181.0,True,True,32,829
I004458,R0319,Samosa (2 pcs),starter,93.0,True,True,72,781
I004459,R0319,Fresh Lime Soda,beverage,59.0,True,True,48,309
I004460,R0319,Chicken Nuggets,starter,71.0,True,True,44,733
I004461,R0319,Mango Lassi,beverage,52.0,True,True,56,639
I004462,R0319,Masala Fries,snack,53.0,True,True,2,231
I004463,R0319,Paneer Butter Masala,main_course,94.0,True,True,82,450
I004464,R0319,Green Salad,side_dish,106.0,True,True,79,651
I004465,R0319,Buttermilk,beverage,47.0,True,False,14,766
I004466,R0319,Brownie,dessert,107.0,True,True,62,691
I004467,R0319,Chocolate Mousse,dessert,30.0,True,True,95,488
I004468,R0319,Corn on the Cob,snack,47.0,True,True,53,162
I004469,R0319,Sprite,beverage,46.0,True,True,46,359
I004470,R0319,Green Salad,side_dish,87.0,True,True,27,875
I004471,R0319,Fried Rice,main_course,98.0,True,True,5,545
I004472,R0319,Butter Naan,side_dish,46.0,True,True,27,893
I004473,R0319,Mango Lassi,beverage,36.0,True,True,7,717
I004474,R0319,French Fries,snack,54.0,True,True,10,673
I004475,R0319,French Fries,snack,86.0,True,True,4,256
I004476,R0319,Butter Naan,side_dish,107.0,True,True,51,886
I004477,R0320,Kulfi,dessert,133.0,True,True,29,628
I004478,R0320,Corn on the Cob,snack,58.0,True,True,70,608
I004479,R0320,Coca-Cola,beverage,143.0,True,True,19,352
I004480,R0320,Masala Chai,beverage,181.0,True,True,5,757
I004481,R0320,Ice Cream (Vanilla),dessert,68.0,True,True,31,867
I004482,R0320,Rajma Chawal,main_course,90.0,True,True,11,805
I004483,R0320,Mango Lassi,beverage,104.0,False,True,86,547
I004484,R0320,Masala Chai,beverage,140.0,True,True,95,358
I004485,R0320,Butter Naan,side_dish,183.0,False,True,88,388
I004486,R0320,Salan,side_dish,122.0,True,True,71,393
I004487,R0320,Butter Chicken,main_course,154.0,False,True,52,484
I004488,R0320,Butter Naan,side_dish,244.0,False,True,8,747
I004489,R0321,Salan,side_dish,175.0,True,True,69,787
I004490,R0321,Fresh Lime Soda,beverage,75.0,True,False,22,622
I004491,R0321,Buttermilk,beverage,46.0,True,True,3,429
I004492,R0321,Brownie,dessert,105.0,True,True,57,498
I004493,R0321,Egg Curry,main_course,56.0,True,True,86,639
I004494,R0321,Mango Shake,beverage,168.0,True,True,53,509
I004495,R0321,Veg Wrap,snack,110.0,False,True,16,386
I004496,R0321,Veg Seekh Kebab,starter,188.0,False,True,59,542
I004497,R0321,Chicken Pizza,main_course,72.0,True,True,56,773
I004498,R0321,Fish Curry,main_course,172.0,False,True,91,687
I004499,R0321,Steamed Rice,side_dish,102.0,True,True,13,525
I004500,R0321,Chicken Wings,starter,124.0,True,True,91,695
I004501,R0321,Veg Seekh Kebab,starter,124.0,True,True,94,194
I004502,R0321,Gajar Ka Halwa,dessert,64.0,False,True,47,150
I004503,R0321,Chicken Sandwich,snack,175.0,True,True,25,212
I004504,R0321,Mini Burgers,snack,81.0,True,True,64,144
I004505,R0321,Chicken Pizza,main_course,76.0,True,True,39,764
I004506,R0321,Coleslaw,side_dish,172.0,True,True,22,200
I004507,R0321,Cheesecake Slice,dessert,80.0,False,True,19,292
I004508,R0321,Ice Cream (Vanilla),dessert,49.0,True,True,80,648
I004509,R0322,Mineral Water,beverage,54.0,True,True,84,530
I004510,R0322,Rasgulla,dessert,72.0,False,True,76,859
I004511,R0322,Butter Chicken,main_course,68.0,True,True,31,794
I004512,R0322,Sev Puri,snack,202.0,True,True,96,542
I004513,R0322,Mango Lassi,beverage,174.0,True,True,70,554
I004514,R0322,Cheesecake Slice,dessert,193.0,True,True,19,228
I004515,R0322,Chicken Wings,starter,151.0,False,True,96,600
I004516,R0322,Aloo Tikki,starter,203.0,True,True,38,873
I004517,R0322,Chole Bhature,main_course,65.0,True,True,66,839
I004518,R0322,Chicken Sandwich,snack,63.0,True,True,8,430
I004519,R0322,Veg Spring Rolls,starter,90.0,False,True,30,398
I004520,R0322,Mango Lassi,beverage,179.0,True,True,41,597
I004521,R0322,Chicken Wings,starter,190.0,True,True,24,407
I004522,R0322,Pita Bread,side_dish,56.0,True,True,7,393
I004523,R0322,Sprite,beverage,75.0,True,True,19,743
I004524,R0322,Egg Curry,main_course,109.0,True,True,70,239
I004525,R0322,French Fries,snack,148.0,True,True,52,858
I004526,R0322,Sprite,beverage,166.0,True,True,4,276
I004527,R0322,Ice Cream (Chocolate),dessert,186.0,False,True,40,137
I004528,R0323,Raita,side_dish,39.0,True,False,66,526
I004529,R0323,Veg Seekh Kebab,starter,49.0,True,True,56,745
I004530,R0323,Steamed Rice,side_dish,117.0,True,True,31,376
I004531,R0323,Kulfi,dessert,67.0,True,True,76,438
I004532,R0323,Ice Cream (Chocolate),dessert,32.0,True,False,46,262
I004533,R0323,Ice Cream (Chocolate),dessert,70.0,False,True,30,694
I004534,R0323,Paneer Butter Masala,main_course,52.0,False,False,22,251
I004535,R0323,Sweet Lassi,beverage,58.0,True,True,39,571
I004536,R0323,Nachos,snack,60.0,True,True,67,699
I004537,R0323,Bhel Puri,snack,73.0,True,True,40,505
I004538,R0323,Mango Shake,beverage,87.0,False,True,73,526
I004539,R0323,Garlic Bread,side_dish,57.0,False,True,40,455
I004540,R0323,Fresh Lime Soda,beverage,30.0,True,True,23,474
I004541,R0323,Pav Bhaji,starter,78.0,True,True,66,461
I004542,R0323,Mineral Water,beverage,88.0,True,True,55,363
I004543,R0323,Fish Tikka,starter,30.0,False,True,78,591
I004544,R0324,Brownie,dessert,206.0,True,True,64,324
I004545,R0324,Gajar Ka Halwa,dessert,373.0,True,True,26,878
I004546,R0324,Cheesecake Slice,dessert,207.0,False,True,96,156
I004547,R0324,Hakka Noodles,main_course,345.0,True,True,51,327
I004548,R0324,Pita Bread,side_dish,147.0,False,True,9,101
I004549,R0324,Sprite,beverage,193.0,False,True,88,690
I004550,R0324,French Fries,snack,129.0,True,True,21,617
I004551,R0324,Pasta Arrabiata,main_course,173.0,False,True,3,701
I004552,R0324,Masala Dosa,main_course,140.0,True,True,42,248
I004553,R0324,Fresh Lime Soda,beverage,295.0,True,True,89,662
I004554,R0324,Mini Burgers,snack,261.0,True,True,51,710
I004555,R0324,Pasta Arrabiata,main_course,232.0,False,True,18,766
I004556,R0325,Mineral Water,beverage,110.0,False,True,45,612
I004557,R0325,Mango Lassi,beverage,291.0,True,True,78,325
I004558,R0325,Halwa,dessert,104.0,True,True,25,465
I004559,R0325,Paneer Butter Masala,main_course,107.0,False,True,99,123
I004560,R0325,Ice Cream (Vanilla),dessert,282.0,True,True,55,188
I004561,R0325,Crispy Corn,starter,195.0,True,True,73,855
I004562,R0325,Onion Rings,starter,325.0,True,False,20,329
I004563,R0325,Pav Bhaji,starter,279.0,False,True,64,776
I004564,R0325,Butter Naan,side_dish,170.0,True,True,30,283
I004565,R0326,Laccha Paratha,side_dish,519.0,True,True,50,871
I004566,R0326,Chocolate Mousse,dessert,192.0,False,True,92,761
I004567,R0326,Fish Curry,main_course,419.0,False,True,64,438
I004568,R0326,Popcorn Chicken,snack,607.0,True,True,72,324
I004569,R0326,Ice Cream (Vanilla),dessert,374.0,False,True,35,320
I004570,R0326,French Fries,snack,319.0,True,True,9,680
I004571,R0326,Coleslaw,side_dish,333.0,False,True,27,444
I004572,R0326,Chicken Nuggets,starter,637.0,False,True,50,668
I004573,R0326,Masala Chai,beverage,428.0,True,True,74,584
I004574,R0326,Chicken Tikka,starter,426.0,True,True,69,881
I004575,R0326,Steamed Rice,side_dish,610.0,True,True,44,754
I004576,R0326,Chicken Wings,starter,323.0,True,True,78,668
I004577,R0326,Chicken Wings,starter,719.0,False,True,53,390
I004578,R0326,French Fries,snack,413.0,True,True,44,570
I004579,R0326,Chocolate Mousse,dessert,654.0,True,True,90,689
I004580,R0326,Veg Seekh Kebab,starter,367.0,False,True,19,336
I004581,R0326,Gajar Ka Halwa,dessert,510.0,True,False,11,174
I004582,R0327,Coca-Cola,beverage,61.0,True,True,55,824
I004583,R0327,Ice Cream (Vanilla),dessert,63.0,True,True,44,775
I004584,R0327,Papad,side_dish,84.0,True,True,62,277
I004585,R0327,Masala Dosa,main_course,54.0,True,True,5,438
I004586,R0327,Green Salad,side_dish,94.0,True,True,32,104
I004587,R0327,Cheesecake Slice,dessert,187.0,True,True,1,779
I004588,R0327,Aloo Tikki,starter,113.0,True,True,98,454
I004589,R0327,Chicken Tikka,starter,121.0,True,True,92,564
I004590,R0327,Laccha Paratha,side_dish,111.0,True,True,26,529
I004591,R0327,Coca-Cola,beverage,109.0,True,True,51,142
I004592,R0327,Raita,side_dish,161.0,True,True,25,369
I004593,R0327,Cheesecake Slice,dessert,174.0,True,True,39,764
I004594,R0327,Garlic Bread (plain),snack,175.0,True,True,49,260
I004595,R0327,Butter Chicken,main_course,156.0,True,True,38,306
I004596,R0327,Veg Spring Rolls,starter,118.0,True,True,65,366
I004597,R0328,Kulfi,dessert,424.0,True,True,29,285
I004598,R0328,Mango Lassi,beverage,274.0,True,True,83,376
I004599,R0328,Chocolate Mousse,dessert,305.0,True,True,5,620
I004600,R0328,Mango Shake,beverage,541.0,False,True,48,848
I004601,R0328,Kheer,dessert,388.0,True,True,38,729
I004602,R0328,Ice Cream (Chocolate),dessert,362.0,True,True,17,546
I004603,R0328,Garlic Bread,side_dish,158.0,True,True,47,128
I004604,R0328,Veg Spring Rolls,starter,341.0,False,True,13,186
I004605,R0329,Veg Sandwich,snack,191.0,True,True,84,218
I004606,R0329,Corn on the Cob,snack,429.0,True,True,44,819
I004607,R0329,Veg Sandwich,snack,243.0,False,True,74,523
I004608,R0329,Ice Cream (Vanilla),dessert,218.0,False,True,76,119
I004609,R0329,Veg Sandwich,snack,373.0,True,True,77,646
I004610,R0329,Halwa,dessert,274.0,False,True,32,153
I004611,R0329,Coca-Cola,beverage,204.0,True,False,45,729
I004612,R0329,Fruit Custard,dessert,222.0,True,True,39,266
I004613,R0329,Chicken Biryani,main_course,155.0,False,True,59,549
I004614,R0329,Veg Wrap,snack,291.0,False,True,5,363
I004615,R0329,Masala Chai,beverage,240.0,True,True,68,554
I004616,R0329,Halwa,dessert,355.0,True,True,50,473
I004617,R0329,Fruit Custard,dessert,122.0,True,True,38,521
I004618,R0329,Ice Cream (Chocolate),dessert,380.0,True,True,40,181
I004619,R0329,Veg Seekh Kebab,starter,523.0,False,True,84,201
I004620,R0329,Veg Spring Rolls,starter,157.0,False,True,61,198
I004621,R0329,Ice Cream (Vanilla),dessert,475.0,True,True,66,654
I004622,R0330,Rasgulla,dessert,267.0,True,True,74,779
I004623,R0330,Dal Makhani,main_course,246.0,True,True,42,345
I004624,R0330,Papad,side_dish,362.0,True,True,66,240
I004625,R0330,Papad,side_dish,141.0,True,True,99,677
I004626,R0330,Pav Bhaji,starter,263.0,True,False,2,499
I004627,R0330,Cold Coffee,beverage,184.0,True,True,26,744
I004628,R0330,Aloo Tikki,starter,296.0,True,True,54,573
I004629,R0330,Mineral Water,beverage,441.0,True,True,44,440
I004630,R0330,Mini Burgers,snack,256.0,True,True,36,379
I004631,R0330,Veg Sandwich,snack,461.0,True,True,11,784
I004632,R0330,Samosa (2 pcs),starter,311.0,True,True,38,798
I004633,R0330,Sev Puri,snack,335.0,True,True,10,630
I004634,R0330,Mango Lassi,beverage,368.0,True,False,24,360
I004635,R0330,Kheer,dessert,313.0,True,True,85,526
I004636,R0330,Rasgulla,dessert,180.0,True,True,78,435
I004637,R0330,Sprite,beverage,381.0,True,True,92,681
I004638,R0330,Garlic Naan,side_dish,134.0,True,True,31,837
I004639,R0331,Rose Sharbat,beverage,461.0,True,True,30,230
I004640,R0331,Rose Sharbat,beverage,559.0,True,True,29,216
I004641,R0331,Salan,side_dish,863.0,True,True,58,526
I004642,R0331,Paneer Butter Masala,main_course,785.0,True,True,81,495
I004643,R0331,Masala Fries,snack,741.0,True,True,15,374
I004644,R0331,Veg Wrap,snack,315.0,True,True,59,828
I004645,R0331,Masala Dosa,main_course,294.0,True,True,12,500
I004646,R0331,Crispy Corn,starter,937.0,True,True,80,162
I004647,R0331,Rajma Chawal,main_course,699.0,True,True,11,540
I004648,R0331,Chocolate Mousse,dessert,716.0,True,True,98,674
I004649,R0331,Halwa,dessert,550.0,True,True,82,601
I004650,R0331,Steamed Rice,side_dish,528.0,True,True,22,801
I004651,R0331,Papad,side_dish,502.0,True,True,32,316
I004652,R0331,Fried Rice,main_course,1025.0,True,False,24,180
I004653,R0331,Mineral Water,beverage,697.0,True,True,90,479
I004654,R0331,Chicken Nuggets,starter,391.0,True,True,27,293
I004655,R0331,Samosa (2 pcs),starter,327.0,True,True,57,120
I004656,R0331,Steamed Rice,side_dish,805.0,True,True,34,228
I004657,R0331,Cold Coffee,beverage,288.0,True,True,9,443
I004658,R0331,Steamed Rice,side_dish,682.0,True,True,68,832
I004659,R0332,Sprite,beverage,90.0,True,True,29,168
I004660,R0332,Chicken Sandwich,snack,175.0,True,True,72,609
I004661,R0332,Corn on the Cob,snack,142.0,True,False,35,308
I004662,R0332,Chole Bhature,main_course,61.0,True,False,95,123
I004663,R0332,Corn on the Cob,snack,67.0,True,True,45,109
I004664,R0332,Kheer,dessert,118.0,True,True,66,334
I004665,R0332,Laccha Paratha,side_dish,69.0,True,False,49,580
I004666,R0332,Gulab Jamun,dessert,80.0,True,True,20,577
I004667,R0332,Steamed Rice,side_dish,70.0,True,True,99,279
I004668,R0332,Steamed Rice,side_dish,156.0,False,True,12,210
I004669,R0332,Brownie,dessert,77.0,False,True,41,715
I004670,R0332,Ice Cream (Chocolate),dessert,133.0,True,True,47,257
I004671,R0332,Nachos,snack,53.0,True,True,9,788
I004672,R0332,Pasta Arrabiata,main_course,104.0,True,True,21,256
I004673,R0332,Aloo Tikki,starter,80.0,True,True,71,524
I004674,R0332,Pita Bread,side_dish,106.0,True,True,43,875
I004675,R0332,Ice Cream (Vanilla),dessert,110.0,True,True,74,349
I004676,R0332,Masala Fries,snack,40.0,False,True,58,324
I004677,R0332,Ice Cream (Vanilla),dessert,61.0,True,True,36,540
I004678,R0332,Chicken Sandwich,snack,129.0,True,True,79,151
I004679,R0333,Margherita Pizza,main_course,203.0,False,True,77,113
I004680,R0333,Chicken Tikka,starter,134.0,False,True,12,232
I004681,R0333,Green Salad,side_dish,219.0,True,True,55,557
I004682,R0333,Chicken Tikka,starter,120.0,False,True,92,102
I004683,R0333,Veg Seekh Kebab,starter,149.0,True,True,4,444
I004684,R0333,Veg Sandwich,snack,250.0,True,True,24,863
I004685,R0333,Chicken Wings,starter,91.0,False,True,34,750
I004686,R0333,Kulfi,dessert,174.0,False,True,43,871
I004687,R0333,Rajma Chawal,main_course,105.0,False,False,12,679
I004688,R0333,Chicken Nuggets,starter,209.0,True,True,58,475
I004689,R0333,Crispy Corn,starter,116.0,False,True,91,615
I004690,R0333,Veg Biryani,main_course,143.0,False,True,49,123
I004691,R0333,Halwa,dessert,192.0,True,True,57,591
I004692,R0333,Cheesecake Slice,dessert,93.0,True,True,42,582
I004693,R0333,Veg Spring Rolls,starter,144.0,True,False,82,549
I004694,R0333,Fruit Custard,dessert,251.0,True,True,35,520
I004695,R0333,Chicken Biryani,main_course,165.0,True,True,2,196
I004696,R0334,Coleslaw,side_dish,367.0,True,True,49,570
I004697,R0334,Garlic Bread,side_dish,360.0,True,False,84,290
I004698,R0334,Veg Spring Rolls,starter,260.0,True,False,88,273
I004699,R0334,Veg Wrap,snack,344.0,True,True,46,177
I004700,R0334,Veg Wrap,snack,336.0,True,True,73,536
I004701,R0334,Coca-Cola,beverage,183.0,True,True,36,727
I004702,R0334,Paneer Butter Masala,main_course,443.0,True,True,53,353
I004703,R0334,Papad,side_dish,441.0,True,True,61,826
I004704,R0334,Chicken Biryani,main_course,300.0,True,False,90,707
I004705,R0334,Mango Shake,beverage,269.0,True,True,40,436
I004706,R0334,Buttermilk,beverage,405.0,True,True,89,253
I004707,R0334,Veg Seekh Kebab,starter,409.0,True,True,62,245
I004708,R0334,Brownie,dessert,340.0,True,True,89,786
I004709,R0334,Pav Bhaji,starter,199.0,True,True,51,166
I004710,R0334,Chocolate Mousse,dessert,354.0,True,True,92,167
I004711,R0335,Sev Puri,snack,141.0,True,True,66,644
I004712,R0335,Kheer,dessert,136.0,True,True,68,222
I004713,R0335,Sev Puri,snack,123.0,True,True,54,243
I004714,R0335,Kheer,dessert,58.0,True,True,91,687
I004715,R0335,Chicken Nuggets,starter,84.0,False,False,20,575
I004716,R0335,Halwa,dessert,51.0,True,True,67,810
I004717,R0335,Chicken Sandwich,snack,91.0,False,True,33,883
I004718,R0335,Samosa (2 pcs),starter,124.0,False,True,11,271
I004719,R0335,Paneer Tikka,starter,124.0,False,True,19,346
I004720,R0336,Chocolate Mousse,dessert,74.0,True,True,57,486
I004721,R0336,Egg Curry,main_course,114.0,False,True,84,401
I004722,R0336,Halwa,dessert,131.0,True,True,76,412
I004723,R0336,Watermelon Juice,beverage,37.0,True,True,82,628
I004724,R0336,Fish Tikka,starter,100.0,False,True,1,310
I004725,R0336,Pita Bread,side_dish,51.0,True,True,69,866
I004726,R0336,Jeera Rice,side_dish,70.0,True,True,34,732
I004727,R0336,Gajar Ka Halwa,dessert,41.0,False,True,20,307
I004728,R0336,Mineral Water,beverage,89.0,False,True,75,710
I004729,R0336,Fried Rice,main_course,142.0,True,True,97,481
I004730,R0336,Sweet Lassi,beverage,52.0,True,True,42,406
I004731,R0336,Brownie,dessert,129.0,True,True,99,334
I004732,R0336,Rasgulla,dessert,43.0,True,True,63,273
I004733,R0336,Chicken Wings,starter,45.0,False,True,54,130
I004734,R0336,Papad,side_dish,37.0,False,True,49,436
I004735,R0336,Halwa,dessert,111.0,False,True,12,359
I004736,R0336,Corn on the Cob,snack,41.0,False,True,84,509
I004737,R0336,Veg Sandwich,snack,45.0,False,True,27,196
I004738,R0336,Mini Burgers,snack,35.0,True,False,21,477
I004739,R0336,Bhel Puri,snack,113.0,True,True,52,692
I004740,R0337,Rajma Chawal,main_course,154.0,False,True,96,833
I004741,R0337,Raita,side_dish,205.0,True,True,61,785
I004742,R0337,Pav Bhaji,starter,147.0,False,True,21,570
I004743,R0337,Hakka Noodles,main_course,193.0,True,True,98,241
I004744,R0337,Fresh Lime Soda,beverage,104.0,True,True,59,369
I004745,R0337,Watermelon Juice,beverage,121.0,True,True,94,508
I004746,R0337,Coca-Cola,beverage,80.0,True,True,28,559
I004747,R0337,Papad,side_dish,119.0,False,True,49,539
I004748,R0337,Sprite,beverage,91.0,True,False,2,230
I004749,R0337,Green Salad,side_dish,162.0,True,True,96,440
I004750,R0337,Papad,side_dish,85.0,True,True,22,804
I004751,R0337,Fish Tikka,starter,196.0,False,True,21,472
I004752,R0337,Chicken Wings,starter,92.0,True,False,24,119
I004753,R0337,Gulab Jamun,dessert,64.0,False,True,52,456
I004754,R0338,Veg Spring Rolls,starter,182.0,True,True,15,786
I004755,R0338,Mango Shake,beverage,62.0,False,True,63,393
I004756,R0338,Jeera Rice,side_dish,86.0,True,True,24,697
I004757,R0338,Coca-Cola,beverage,97.0,True,True,26,246
I004758,R0338,Pav Bhaji,starter,155.0,True,True,29,163
I004759,R0338,Salan,side_dish,179.0,False,True,11,875
I004760,R0338,Chocolate Mousse,dessert,50.0,True,True,92,572
I004761,R0338,Paneer Butter Masala,main_course,43.0,True,False,99,438
I004762,R0338,Pav Bhaji,starter,77.0,False,True,85,775
I004763,R0338,Brownie,dessert,185.0,True,True,51,405
I004764,R0338,Corn on the Cob,snack,98.0,False,True,5,766
I004765,R0338,Gajar Ka Halwa,dessert,182.0,True,True,13,848
I004766,R0338,Paneer Tikka,starter,58.0,False,False,68,560
I004767,R0338,Kheer,dessert,107.0,True,True,9,393
I004768,R0338,Chole Bhature,main_course,58.0,True,True,5,377
I004769,R0338,Mango Shake,beverage,154.0,True,True,11,320
I004770,R0338,Masala Chai,beverage,185.0,False,True,45,327
I004771,R0339,Onion Rings,starter,121.0,True,True,9,672
I004772,R0339,Chicken Pizza,main_course,164.0,True,False,57,842
I004773,R0339,Raita,side_dish,194.0,True,True,9,499
I004774,R0339,Garlic Naan,side_dish,162.0,False,True,39,846
I004775,R0339,Fruit Custard,dessert,258.0,True,True,74,146
I004776,R0339,Veg Spring Rolls,starter,216.0,False,True,88,882
I004777,R0339,Chole Bhature,main_course,216.0,True,True,55,331
I004778,R0339,Mini Burgers,snack,176.0,True,True,61,159
I004779,R0339,Sprite,beverage,171.0,True,True,39,737
I004780,R0339,Kheer,dessert,204.0,True,True,23,683
I004781,R0339,Fruit Custard,dessert,116.0,True,True,92,452
I004782,R0339,Fresh Lime Soda,beverage,254.0,True,True,22,485
I004783,R0339,Dal Makhani,main_course,125.0,True,True,69,455
I004784,R0339,Veg Spring Rolls,starter,147.0,False,True,23,501
I004785,R0339,Dal Makhani,main_course,129.0,False,True,85,228
I004786,R0340,Chocolate Mousse,dessert,214.0,True,True,76,784
I004787,R0340,Rose Sharbat,beverage,216.0,True,False,78,257
I004788,R0340,Mineral Water,beverage,219.0,True,True,89,272
I004789,R0340,Chole Bhature,main_course,238.0,False,True,88,768
I004790,R0340,Fresh Lime Soda,beverage,75.0,True,True,23,199
I004791,R0340,Ice Cream (Chocolate),dessert,193.0,True,True,89,595
I004792,R0340,Masala Fries,snack,240.0,False,True,54,627
I004793,R0340,Chicken Pizza,main_course,235.0,True,True,32,789
I004794,R0340,Ice Cream (Chocolate),dessert,190.0,True,True,88,729
I004795,R0340,Coleslaw,side_dish,230.0,True,True,10,380
I004796,R0340,Fresh Lime Soda,beverage,200.0,True,True,32,429
I004797,R0340,Sev Puri,snack,108.0,True,False,16,499
I004798,R0340,Fresh Lime Soda,beverage,229.0,True,True,33,417
I004799,R0340,Steamed Rice,side_dish,219.0,True,True,91,247
I004800,R0340,Buttermilk,beverage,168.0,True,True,2,832
I004801,R0340,Pav Bhaji,starter,109.0,False,True,51,808
I004802,R0340,Butter Naan,side_dish,239.0,True,True,62,834
I004803,R0340,Chole Bhature,main_course,101.0,True,True,89,718
I004804,R0341,Hakka Noodles,main_course,136.0,True,True,42,535
I004805,R0341,Laccha Paratha,side_dish,133.0,True,True,62,354
I004806,R0341,Garlic Bread,side_dish,100.0,True,True,38,564
I004807,R0341,Salan,side_dish,205.0,True,True,45,624
I004808,R0341,Rasgulla,dessert,54.0,True,True,43,106
I004809,R0341,Mutton Biryani,main_course,210.0,True,True,95,679
I004810,R0341,Paneer Tikka,starter,125.0,True,True,40,304
I004811,R0341,Sev Puri,snack,138.0,True,True,90,600
I004812,R0341,Pita Bread,side_dish,132.0,True,True,84,652
I004813,R0341,Paneer Tikka,starter,221.0,True,True,40,513
I004814,R0341,Salan,side_dish,116.0,True,True,60,751
I004815,R0341,Kheer,dessert,76.0,True,True,75,332
I004816,R0341,Ice Cream (Chocolate),dessert,155.0,True,False,6,545
I004817,R0342,Kulfi,dessert,237.0,False,True,53,305
I004818,R0342,Pita Bread,side_dish,192.0,True,True,46,422
I004819,R0342,Sprite,beverage,190.0,True,True,49,349
I004820,R0342,Gulab Jamun,dessert,158.0,True,True,22,649
I004821,R0342,Chicken Wings,starter,360.0,True,True,95,576
I004822,R0342,Mango Shake,beverage,266.0,True,True,31,359
I004823,R0342,Paneer Tikka,starter,144.0,False,True,59,178
I004824,R0342,Pav Bhaji,starter,188.0,True,True,68,824
I004825,R0342,Green Salad,side_dish,407.0,True,True,28,256
I004826,R0342,Egg Curry,main_course,401.0,True,True,6,243
I004827,R0342,Veg Seekh Kebab,starter,263.0,True,True,21,406
I004828,R0343,Masala Fries,snack,181.0,False,True,60,737
I004829,R0343,Samosa (2 pcs),starter,156.0,True,True,77,387
I004830,R0343,Butter Naan,side_dish,230.0,False,True,85,351
I004831,R0343,Green Salad,side_dish,154.0,True,True,29,416
I004832,R0343,Rasgulla,dessert,271.0,True,True,30,314
I004833,R0343,Mango Lassi,beverage,157.0,True,True,93,359
I004834,R0343,Sprite,beverage,248.0,True,True,54,719
I004835,R0343,Sev Puri,snack,243.0,True,True,6,123
I004836,R0343,Laccha Paratha,side_dish,100.0,True,True,51,473
I004837,R0343,Egg Curry,main_course,288.0,False,True,79,180
I004838,R0343,Veg Biryani,main_course,134.0,False,True,32,495
I004839,R0343,Rajma Chawal,main_course,69.0,True,True,58,194
I004840,R0343,Ice Cream (Chocolate),dessert,218.0,True,True,99,272
I004841,R0344,Masala Dosa,main_course,480.0,True,True,25,441
I004842,R0344,Pasta Arrabiata,main_course,658.0,True,True,86,416
I004843,R0344,Sev Puri,snack,735.0,True,True,32,299
I004844,R0344,Mineral Water,beverage,886.0,True,True,8,696
I004845,R0344,Veg Sandwich,snack,673.0,True,True,21,106
I004846,R0344,Veg Seekh Kebab,starter,554.0,True,True,86,485
I004847,R0344,Chicken Nuggets,starter,485.0,True,True,59,424
I004848,R0344,Veg Wrap,snack,444.0,True,False,65,893
I004849,R0344,Kheer,dessert,872.0,True,False,21,657
I004850,R0344,Mutton Biryani,main_course,911.0,True,True,32,838
I004851,R0344,Pav Bhaji,starter,586.0,True,True,35,179
I004852,R0344,Mango Shake,beverage,610.0,True,True,9,256
I004853,R0344,Mineral Water,beverage,405.0,True,True,64,348
I004854,R0344,French Fries,snack,907.0,True,True,78,497
I004855,R0345,Chicken Tikka,starter,129.0,False,True,64,618
I004856,R0345,Paneer Tikka,starter,227.0,False,False,65,426
I004857,R0345,Garlic Naan,side_dish,150.0,True,True,58,366
I004858,R0345,Chicken Sandwich,snack,139.0,True,True,46,495
I004859,R0345,Rajma Chawal,main_course,129.0,False,True,85,761
I004860,R0345,Rose Sharbat,beverage,225.0,True,True,45,871
I004861,R0345,Chicken Nuggets,starter,204.0,True,True,23,515
I004862,R0345,Fried Rice,main_course,109.0,False,True,81,475
I004863,R0345,Jeera Rice,side_dish,101.0,True,True,16,282
I004864,R0345,Chole Bhature,main_course,172.0,True,True,8,486
I004865,R0345,Cheesecake Slice,dessert,173.0,False,True,30,882
I004866,R0345,Gajar Ka Halwa,dessert,213.0,True,True,28,578
I004867,R0345,Margherita Pizza,main_course,87.0,True,True,9,117
I004868,R0345,Rasgulla,dessert,129.0,True,True,35,651
I004869,R0345,Popcorn Chicken,snack,91.0,True,True,56,845
I004870,R0345,Laccha Paratha,side_dish,182.0,True,True,25,481
I004871,R0346,Veg Biryani,main_course,1300.0,True,True,23,473
I004872,R0346,Samosa (2 pcs),starter,299.0,True,False,38,745
I004873,R0346,Samosa (2 pcs),starter,887.0,True,True,66,801
I004874,R0346,Halwa,dessert,923.0,True,True,98,705
I004875,R0346,Butter Chicken,main_course,679.0,True,True,3,205
I004876,R0346,Ice Cream (Vanilla),dessert,438.0,True,True,59,631
I004877,R0346,Rasgulla,dessert,806.0,True,True,79,747
I004878,R0346,Raita,side_dish,371.0,True,True,36,749
I004879,R0346,Kheer,dessert,804.0,True,True,1,318
I004880,R0346,Nachos,snack,548.0,True,True,96,373
I004881,R0346,Halwa,dessert,729.0,True,False,15,278
I004882,R0346,Bhel Puri,snack,1130.0,True,True,94,494
I004883,R0346,Watermelon Juice,beverage,706.0,True,True,54,420
I004884,R0346,Halwa,dessert,440.0,True,True,4,329
I004885,R0346,Corn on the Cob,snack,1132.0,True,True,88,416
I004886,R0346,Chicken Wings,starter,738.0,True,True,93,724
I004887,R0346,Chicken Biryani,main_course,342.0,True,True,3,395
I004888,R0346,Paneer Tikka,starter,707.0,True,True,32,123
I004889,R0346,Pav Bhaji,starter,921.0,True,False,42,643
I004890,R0346,Bhel Puri,snack,1315.0,True,True,86,276
I004891,R0347,Garlic Bread,side_dish,203.0,True,True,92,584
I004892,R0347,Garlic Naan,side_dish,258.0,True,True,82,259
I004893,R0347,Steamed Rice,side_dish,274.0,False,True,63,231
I004894,R0347,Samosa (2 pcs),starter,91.0,True,True,44,769
I004895,R0347,Ice Cream (Chocolate),dessert,287.0,True,True,42,378
I004896,R0347,Gajar Ka Halwa,dessert,206.0,True,True,57,241
I004897,R0347,Sev Puri,snack,290.0,False,True,78,101
I004898,R0347,Sev Puri,snack,244.0,True,True,69,323
I004899,R0347,Veg Wrap,snack,229.0,False,True,59,677
I004900,R0348,Mango Shake,beverage,258.0,True,True,9,424
I004901,R0348,Mango Lassi,beverage,87.0,True,True,80,128
I004902,R0348,Brownie,dessert,165.0,True,True,45,200
I004903,R0348,Green Salad,side_dish,145.0,True,True,36,311
I004904,R0348,Jeera Rice,side_dish,241.0,True,True,63,336
I004905,R0348,Margherita Pizza,main_course,170.0,False,True,18,213
I004906,R0348,Raita,side_dish,133.0,False,True,82,507
I004907,R0348,Pita Bread,side_dish,308.0,True,True,75,266
I004908,R0348,Fresh Lime Soda,beverage,306.0,False,True,47,195
I004909,R0348,Coca-Cola,beverage,265.0,True,True,2,266
I004910,R0348,Veg Spring Rolls,starter,104.0,False,True,79,573
I004911,R0348,Ice Cream (Vanilla),dessert,293.0,True,True,39,754
I004912,R0348,Chicken Sandwich,snack,286.0,True,True,24,581
I004913,R0348,Nachos,snack,320.0,True,True,40,888
I004914,R0348,Raita,side_dish,220.0,False,True,55,866
I004915,R0348,Aloo Tikki,starter,270.0,True,True,30,364
I004916,R0349,Onion Rings,starter,42.0,False,True,61,873
I004917,R0349,Gajar Ka Halwa,dessert,104.0,True,True,61,772
I004918,R0349,Rasgulla,dessert,74.0,False,True,45,137
I004919,R0349,Raita,side_dish,131.0,True,True,87,300
I004920,R0349,Corn on the Cob,snack,127.0,False,True,98,696
I004921,R0349,Mango Lassi,beverage,48.0,True,True,19,648
I004922,R0349,Aloo Tikki,starter,74.0,True,True,49,604
I004923,R0349,Veg Biryani,main_course,136.0,True,True,46,794
I004924,R0349,Fruit Custard,dessert,44.0,True,True,55,733
I004925,R0349,Mutton Biryani,main_course,135.0,True,True,87,565
I004926,R0349,Cold Coffee,beverage,92.0,False,False,21,478
I004927,R0349,Salan,side_dish,50.0,False,True,6,180
I004928,R0349,Ice Cream (Chocolate),dessert,139.0,True,False,23,514
I004929,R0349,Salan,side_dish,168.0,True,False,81,668
I004930,R0349,Chicken Tikka,starter,174.0,False,True,95,430
I004931,R0349,Mineral Water,beverage,67.0,True,True,37,861
I004932,R0350,Chocolate Mousse,dessert,248.0,True,True,46,701
I004933,R0350,Chole Bhature,main_course,147.0,True,True,27,360
I004934,R0350,Rajma Chawal,main_course,305.0,True,True,21,326
I004935,R0350,Chocolate Mousse,dessert,240.0,True,True,59,860
I004936,R0350,Mini Burgers,snack,246.0,True,True,81,335
I004937,R0350,Chicken Tikka,starter,267.0,True,True,89,749
I004938,R0350,Rasgulla,dessert,170.0,True,True,1,197
I004939,R0350,Margherita Pizza,main_course,153.0,True,True,21,371
I004940,R0350,Nachos,snack,184.0,True,True,64,695
I004941,R0350,Garlic Bread (plain),snack,180.0,True,True,95,758
I004942,R0350,Chicken Nuggets,starter,219.0,True,True,47,821
I004943,R0350,Fresh Lime Soda,beverage,334.0,True,True,42,544
I004944,R0350,Masala Fries,snack,383.0,True,True,68,637
I004945,R0350,Kheer,dessert,232.0,True,True,84,140
I004946,R0350,Sev Puri,snack,375.0,True,True,22,333
I004947,R0350,Gulab Jamun,dessert,141.0,True,True,20,763
I004948,R0351,Aloo Tikki,starter,719.0,True,True,16,382
I004949,R0351,Onion Rings,starter,788.0,True,True,2,687
I004950,R0351,Gulab Jamun,dessert,682.0,True,True,14,897
I004951,R0351,Samosa (2 pcs),starter,759.0,True,True,9,562
I004952,R0351,Mango Lassi,beverage,299.0,True,True,89,327
I004953,R0351,Veg Sandwich,snack,995.0,True,True,70,210
I004954,R0351,Masala Dosa,main_course,832.0,True,True,30,370
I004955,R0351,Crispy Corn,starter,751.0,True,True,82,582
I004956,R0351,Salan,side_dish,395.0,True,True,78,645
I004957,R0351,Steamed Rice,side_dish,873.0,True,True,53,532
I004958,R0351,Brownie,dessert,270.0,True,True,38,378
I004959,R0351,Fresh Lime Soda,beverage,809.0,True,True,82,785
I004960,R0351,Chocolate Mousse,dessert,692.0,True,True,40,641
I004961,R0351,Garlic Bread,side_dish,816.0,True,True,42,565
I004962,R0351,Margherita Pizza,main_course,784.0,True,True,53,803
I004963,R0351,Veg Biryani,main_course,558.0,True,True,79,808
I004964,R0351,Fresh Lime Soda,beverage,435.0,True,True,41,285
I004965,R0351,Chicken Tikka,starter,977.0,True,True,38,573
I004966,R0352,Garlic Bread,side_dish,869.0,True,True,36,346
I004967,R0352,Samosa (2 pcs),starter,961.0,False,False,22,436
I004968,R0352,Chicken Tikka,starter,526.0,False,True,23,384
I004969,R0352,Kulfi,dessert,983.0,False,True,84,828
I004970,R0352,Papad,side_dish,667.0,True,True,73,654
I004971,R0352,Garlic Bread (plain),snack,983.0,False,True,35,625
I004972,R0352,Pav Bhaji,starter,655.0,True,True,99,732
I004973,R0352,Aloo Tikki,starter,1231.0,False,True,28,357
I004974,R0352,Veg Sandwich,snack,788.0,True,False,99,810
I004975,R0352,Chicken Nuggets,starter,1254.0,False,True,51,577
I004976,R0352,Papad,side_dish,1278.0,True,True,11,147
I004977,R0352,Masala Dosa,main_course,867.0,True,False,74,649
I004978,R0352,Garlic Bread,side_dish,616.0,False,True,69,210
I004979,R0352,Garlic Bread,side_dish,1056.0,True,True,64,409
I004980,R0352,Fresh Lime Soda,beverage,1064.0,True,True,19,302
I004981,R0352,Brownie,dessert,1255.0,True,True,60,866
I004982,R0352,Coca-Cola,beverage,348.0,False,False,46,786
I004983,R0353,Cold Coffee,beverage,70.0,False,True,65,419
I004984,R0353,Halwa,dessert,74.0,True,False,73,703
I004985,R0353,Rose Sharbat,beverage,152.0,True,True,26,655
I004986,R0353,Coca-Cola,beverage,51.0,False,True,53,855
I004987,R0353,Masala Dosa,main_course,149.0,False,True,91,245
I004988,R0353,Rose Sharbat,beverage,51.0,True,True,4,693
I004989,R0353,Fish Tikka,starter,78.0,True,True,66,684
I004990,R0353,Garlic Bread,side_dish,151.0,True,True,49,188
I004991,R0353,Paneer Butter Masala,main_course,111.0,False,True,49,674
I004992,R0353,Hakka Noodles,main_course,87.0,False,False,22,445
I004993,R0353,Fruit Custard,dessert,41.0,False,True,4,392
I004994,R0353,Veg Spring Rolls,starter,86.0,True,True,25,364
I004995,R0354,Ice Cream (Vanilla),dessert,84.0,True,False,5,290
I004996,R0354,Sev Puri,snack,111.0,True,True,66,400
I004997,R0354,Chole Bhature,main_course,84.0,False,True,80,270
I004998,R0354,Garlic Naan,side_dish,50.0,True,True,35,848
I004999,R0354,Raita,side_dish,68.0,True,True,17,482
I005000,R0354,Brownie,dessert,52.0,True,False,46,631
I005001,R0354,Chicken Biryani,main_course,73.0,False,True,32,326
I005002,R0354,Bhel Puri,snack,69.0,False,True,14,294
I005003,R0354,Fish Tikka,starter,30.0,True,False,83,793
I005004,R0354,Garlic Naan,side_dish,87.0,True,True,23,640
I005005,R0354,Aloo Tikki,starter,64.0,False,True,78,181
I005006,R0354,Chole Bhature,main_course,70.0,False,True,86,465
I005007,R0354,Rose Sharbat,beverage,96.0,False,True,70,290
I005008,R0354,Raita,side_dish,57.0,True,True,99,496
I005009,R0354,Kheer,dessert,33.0,True,True,42,464
I005010,R0354,Coleslaw,side_dish,87.0,True,True,3,136
I005011,R0354,Laccha Paratha,side_dish,72.0,True,True,57,507
I005012,R0354,Chicken Sandwich,snack,86.0,True,True,58,824
I005013,R0354,Aloo Tikki,starter,114.0,True,True,50,260
I005014,R0354,Steamed Rice,side_dish,75.0,True,True,84,487
I005015,R0355,Chicken Sandwich,snack,155.0,True,True,52,102
I005016,R0355,Chicken Wings,starter,172.0,True,True,96,115
I005017,R0355,Masala Fries,snack,447.0,True,False,87,105
I005018,R0355,Cold Coffee,beverage,180.0,False,True,38,359
I005019,R0355,Chicken Pizza,main_course,333.0,True,True,12,267
I005020,R0355,Paneer Tikka,starter,509.0,True,False,30,402
I005021,R0355,Bhel Puri,snack,400.0,True,True,48,470
I005022,R0355,Masala Fries,snack,579.0,True,True,37,480
I005023,R0355,Chicken Nuggets,starter,543.0,True,True,52,167
I005024,R0355,Masala Chai,beverage,515.0,False,True,2,129
I005025,R0355,Cold Coffee,beverage,354.0,True,True,17,763
I005026,R0355,Garlic Bread,side_dish,253.0,True,True,88,471
I005027,R0355,Masala Dosa,main_course,182.0,False,True,34,355
I005028,R0355,Butter Chicken,main_course,380.0,False,True,15,720
I005029,R0355,Egg Curry,main_course,270.0,True,True,67,612
I005030,R0355,Garlic Bread (plain),snack,327.0,True,True,10,101
I005031,R0356,Garlic Naan,side_dish,366.0,True,False,38,695
I005032,R0356,Garlic Bread,side_dish,346.0,True,True,49,250
I005033,R0356,Mango Shake,beverage,507.0,True,True,2,296
I005034,R0356,Sprite,beverage,643.0,True,True,11,196
I005035,R0356,Popcorn Chicken,snack,328.0,True,True,85,167
I005036,R0356,Sprite,beverage,520.0,True,True,49,166
I005037,R0356,Buttermilk,beverage,519.0,True,True,43,285
I005038,R0356,Sweet Lassi,beverage,260.0,True,True,29,770
I005039,R0356,Coca-Cola,beverage,509.0,True,True,36,447
I005040,R0356,Egg Curry,main_course,585.0,True,True,88,687
I005041,R0356,Butter Chicken,main_course,523.0,True,True,21,577
I005042,R0356,Masala Chai,beverage,538.0,True,True,95,351
I005043,R0356,Mutton Biryani,main_course,272.0,True,True,29,492
I005044,R0356,Masala Chai,beverage,331.0,True,True,75,357
I005045,R0357,Papad,side_dish,145.0,True,True,71,506
I005046,R0357,Laccha Paratha,side_dish,250.0,True,True,45,351
I005047,R0357,Cold Coffee,beverage,102.0,True,True,9,837
I005048,R0357,Ice Cream (Chocolate),dessert,85.0,True,False,97,748
I005049,R0357,Watermelon Juice,beverage,105.0,True,True,16,776
I005050,R0357,Nachos,snack,253.0,True,True,12,464
I005051,R0357,Rasgulla,dessert,67.0,True,True,72,658
I005052,R0357,Fish Curry,main_course,69.0,True,True,86,310
I005053,R0357,Veg Spring Rolls,starter,225.0,False,True,6,319
I005054,R0357,Veg Seekh Kebab,starter,64.0,True,True,65,419
I005055,R0357,Garlic Bread,side_dish,124.0,False,True,84,179
I005056,R0357,Steamed Rice,side_dish,162.0,True,True,92,285
I005057,R0357,Rasgulla,dessert,161.0,True,True,18,140
I005058,R0357,Garlic Bread,side_dish,68.0,True,True,36,376
I005059,R0357,Fish Tikka,starter,118.0,False,True,44,516
I005060,R0357,Raita,side_dish,225.0,True,True,54,540
I005061,R0357,Cold Coffee,beverage,166.0,True,True,21,505
I005062,R0357,Hakka Noodles,main_course,114.0,False,True,53,414
I005063,R0358,Masala Dosa,main_course,434.0,True,True,44,298
I005064,R0358,Rasgulla,dessert,205.0,True,False,91,118
I005065,R0358,Cold Coffee,beverage,317.0,False,True,3,621
I005066,R0358,Rajma Chawal,main_course,212.0,False,True,39,720
I005067,R0358,Gajar Ka Halwa,dessert,470.0,False,True,11,604
I005068,R0358,Sprite,beverage,383.0,True,True,55,434
I005069,R0358,Garlic Bread,side_dish,328.0,True,True,39,229
I005070,R0358,Dal Makhani,main_course,145.0,False,True,79,845
I005071,R0358,Laccha Paratha,side_dish,282.0,True,True,83,629
I005072,R0358,Mango Lassi,beverage,370.0,True,True,59,110
I005073,R0358,Hakka Noodles,main_course,115.0,False,False,5,673
I005074,R0358,Mango Shake,beverage,208.0,False,False,55,320
I005075,R0358,Popcorn Chicken,snack,319.0,True,False,46,160
I005076,R0358,Cheesecake Slice,dessert,346.0,False,True,18,173
I005077,R0358,Masala Chai,beverage,325.0,True,True,79,248
I005078,R0358,Buttermilk,beverage,221.0,True,True,44,243
I005079,R0358,Popcorn Chicken,snack,335.0,False,True,26,416
I005080,R0359,Coca-Cola,beverage,516.0,True,True,36,641
I005081,R0359,Garlic Bread,side_dish,534.0,True,True,33,680
I005082,R0359,Fried Rice,main_course,211.0,True,True,23,353
I005083,R0359,Chicken Tikka,starter,566.0,True,True,53,349
I005084,R0359,Pasta Arrabiata,main_course,550.0,True,True,61,733
I005085,R0359,Laccha Paratha,side_dish,153.0,True,True,81,520
I005086,R0359,Garlic Naan,side_dish,416.0,True,True,57,406
I005087,R0359,Corn on the Cob,snack,281.0,True,True,89,587
I005088,R0359,Sprite,beverage,413.0,True,False,51,426
I005089,R0359,Chicken Tikka,starter,147.0,True,True,15,507
I005090,R0360,Coleslaw,side_dish,100.0,True,True,38,144
I005091,R0360,Veg Spring Rolls,starter,134.0,False,True,49,328
I005092,R0360,Veg Biryani,main_course,272.0,False,False,3,167
I005093,R0360,Veg Biryani,main_course,301.0,False,True,95,824
I005094,R0360,Watermelon Juice,beverage,160.0,True,True,21,468
I005095,R0360,Halwa,dessert,311.0,True,True,62,422
I005096,R0360,Papad,side_dish,334.0,False,True,68,208
I005097,R0360,Chicken Wings,starter,292.0,False,True,52,630
I005098,R0361,Garlic Naan,side_dish,117.0,True,False,32,372
I005099,R0361,Papad,side_dish,194.0,True,True,51,289
I005100,R0361,Ice Cream (Chocolate),dessert,218.0,False,True,34,286
I005101,R0361,French Fries,snack,264.0,True,True,58,117
I005102,R0361,Garlic Bread (plain),snack,217.0,True,True,70,311
I005103,R0361,Veg Wrap,snack,213.0,True,False,48,328
I005104,R0361,Fresh Lime Soda,beverage,261.0,True,True,88,742
I005105,R0361,Fruit Custard,dessert,131.0,False,False,26,695
I005106,R0361,Dal Makhani,main_course,178.0,False,True,1,854
I005107,R0361,Fish Tikka,starter,196.0,True,True,89,151
I005108,R0361,Chicken Biryani,main_course,201.0,True,True,70,601
I005109,R0361,Brownie,dessert,141.0,False,True,80,395
I005110,R0361,Rose Sharbat,beverage,153.0,True,True,26,871
I005111,R0361,Fresh Lime Soda,beverage,259.0,True,True,58,216
I005112,R0361,Fried Rice,main_course,124.0,False,True,60,526
I005113,R0361,Kulfi,dessert,136.0,True,True,68,666
I005114,R0361,Buttermilk,beverage,100.0,True,True,16,413
I005115,R0361,Coleslaw,side_dish,234.0,False,True,94,598
I005116,R0361,Brownie,dessert,199.0,True,False,43,374
I005117,R0362,Masala Chai,beverage,85.0,True,True,89,658
I005118,R0362,Butter Chicken,main_course,177.0,True,True,86,809
I005119,R0362,Ice Cream (Chocolate),dessert,128.0,True,True,86,620
I005120,R0362,Onion Rings,starter,159.0,True,False,39,566
I005121,R0362,Garlic Bread (plain),snack,46.0,True,True,74,356
I005122,R0362,Chicken Wings,starter,131.0,True,True,44,372
I005123,R0362,Fresh Lime Soda,beverage,113.0,True,True,66,211
I005124,R0362,Crispy Corn,starter,58.0,True,True,74,600
I005125,R0362,Kulfi,dessert,125.0,True,True,17,607
I005126,R0362,Hakka Noodles,main_course,152.0,True,False,46,134
I005127,R0362,Salan,side_dish,99.0,True,True,44,876
I005128,R0362,Paneer Tikka,starter,136.0,True,False,42,289
I005129,R0362,Paneer Tikka,starter,78.0,True,True,35,210
I005130,R0362,Butter Chicken,main_course,174.0,True,True,13,622
I005131,R0363,Mineral Water,beverage,576.0,False,True,6,572
I005132,R0363,Samosa (2 pcs),starter,368.0,False,True,38,156
I005133,R0363,Halwa,dessert,984.0,False,True,1,147
I005134,R0363,Mango Shake,beverage,706.0,True,True,57,454
I005135,R0363,Halwa,dessert,229.0,True,True,90,468
I005136,R0363,Butter Naan,side_dish,919.0,False,True,49,599
I005137,R0363,Coleslaw,side_dish,760.0,True,True,89,211
I005138,R0363,Fruit Custard,dessert,322.0,True,True,85,295
I005139,R0363,Kheer,dessert,918.0,True,True,84,774
I005140,R0363,Garlic Bread,side_dish,471.0,False,True,5,852
I005141,R0363,Ice Cream (Chocolate),dessert,423.0,True,True,64,107
I005142,R0363,Garlic Naan,side_dish,828.0,True,True,28,253
I005143,R0363,Fish Tikka,starter,545.0,False,False,20,762
I005144,R0364,Hakka Noodles,main_course,308.0,True,True,1,630
I005145,R0364,Sev Puri,snack,179.0,True,True,43,355
I005146,R0364,Mini Burgers,snack,261.0,True,True,43,616
I005147,R0364,Halwa,dessert,127.0,True,True,57,287
I005148,R0364,Gulab Jamun,dessert,100.0,True,True,27,511
I005149,R0364,Laccha Paratha,side_dish,249.0,True,True,45,873
I005150,R0364,Aloo Tikki,starter,239.0,True,True,25,326
I005151,R0364,Popcorn Chicken,snack,382.0,True,True,15,314
I005152,R0364,Laccha Paratha,side_dish,232.0,True,True,30,197
I005153,R0364,Aloo Tikki,starter,121.0,False,False,86,267
I005154,R0365,Pita Bread,side_dish,590.0,True,False,39,486
I005155,R0365,Salan,side_dish,416.0,True,True,34,500
I005156,R0365,Masala Fries,snack,167.0,True,True,11,754
I005157,R0365,Chole Bhature,main_course,511.0,True,True,8,616
I005158,R0365,Veg Sandwich,snack,219.0,True,True,71,732
I005159,R0365,Brownie,dessert,396.0,True,True,11,493
I005160,R0365,Salan,side_dish,305.0,True,True,84,350
I005161,R0365,Aloo Tikki,starter,421.0,False,True,70,190
I005162,R0365,Chicken Sandwich,snack,317.0,True,True,85,608
I005163,R0365,Mutton Biryani,main_course,288.0,True,True,87,632
I005164,R0366,Mini Burgers,snack,179.0,True,True,4,161
I005165,R0366,Watermelon Juice,beverage,62.0,True,True,57,777
I005166,R0366,Mini Burgers,snack,155.0,True,True,16,886
I005167,R0366,Corn on the Cob,snack,57.0,True,True,94,306
I005168,R0366,Gajar Ka Halwa,dessert,180.0,True,True,34,709
I005169,R0366,Coleslaw,side_dish,210.0,False,True,73,650
I005170,R0366,Pav Bhaji,starter,115.0,False,True,93,515
I005171,R0366,Bhel Puri,snack,180.0,True,True,97,588
I005172,R0366,Paneer Tikka,starter,213.0,True,True,99,693
I005173,R0366,Sprite,beverage,134.0,True,True,53,103
I005174,R0366,Halwa,dessert,149.0,True,True,58,880
I005175,R0366,Halwa,dessert,133.0,False,True,23,623
I005176,R0367,Pav Bhaji,starter,172.0,True,True,3,689
I005177,R0367,Masala Fries,snack,153.0,True,True,38,447
I005178,R0367,Rajma Chawal,main_course,474.0,False,True,26,342
I005179,R0367,French Fries,snack,373.0,False,True,40,485
I005180,R0367,Jeera Rice,side_dish,485.0,True,False,77,489
I005181,R0367,Chicken Pizza,main_course,177.0,True,True,81,855
I005182,R0367,Cold Coffee,beverage,506.0,True,True,40,832
I005183,R0367,Rose Sharbat,beverage,121.0,True,True,52,136
I005184,R0367,Chocolate Mousse,dessert,248.0,True,True,66,151
I005185,R0367,Mineral Water,beverage,467.0,True,True,50,775
I005186,R0367,Dal Makhani,main_course,412.0,True,True,36,476
I005187,R0367,Ice Cream (Vanilla),dessert,153.0,False,True,10,534
I005188,R0367,Raita,side_dish,186.0,True,True,44,107
I005189,R0367,Steamed Rice,side_dish,409.0,True,True,91,343
I005190,R0367,Aloo Tikki,starter,324.0,False,True,70,146
I005191,R0367,Chole Bhature,main_course,152.0,False,True,45,528
I005192,R0367,Pav Bhaji,starter,241.0,True,True,28,587
I005193,R0367,Gajar Ka Halwa,dessert,345.0,True,True,73,668
I005194,R0368,Chicken Sandwich,snack,94.0,True,True,1,703
I005195,R0368,Masala Fries,snack,130.0,True,True,70,532
I005196,R0368,Butter Chicken,main_course,70.0,True,True,86,864
I005197,R0368,Butter Naan,side_dish,56.0,True,True,28,856
I005198,R0368,Popcorn Chicken,snack,55.0,True,True,24,176
I005199,R0368,Crispy Corn,starter,124.0,True,True,73,861
I005200,R0368,Sev Puri,snack,111.0,True,True,11,435
I005201,R0368,Veg Sandwich,snack,103.0,True,True,52,470
I005202,R0368,Onion Rings,starter,103.0,True,True,75,232
I005203,R0369,Kheer,dessert,166.0,True,True,54,878
I005204,R0369,Veg Sandwich,snack,213.0,True,True,68,229
I005205,R0369,Mineral Water,beverage,192.0,False,True,82,878
I005206,R0369,Veg Wrap,snack,172.0,True,True,46,140
I005207,R0369,Rasgulla,dessert,123.0,True,True,6,855
I005208,R0369,Butter Chicken,main_course,152.0,True,True,67,794
I005209,R0369,Fruit Custard,dessert,179.0,False,True,59,265
I005210,R0369,Chicken Tikka,starter,119.0,True,True,43,146
I005211,R0369,Mini Burgers,snack,107.0,False,True,61,231
I005212,R0370,Mango Lassi,beverage,130.0,False,True,77,717
I005213,R0370,Sev Puri,snack,429.0,True,True,68,642
I005214,R0370,Sev Puri,snack,319.0,True,True,30,225
I005215,R0370,Veg Wrap,snack,119.0,False,True,50,769
I005216,R0370,Paneer Butter Masala,main_course,144.0,True,True,86,231
I005217,R0370,Garlic Naan,side_dish,193.0,True,True,61,280
I005218,R0370,Fish Tikka,starter,203.0,False,True,7,811
I005219,R0370,Mango Shake,beverage,345.0,True,True,83,521
I005220,R0370,Paneer Butter Masala,main_course,456.0,True,True,24,807
I005221,R0370,Coca-Cola,beverage,191.0,True,True,43,807
I005222,R0370,Ice Cream (Chocolate),dessert,493.0,True,True,1,115
I005223,R0370,Fruit Custard,dessert,427.0,True,True,97,725
I005224,R0371,Veg Sandwich,snack,281.0,True,True,85,494
I005225,R0371,Halwa,dessert,377.0,True,False,79,762
I005226,R0371,Butter Naan,side_dish,151.0,False,True,8,445
I005227,R0371,Fresh Lime Soda,beverage,115.0,False,True,48,864
I005228,R0371,Chicken Biryani,main_course,400.0,False,True,59,789
I005229,R0371,Corn on the Cob,snack,125.0,True,True,91,310
I005230,R0371,Watermelon Juice,beverage,351.0,True,True,15,277
I005231,R0371,Fruit Custard,dessert,306.0,True,True,32,455
I005232,R0371,Sweet Lassi,beverage,413.0,False,True,24,376
I005233,R0371,Mineral Water,beverage,100.0,True,True,18,812
I005234,R0371,Steamed Rice,side_dish,243.0,True,True,94,266
I005235,R0371,Halwa,dessert,402.0,True,True,93,323
I005236,R0371,Chicken Pizza,main_course,161.0,True,True,23,179
I005237,R0372,Buttermilk,beverage,548.0,True,True,40,452
I005238,R0372,Garlic Naan,side_dish,536.0,True,True,43,335
I005239,R0372,Mango Lassi,beverage,214.0,True,True,3,743
I005240,R0372,Paneer Tikka,starter,300.0,True,True,27,460
I005241,R0372,Jeera Rice,side_dish,330.0,True,True,36,473
I005242,R0372,Aloo Tikki,starter,499.0,True,True,7,513
I005243,R0372,Veg Seekh Kebab,starter,365.0,True,True,40,227
I005244,R0372,Fried Rice,main_course,348.0,True,True,44,298
I005245,R0372,Fried Rice,main_course,290.0,True,True,77,565
I005246,R0373,Veg Wrap,snack,101.0,False,True,2,473
I005247,R0373,Chole Bhature,main_course,36.0,True,True,59,137
I005248,R0373,Halwa,dessert,40.0,True,True,78,638
I005249,R0373,Pita Bread,side_dish,130.0,True,True,33,739
I005250,R0373,Laccha Paratha,side_dish,54.0,True,True,41,285
I005251,R0373,Veg Seekh Kebab,starter,90.0,True,True,65,798
I005252,R0373,Watermelon Juice,beverage,36.0,True,True,15,720
I005253,R0373,Cold Coffee,beverage,51.0,False,False,91,127
I005254,R0373,Hakka Noodles,main_course,57.0,False,False,69,701
I005255,R0373,Pav Bhaji,starter,65.0,True,True,8,159
I005256,R0373,Jeera Rice,side_dish,132.0,True,False,33,533
I005257,R0373,Ice Cream (Chocolate),dessert,31.0,False,True,52,218
I005258,R0373,Egg Curry,main_course,127.0,False,True,13,419
I005259,R0373,Onion Rings,starter,116.0,False,True,32,383
I005260,R0373,Samosa (2 pcs),starter,53.0,True,True,42,516
I005261,R0373,Gajar Ka Halwa,dessert,44.0,False,True,39,721
I005262,R0373,Crispy Corn,starter,59.0,True,True,3,687
I005263,R0374,Chicken Tikka,starter,356.0,True,True,14,197
I005264,R0374,Veg Wrap,snack,205.0,True,False,6,361
I005265,R0374,Chicken Pizza,main_course,284.0,False,True,10,691
I005266,R0374,Veg Wrap,snack,361.0,True,True,8,573
I005267,R0374,Butter Naan,side_dish,323.0,True,True,19,134
I005268,R0374,Veg Seekh Kebab,starter,304.0,True,True,47,201
I005269,R0374,Onion Rings,starter,350.0,False,True,53,444
I005270,R0374,Chicken Tikka,starter,94.0,False,True,96,875
I005271,R0374,Sprite,beverage,323.0,True,False,12,192
I005272,R0374,Watermelon Juice,beverage,361.0,False,True,21,392
I005273,R0374,Rasgulla,dessert,327.0,True,True,88,439
I005274,R0374,Jeera Rice,side_dish,228.0,True,True,24,717
I005275,R0374,Coleslaw,side_dish,205.0,False,True,2,769
I005276,R0374,Masala Fries,snack,161.0,True,True,24,207
I005277,R0375,Chicken Nuggets,starter,33.0,True,True,71,383
I005278,R0375,Veg Sandwich,snack,30.0,True,True,4,108
I005279,R0375,Veg Wrap,snack,87.0,False,True,66,624
I005280,R0375,Rasgulla,dessert,59.0,True,True,70,215
I005281,R0375,Veg Biryani,main_course,104.0,True,True,16,155
I005282,R0375,Buttermilk,beverage,73.0,True,True,38,762
I005283,R0375,Garlic Naan,side_dish,41.0,False,True,23,243
I005284,R0375,Gulab Jamun,dessert,57.0,True,True,85,797
I005285,R0375,Paneer Tikka,starter,68.0,False,True,97,209
I005286,R0375,Masala Chai,beverage,38.0,True,True,53,179
I005287,R0375,Paneer Tikka,starter,42.0,False,True,65,539
I005288,R0375,Popcorn Chicken,snack,86.0,True,True,7,477
I005289,R0375,Popcorn Chicken,snack,116.0,True,True,70,166
I005290,R0375,Crispy Corn,starter,49.0,False,True,54,876
I005291,R0375,Mineral Water,beverage,81.0,True,True,20,536
I005292,R0375,Veg Spring Rolls,starter,33.0,False,True,28,232
I005293,R0375,Nachos,snack,44.0,True,True,20,331
I005294,R0375,Chicken Tikka,starter,56.0,True,True,95,452
I005295,R0375,Veg Seekh Kebab,starter,53.0,True,True,21,354
I005296,R0376,Sprite,beverage,219.0,True,True,32,163
I005297,R0376,Chicken Biryani,main_course,256.0,True,True,79,821
I005298,R0376,Steamed Rice,side_dish,330.0,True,True,77,311
I005299,R0376,Green Salad,side_dish,169.0,True,True,76,807
I005300,R0376,Garlic Bread,side_dish,505.0,True,True,96,270
I005301,R0376,Margherita Pizza,main_course,440.0,False,True,21,503
I005302,R0376,Kulfi,dessert,161.0,False,True,19,855
I005303,R0376,Chocolate Mousse,dessert,311.0,True,True,63,673
I005304,R0376,Aloo Tikki,starter,402.0,True,True,25,755
I005305,R0376,Fish Curry,main_course,193.0,True,True,55,653
I005306,R0377,Nachos,snack,101.0,False,True,99,213
I005307,R0377,Paneer Tikka,starter,72.0,True,True,41,520
I005308,R0377,Jeera Rice,side_dish,206.0,False,True,57,162
I005309,R0377,Chicken Wings,starter,102.0,True,True,6,684
I005310,R0377,Chocolate Mousse,dessert,187.0,True,True,91,466
I005311,R0377,Pav Bhaji,starter,196.0,True,True,32,276
I005312,R0377,Coleslaw,side_dish,191.0,True,True,54,419
I005313,R0377,Chicken Wings,starter,107.0,False,True,38,442
I005314,R0377,Chocolate Mousse,dessert,155.0,True,True,96,233
I005315,R0377,Crispy Corn,starter,119.0,False,True,55,423
I005316,R0378,Chicken Pizza,main_course,237.0,True,True,51,307
I005317,R0378,Masala Chai,beverage,117.0,True,True,44,174
I005318,R0378,Chicken Wings,starter,284.0,True,True,50,265
I005319,R0378,Fried Rice,main_course,162.0,True,False,77,650
I005320,R0378,Corn on the Cob,snack,317.0,True,True,95,516
I005321,R0378,Gajar Ka Halwa,dessert,236.0,True,True,67,616
I005322,R0378,Green Salad,side_dish,265.0,True,True,4,859
I005323,R0378,Veg Spring Rolls,starter,281.0,True,False,48,421
I005324,R0378,Watermelon Juice,beverage,257.0,True,True,26,779
I005325,R0378,Fresh Lime Soda,beverage,108.0,True,True,1,270
I005326,R0378,Margherita Pizza,main_course,302.0,True,True,13,160
I005327,R0378,Popcorn Chicken,snack,321.0,True,False,89,837
I005328,R0378,Garlic Bread,side_dish,284.0,True,True,58,696
I005329,R0378,Cold Coffee,beverage,325.0,True,False,85,367
I005330,R0378,Coca-Cola,beverage,89.0,True,True,90,259
I005331,R0378,Samosa (2 pcs),starter,232.0,True,True,54,187
I005332,R0378,Margherita Pizza,main_course,292.0,True,True,63,442
I005333,R0379,Cold Coffee,beverage,312.0,True,True,69,322
I005334,R0379,Fresh Lime Soda,beverage,232.0,False,True,7,832
I005335,R0379,Corn on the Cob,snack,214.0,False,True,10,435
I005336,R0379,Fruit Custard,dessert,269.0,True,True,40,565
I005337,R0379,Masala Dosa,main_course,306.0,False,True,7,726
I005338,R0379,Veg Wrap,snack,269.0,True,True,84,533
I005339,R0379,Corn on the Cob,snack,103.0,True,True,34,305
I005340,R0379,Halwa,dessert,111.0,False,True,69,660
I005341,R0379,Fresh Lime Soda,beverage,175.0,True,True,53,196
I005342,R0379,Sprite,beverage,312.0,True,False,75,350
I005343,R0379,Aloo Tikki,starter,213.0,True,True,27,479
I005344,R0379,Bhel Puri,snack,101.0,True,True,15,754
I005345,R0379,Papad,side_dish,190.0,True,True,16,186
I005346,R0379,French Fries,snack,85.0,True,True,50,532
I005347,R0379,Fish Tikka,starter,143.0,True,True,82,674
I005348,R0380,Butter Chicken,main_course,79.0,True,True,96,506
I005349,R0380,Jeera Rice,side_dish,61.0,True,True,68,345
I005350,R0380,Ice Cream (Chocolate),dessert,113.0,False,True,31,779
I005351,R0380,Chole Bhature,main_course,47.0,True,True,58,163
I005352,R0380,Jeera Rice,side_dish,39.0,True,True,10,165
I005353,R0380,Pav Bhaji,starter,97.0,True,True,88,803
I005354,R0380,Buttermilk,beverage,31.0,True,True,94,225
I005355,R0380,Chicken Nuggets,starter,45.0,True,True,49,710
I005356,R0380,Brownie,dessert,103.0,True,True,79,605
I005357,R0380,Paneer Tikka,starter,41.0,False,True,47,680
I005358,R0380,Rose Sharbat,beverage,56.0,True,True,78,808
I005359,R0381,Cheesecake Slice,dessert,92.0,True,True,1,480
I005360,R0381,Popcorn Chicken,snack,120.0,True,True,86,688
I005361,R0381,Chole Bhature,main_course,39.0,False,True,69,670
I005362,R0381,Chicken Tikka,starter,88.0,True,True,72,722
I005363,R0381,Veg Spring Rolls,starter,110.0,False,True,22,113
I005364,R0381,Raita,side_dish,120.0,False,True,71,828
I005365,R0381,Watermelon Juice,beverage,110.0,False,True,49,866
I005366,R0381,Jeera Rice,side_dish,83.0,True,True,32,443
I005367,R0381,Chicken Sandwich,snack,132.0,False,True,40,677
I005368,R0381,Masala Dosa,main_course,69.0,False,True,46,704
I005369,R0381,Halwa,dessert,96.0,True,True,99,305
I005370,R0381,Fresh Lime Soda,beverage,71.0,True,True,34,352
I005371,R0381,Masala Fries,snack,62.0,True,False,28,824
I005372,R0381,Green Salad,side_dish,123.0,True,True,26,370
I005373,R0382,Dal Makhani,main_course,126.0,True,True,9,781
I005374,R0382,Mineral Water,beverage,423.0,True,True,33,178
I005375,R0382,Paneer Tikka,starter,287.0,True,True,7,848
I005376,R0382,Coca-Cola,beverage,274.0,True,True,70,893
I005377,R0382,Pita Bread,side_dish,254.0,True,True,94,755
I005378,R0382,Pasta Arrabiata,main_course,146.0,False,True,83,121
I005379,R0382,Fried Rice,main_course,385.0,True,True,96,224
I005380,R0382,Chicken Nuggets,starter,170.0,True,True,25,693
I005381,R0382,Chicken Tikka,starter,235.0,False,True,85,121
I005382,R0383,Margherita Pizza,main_course,248.0,True,True,66,802
I005383,R0383,Cold Coffee,beverage,169.0,True,True,17,168
I005384,R0383,Corn on the Cob,snack,303.0,False,True,73,885
I005385,R0383,Mineral Water,beverage,122.0,True,True,56,844
I005386,R0383,Masala Chai,beverage,225.0,False,True,61,654
I005387,R0383,Sev Puri,snack,95.0,False,True,26,846
I005388,R0383,Jeera Rice,side_dish,135.0,False,True,89,509
I005389,R0383,Coca-Cola,beverage,188.0,True,True,83,258
I005390,R0383,Masala Chai,beverage,148.0,True,True,71,603
I005391,R0384,Sprite,beverage,324.0,True,True,49,231
I005392,R0384,Mango Lassi,beverage,334.0,True,True,13,292
I005393,R0384,Pav Bhaji,starter,310.0,False,True,30,468
I005394,R0384,Coca-Cola,beverage,310.0,True,True,60,165
I005395,R0384,Egg Curry,main_course,214.0,True,True,86,876
I005396,R0384,Fried Rice,main_course,123.0,True,True,75,281
I005397,R0384,Pita Bread,side_dish,200.0,False,True,13,260
I005398,R0384,Jeera Rice,side_dish,132.0,True,True,45,286
I005399,R0384,Garlic Bread,side_dish,141.0,True,True,48,210
I005400,R0384,Dal Makhani,main_course,304.0,False,True,61,101
I005401,R0384,Fruit Custard,dessert,362.0,True,True,76,522
I005402,R0384,Masala Fries,snack,176.0,True,False,81,791
I005403,R0384,Kulfi,dessert,221.0,True,True,45,104
I005404,R0384,Dal Makhani,main_course,114.0,True,True,69,409
I005405,R0385,Sev Puri,snack,581.0,True,False,21,647
I005406,R0385,Mango Shake,beverage,545.0,True,True,15,657
I005407,R0385,Kheer,dessert,560.0,True,True,81,288
I005408,R0385,Watermelon Juice,beverage,420.0,True,True,82,234
I005409,R0385,Corn on the Cob,snack,244.0,True,True,24,179
I005410,R0385,Dal Makhani,main_course,514.0,True,False,87,322
I005411,R0385,Garlic Bread (plain),snack,446.0,True,True,10,419
I005412,R0385,Chocolate Mousse,dessert,450.0,True,True,32,506
I005413,R0385,Popcorn Chicken,snack,340.0,True,True,91,585
I005414,R0385,Coca-Cola,beverage,383.0,True,True,84,800
I005415,R0385,Mineral Water,beverage,210.0,True,True,53,242
I005416,R0385,Coleslaw,side_dish,349.0,True,True,62,809
I005417,R0385,Chicken Nuggets,starter,434.0,True,True,60,621
I005418,R0386,Coca-Cola,beverage,137.0,False,True,4,183
I005419,R0386,Nachos,snack,75.0,True,True,97,378
I005420,R0386,Sev Puri,snack,101.0,True,True,2,275
I005421,R0386,Garlic Bread,side_dish,167.0,True,True,48,251
I005422,R0386,Onion Rings,starter,71.0,False,True,4,868
I005423,R0386,Brownie,dessert,77.0,False,True,21,348
I005424,R0386,Pita Bread,side_dish,182.0,False,True,88,608
I005425,R0386,Masala Dosa,main_course,174.0,True,True,99,156
I005426,R0386,Chicken Nuggets,starter,62.0,True,True,77,385
I005427,R0386,Veg Biryani,main_course,113.0,True,True,68,596
I005428,R0386,Veg Sandwich,snack,80.0,False,True,7,269
I005429,R0386,Kheer,dessert,167.0,False,True,26,290
I005430,R0387,Chicken Wings,starter,51.0,True,True,79,437
I005431,R0387,Samosa (2 pcs),starter,149.0,True,True,76,512
I005432,R0387,Rajma Chawal,main_course,125.0,True,True,75,379
I005433,R0387,Cheesecake Slice,dessert,61.0,True,True,5,834
I005434,R0387,Veg Sandwich,snack,99.0,False,True,45,355
I005435,R0387,Masala Chai,beverage,173.0,True,True,8,894
I005436,R0387,Ice Cream (Vanilla),dessert,73.0,True,False,31,872
I005437,R0387,French Fries,snack,101.0,True,True,23,732
I005438,R0387,Samosa (2 pcs),starter,149.0,True,True,94,157
I005439,R0387,Crispy Corn,starter,52.0,True,True,96,144
I005440,R0387,Veg Spring Rolls,starter,131.0,True,True,29,227
I005441,R0387,Fish Tikka,starter,148.0,False,True,65,445
I005442,R0388,Margherita Pizza,main_course,36.0,True,True,29,215
I005443,R0388,Masala Fries,snack,63.0,True,False,44,694
I005444,R0388,Sev Puri,snack,32.0,True,True,88,108
I005445,R0388,Chicken Nuggets,starter,51.0,True,True,61,480
I005446,R0388,Masala Dosa,main_course,94.0,True,True,4,538
I005447,R0388,Steamed Rice,side_dish,52.0,True,True,63,803
I005448,R0388,Veg Seekh Kebab,starter,108.0,True,True,96,497
I005449,R0388,Sprite,beverage,95.0,True,True,39,333
I005450,R0388,Brownie,dessert,66.0,True,True,3,104
I005451,R0388,Margherita Pizza,main_course,112.0,True,True,35,490
I005452,R0388,Masala Fries,snack,86.0,True,True,78,214
I005453,R0388,Gajar Ka Halwa,dessert,30.0,True,True,9,423
I005454,R0388,Ice Cream (Vanilla),dessert,99.0,True,True,11,562
I005455,R0388,Halwa,dessert,45.0,True,True,2,358
I005456,R0388,Pasta Arrabiata,main_course,80.0,True,True,76,625
I005457,R0389,Gulab Jamun,dessert,81.0,True,True,81,601
I005458,R0389,Chicken Sandwich,snack,150.0,True,False,90,784
I005459,R0389,Hakka Noodles,main_course,66.0,True,True,81,643
I005460,R0389,Raita,side_dish,70.0,True,True,83,165
I005461,R0389,Laccha Paratha,side_dish,109.0,True,True,19,220
I005462,R0389,Veg Sandwich,snack,78.0,True,True,19,579
I005463,R0389,Mutton Biryani,main_course,167.0,True,True,76,287
I005464,R0389,Pita Bread,side_dish,135.0,True,True,50,748
I005465,R0389,Chicken Tikka,starter,142.0,True,False,80,383
I005466,R0389,Veg Biryani,main_course,92.0,True,True,6,329
I005467,R0389,Nachos,snack,78.0,True,True,52,671
I005468,R0389,Kheer,dessert,116.0,True,True,13,754
I005469,R0389,Samosa (2 pcs),starter,73.0,True,True,11,198
I005470,R0389,Mango Shake,beverage,145.0,True,False,7,424
I005471,R0389,Halwa,dessert,38.0,True,True,94,221
I005472,R0389,Mango Lassi,beverage,136.0,True,True,51,119
I005473,R0389,French Fries,snack,108.0,True,True,86,841
I005474,R0390,Kulfi,dessert,327.0,True,True,11,109
I005475,R0390,Veg Seekh Kebab,starter,245.0,True,True,44,337
I005476,R0390,Mango Lassi,beverage,114.0,True,True,80,861
I005477,R0390,Chicken Tikka,starter,420.0,True,True,89,457
I005478,R0390,Ice Cream (Vanilla),dessert,123.0,True,True,74,368
I005479,R0390,Mango Lassi,beverage,240.0,True,True,37,385
I005480,R0390,Green Salad,side_dish,316.0,True,True,30,135
I005481,R0390,Chicken Tikka,starter,420.0,True,True,21,717
I005482,R0390,Fruit Custard,dessert,307.0,True,True,13,520
I005483,R0390,Veg Biryani,main_course,200.0,True,True,46,786
I005484,R0390,Sprite,beverage,125.0,True,True,28,852
I005485,R0390,Mango Lassi,beverage,264.0,True,True,13,733
I005486,R0390,Coleslaw,side_dish,403.0,True,True,45,351
I005487,R0390,Bhel Puri,snack,415.0,True,True,13,658
I005488,R0390,Rose Sharbat,beverage,412.0,True,True,63,756
I005489,R0390,Mutton Biryani,main_course,357.0,True,True,14,114
I005490,R0390,Samosa (2 pcs),starter,372.0,True,True,22,880
I005491,R0390,Salan,side_dish,364.0,True,True,39,518
I005492,R0390,Raita,side_dish,126.0,True,True,45,412
I005493,R0390,Corn on the Cob,snack,360.0,True,True,54,285
I005494,R0391,Chicken Sandwich,snack,115.0,False,True,27,480
I005495,R0391,Egg Curry,main_course,51.0,True,True,29,296
I005496,R0391,Sev Puri,snack,52.0,True,True,94,552
I005497,R0391,Pasta Arrabiata,main_course,86.0,True,True,64,363
I005498,R0391,Laccha Paratha,side_dish,44.0,True,True,25,404
I005499,R0391,Corn on the Cob,snack,111.0,True,True,9,419
I005500,R0391,Mini Burgers,snack,98.0,True,True,8,803
I005501,R0391,Gajar Ka Halwa,dessert,130.0,False,True,51,615
I005502,R0391,Masala Dosa,main_course,77.0,True,True,56,134
I005503,R0391,Kulfi,dessert,50.0,False,True,56,328
I005504,R0391,Chocolate Mousse,dessert,96.0,True,True,37,663
I005505,R0392,Sweet Lassi,beverage,623.0,True,True,77,314
I005506,R0392,Steamed Rice,side_dish,286.0,True,True,81,664
I005507,R0392,Sprite,beverage,685.0,True,True,78,218
I005508,R0392,Chicken Sandwich,snack,547.0,True,True,32,457
I005509,R0392,Aloo Tikki,starter,460.0,True,True,68,314
I005510,R0392,Veg Spring Rolls,starter,480.0,True,True,3,121
I005511,R0392,Chicken Pizza,main_course,529.0,True,True,57,493
I005512,R0392,Veg Sandwich,snack,633.0,True,True,87,622
I005513,R0392,Chicken Wings,starter,474.0,True,True,96,673
I005514,R0392,Mutton Biryani,main_course,175.0,True,True,83,482
I005515,R0393,Coca-Cola,beverage,433.0,True,True,5,175
I005516,R0393,Onion Rings,starter,170.0,True,True,45,530
I005517,R0393,Cold Coffee,beverage,447.0,True,True,35,341
I005518,R0393,Pita Bread,side_dish,440.0,True,True,43,383
I005519,R0393,Fruit Custard,dessert,464.0,True,True,19,685
I005520,R0393,Gulab Jamun,dessert,479.0,True,True,62,778
I005521,R0393,Veg Wrap,snack,543.0,True,True,86,523
I005522,R0393,Fish Tikka,starter,356.0,True,True,46,103
I005523,R0393,Mini Burgers,snack,275.0,True,False,70,880
I005524,R0393,Chicken Tikka,starter,180.0,True,True,2,166
I005525,R0394,Rose Sharbat,beverage,658.0,True,True,97,752
I005526,R0394,Bhel Puri,snack,342.0,True,True,37,127
I005527,R0394,Fish Curry,main_course,575.0,True,True,94,475
I005528,R0394,Brownie,dessert,998.0,True,True,70,441
I005529,R0394,Sev Puri,snack,618.0,True,True,5,631
I005530,R0394,Aloo Tikki,starter,603.0,True,True,58,404
I005531,R0394,Garlic Naan,side_dish,1179.0,True,True,39,139
I005532,R0394,Fish Curry,main_course,1266.0,True,True,72,641
I005533,R0394,Salan,side_dish,391.0,True,True,66,698
I005534,R0394,Veg Wrap,snack,1174.0,True,False,46,458
I005535,R0394,Chicken Wings,starter,1331.0,True,True,44,350
I005536,R0395,Halwa,dessert,676.0,True,True,75,430
I005537,R0395,Chocolate Mousse,dessert,616.0,True,False,84,464
I005538,R0395,Salan,side_dish,534.0,True,False,97,463
I005539,R0395,Mini Burgers,snack,363.0,True,True,82,151
I005540,R0395,Veg Seekh Kebab,starter,578.0,False,True,43,238
I005541,R0395,Coleslaw,side_dish,202.0,True,True,49,296
I005542,R0395,Chicken Sandwich,snack,531.0,True,True,3,253
I005543,R0395,Sweet Lassi,beverage,261.0,False,True,58,646
I005544,R0396,Coca-Cola,beverage,75.0,True,True,84,803
I005545,R0396,Garlic Naan,side_dish,97.0,True,False,96,752
I005546,R0396,Fish Curry,main_course,164.0,True,True,14,533
I005547,R0396,Ice Cream (Chocolate),dessert,91.0,True,False,80,447
I005548,R0396,Dal Makhani,main_course,135.0,True,True,22,457
I005549,R0396,Nachos,snack,136.0,True,True,29,794
I005550,R0396,Cold Coffee,beverage,123.0,True,True,29,376
I005551,R0396,Chole Bhature,main_course,144.0,True,False,79,805
I005552,R0396,Buttermilk,beverage,50.0,True,False,68,127
I005553,R0396,Margherita Pizza,main_course,154.0,True,True,45,303
I005554,R0397,Chicken Pizza,main_course,365.0,True,True,85,495
I005555,R0397,Mango Shake,beverage,161.0,True,True,45,452
I005556,R0397,Cold Coffee,beverage,328.0,True,True,33,269
I005557,R0397,Pav Bhaji,starter,221.0,True,True,8,209
I005558,R0397,Rose Sharbat,beverage,445.0,True,True,40,677
I005559,R0397,Ice Cream (Chocolate),dessert,553.0,True,True,12,898
I005560,R0397,Masala Chai,beverage,472.0,True,True,62,479
I005561,R0397,Cheesecake Slice,dessert,410.0,True,True,52,177
I005562,R0397,Gulab Jamun,dessert,172.0,True,True,68,513
I005563,R0397,Chole Bhature,main_course,529.0,True,True,68,283
I005564,R0397,Cheesecake Slice,dessert,464.0,True,True,59,485
I005565,R0397,Ice Cream (Chocolate),dessert,436.0,True,True,58,751
I005566,R0397,Buttermilk,beverage,161.0,True,True,72,443
I005567,R0397,Bhel Puri,snack,587.0,True,True,82,184
I005568,R0397,Crispy Corn,starter,300.0,True,True,15,410
I005569,R0397,Fish Curry,main_course,388.0,True,True,75,540
I005570,R0397,Coca-Cola,beverage,387.0,True,False,31,633
I005571,R0397,Kheer,dessert,212.0,True,True,70,209
I005572,R0398,Sprite,beverage,71.0,False,True,30,572
I005573,R0398,Fish Tikka,starter,116.0,True,True,34,747
I005574,R0398,Margherita Pizza,main_course,47.0,True,True,33,886
I005575,R0398,Masala Chai,beverage,94.0,True,True,4,111
I005576,R0398,Coca-Cola,beverage,81.0,True,True,58,608
I005577,R0398,Veg Spring Rolls,starter,89.0,False,True,44,418
I005578,R0398,Masala Chai,beverage,42.0,False,True,70,352
I005579,R0398,Cheesecake Slice,dessert,64.0,True,True,36,716
I005580,R0398,Veg Biryani,main_course,101.0,True,True,93,588
I005581,R0398,Sprite,beverage,71.0,False,True,67,355
I005582,R0398,Chicken Biryani,main_course,76.0,False,True,88,100
I005583,R0398,Steamed Rice,side_dish,101.0,False,True,67,751
I005584,R0398,Veg Biryani,main_course,81.0,False,True,85,675
I005585,R0398,Veg Sandwich,snack,87.0,True,True,62,761
I005586,R0398,Sev Puri,snack,30.0,True,True,4,616
I005587,R0398,Garlic Bread (plain),snack,53.0,True,True,12,109
I005588,R0398,Garlic Bread,side_dish,102.0,False,True,70,236
I005589,R0398,Pasta Arrabiata,main_course,98.0,True,True,36,860
I005590,R0399,Fresh Lime Soda,beverage,182.0,True,True,93,740
I005591,R0399,Chicken Biryani,main_course,201.0,True,False,75,510
I005592,R0399,Fish Curry,main_course,99.0,True,True,8,401
I005593,R0399,Samosa (2 pcs),starter,100.0,True,True,3,222
I005594,R0399,Dal Makhani,main_course,164.0,False,True,92,502
I005595,R0399,Fruit Custard,dessert,98.0,True,True,54,512
I005596,R0399,Jeera Rice,side_dish,197.0,True,True,5,728
I005597,R0399,Cheesecake Slice,dessert,79.0,True,True,51,112
I005598,R0400,Mini Burgers,snack,531.0,True,True,92,203
I005599,R0400,Egg Curry,main_course,569.0,True,True,48,478
I005600,R0400,Veg Wrap,snack,386.0,True,True,24,752
I005601,R0400,Fish Tikka,starter,471.0,False,True,53,831
I005602,R0400,Ice Cream (Chocolate),dessert,225.0,False,True,47,308
I005603,R0400,Raita,side_dish,251.0,False,True,86,746
I005604,R0400,Onion Rings,starter,417.0,True,True,93,262
I005605,R0400,Sweet Lassi,beverage,609.0,True,True,8,321
I005606,R0400,Chicken Sandwich,snack,315.0,False,True,95,267
I005607,R0400,Steamed Rice,side_dish,421.0,True,True,11,249
I005608,R0400,Chicken Nuggets,starter,578.0,True,True,45,605
I005609,R0400,Cheesecake Slice,dessert,610.0,True,False,22,550
I005610,R0400,Pasta Arrabiata,main_course,369.0,True,True,88,831
I005611,R0400,Watermelon Juice,beverage,150.0,False,True,61,711
I005612,R0400,Nachos,snack,491.0,True,True,17,732
I005613,R0400,Corn on the Cob,snack,345.0,False,True,32,683
I005614,R0400,Fish Tikka,starter,193.0,False,True,30,824
I005615,R0401,Sprite,beverage,139.0,False,True,6,782
I005616,R0401,Onion Rings,starter,183.0,True,True,82,654
I005617,R0401,Garlic Naan,side_dish,159.0,False,True,37,712
I005618,R0401,Chicken Biryani,main_course,121.0,True,True,13,761
I005619,R0401,Mango Shake,beverage,70.0,True,True,89,829
I005620,R0401,Green Salad,side_dish,159.0,True,False,63,519
I005621,R0401,Gajar Ka Halwa,dessert,251.0,True,True,99,601
I005622,R0401,Aloo Tikki,starter,231.0,True,False,91,473
I005623,R0402,Sev Puri,snack,590.0,False,False,66,230
I005624,R0402,Green Salad,side_dish,821.0,True,True,77,849
I005625,R0402,Kulfi,dessert,255.0,True,True,12,757
I005626,R0402,Nachos,snack,912.0,False,True,19,758
I005627,R0402,Raita,side_dish,998.0,True,True,59,628
I005628,R0402,Ice Cream (Chocolate),dessert,596.0,True,True,26,791
I005629,R0402,Chocolate Mousse,dessert,324.0,False,True,62,163
I005630,R0402,Mango Shake,beverage,362.0,False,True,69,244
I005631,R0402,Bhel Puri,snack,1008.0,True,True,44,116
I005632,R0402,Chocolate Mousse,dessert,544.0,False,False,90,808
I005633,R0402,Butter Chicken,main_course,797.0,False,True,87,838
I005634,R0402,Masala Chai,beverage,588.0,True,True,67,796
I005635,R0402,Pita Bread,side_dish,785.0,True,True,84,794
I005636,R0402,Cold Coffee,beverage,623.0,True,True,13,169
I005637,R0402,French Fries,snack,920.0,True,True,89,515
I005638,R0402,Garlic Bread,side_dish,337.0,True,True,74,231
I005639,R0402,Jeera Rice,side_dish,597.0,True,True,46,602
I005640,R0402,Sweet Lassi,beverage,924.0,True,True,90,441
I005641,R0402,Garlic Naan,side_dish,1003.0,False,True,80,847
I005642,R0403,Corn on the Cob,snack,303.0,True,True,5,184
I005643,R0403,Cold Coffee,beverage,144.0,True,True,20,654
I005644,R0403,Mineral Water,beverage,286.0,True,True,25,471
I005645,R0403,Masala Fries,snack,271.0,True,True,61,516
I005646,R0403,Veg Seekh Kebab,starter,138.0,True,True,44,113
I005647,R0403,Coca-Cola,beverage,101.0,True,True,52,401
I005648,R0403,Pita Bread,side_dish,98.0,True,True,95,711
I005649,R0403,Nachos,snack,74.0,True,True,32,703
I005650,R0403,Chicken Nuggets,starter,85.0,True,True,29,833
I005651,R0403,Butter Naan,side_dish,260.0,True,True,46,598
I005652,R0403,Hakka Noodles,main_course,171.0,True,True,43,536
I005653,R0403,Garlic Naan,side_dish,244.0,True,True,26,433
I005654,R0403,Masala Fries,snack,326.0,True,True,88,341
I005655,R0403,Chicken Nuggets,starter,118.0,True,True,72,210
I005656,R0403,Sweet Lassi,beverage,321.0,True,True,66,860
I005657,R0403,Onion Rings,starter,102.0,True,True,27,836
I005658,R0403,Sprite,beverage,148.0,True,False,75,600
I005659,R0403,Ice Cream (Vanilla),dessert,292.0,True,True,77,511
I005660,R0403,Aloo Tikki,starter,243.0,True,False,84,152
I005661,R0403,Green Salad,side_dish,214.0,True,True,51,182
I005662,R0404,Chocolate Mousse,dessert,327.0,True,True,44,293
I005663,R0404,Buttermilk,beverage,301.0,True,True,99,177
I005664,R0404,Chicken Wings,starter,290.0,True,False,3,634
I005665,R0404,Nachos,snack,246.0,True,True,66,505
I005666,R0404,Coleslaw,side_dish,103.0,True,True,78,720
I005667,R0404,Laccha Paratha,side_dish,163.0,True,True,32,824
I005668,R0404,Papad,side_dish,299.0,True,True,62,102
I005669,R0404,Pita Bread,side_dish,251.0,True,False,53,247
I005670,R0404,Dal Makhani,main_course,199.0,True,False,56,268
I005671,R0404,Paneer Tikka,starter,164.0,True,True,86,459
I005672,R0404,Dal Makhani,main_course,307.0,True,True,16,836
I005673,R0404,Veg Spring Rolls,starter,164.0,True,True,98,864
I005674,R0404,Chicken Nuggets,starter,168.0,True,True,95,215
I005675,R0404,Kulfi,dessert,298.0,True,True,15,548
I005676,R0405,Popcorn Chicken,snack,83.0,True,True,94,219
I005677,R0405,Kulfi,dessert,198.0,True,True,34,450
I005678,R0405,Masala Fries,snack,177.0,True,True,56,265
I005679,R0405,Hakka Noodles,main_course,247.0,False,True,94,780
I005680,R0405,Butter Naan,side_dish,182.0,True,True,2,814
I005681,R0405,Green Salad,side_dish,65.0,True,True,27,555
I005682,R0405,Paneer Butter Masala,main_course,103.0,True,True,47,690
I005683,R0405,Butter Naan,side_dish,156.0,True,True,39,429
I005684,R0405,Nachos,snack,192.0,False,True,44,131
I005685,R0405,Cold Coffee,beverage,109.0,True,True,35,523
I005686,R0405,Mini Burgers,snack,209.0,True,True,63,237
I005687,R0405,Fresh Lime Soda,beverage,213.0,True,True,72,734
I005688,R0406,Chole Bhature,main_course,585.0,False,True,69,338
I005689,R0406,Onion Rings,starter,231.0,False,True,16,576
I005690,R0406,Rose Sharbat,beverage,284.0,False,True,44,536
I005691,R0406,Fish Tikka,starter,461.0,True,True,12,405
I005692,R0406,Veg Wrap,snack,352.0,True,True,22,786
I005693,R0406,Garlic Naan,side_dish,531.0,False,True,43,552
I005694,R0406,Mango Shake,beverage,440.0,True,True,47,767
I005695,R0406,Masala Dosa,main_course,217.0,True,True,12,694
I005696,R0406,Chicken Wings,starter,296.0,True,True,56,849
I005697,R0406,Bhel Puri,snack,443.0,True,True,55,818
I005698,R0406,Corn on the Cob,snack,338.0,True,True,72,535
I005699,R0406,Jeera Rice,side_dish,169.0,True,True,73,510
I005700,R0406,Butter Naan,side_dish,392.0,False,True,75,536
I005701,R0406,Ice Cream (Vanilla),dessert,586.0,False,True,74,135
I005702,R0406,Nachos,snack,593.0,True,False,2,580
I005703,R0406,Veg Seekh Kebab,starter,157.0,False,True,86,531
I005704,R0406,Veg Spring Rolls,starter,357.0,False,True,39,654
I005705,R0406,Fruit Custard,dessert,325.0,True,False,24,282
I005706,R0407,Paneer Butter Masala,main_course,150.0,True,True,79,237
I005707,R0407,Sev Puri,snack,71.0,True,True,18,508
I005708,R0407,Popcorn Chicken,snack,179.0,True,True,91,188
I005709,R0407,Crispy Corn,starter,198.0,True,True,21,897
I005710,R0407,Halwa,dessert,194.0,True,True,31,231
I005711,R0407,Rajma Chawal,main_course,83.0,True,True,66,617
I005712,R0407,Masala Fries,snack,127.0,True,True,69,124
I005713,R0407,Cold Coffee,beverage,205.0,True,True,81,259
I005714,R0407,Gulab Jamun,dessert,80.0,True,True,58,408
I005715,R0407,Coleslaw,side_dish,112.0,False,True,71,845
I005716,R0407,Crispy Corn,starter,203.0,False,True,82,362
I005717,R0407,Buttermilk,beverage,112.0,True,True,23,573
I005718,R0407,Chocolate Mousse,dessert,131.0,True,True,63,475
I005719,R0407,Mango Lassi,beverage,187.0,False,True,47,349
I005720,R0407,Coca-Cola,beverage,66.0,False,True,38,100
I005721,R0407,Halwa,dessert,56.0,False,True,86,280
I005722,R0407,Fruit Custard,dessert,116.0,False,True,51,574
I005723,R0407,Garlic Bread (plain),snack,151.0,True,True,13,282
I005724,R0407,Salan,side_dish,93.0,True,True,30,144
I005725,R0408,Buttermilk,beverage,284.0,True,True,79,323
I005726,R0408,Fried Rice,main_course,422.0,True,True,57,505
I005727,R0408,Coca-Cola,beverage,438.0,True,True,49,827
I005728,R0408,Brownie,dessert,426.0,True,True,68,321
I005729,R0408,Popcorn Chicken,snack,213.0,True,True,63,109
I005730,R0408,Buttermilk,beverage,443.0,True,True,80,171
I005731,R0408,Sprite,beverage,262.0,True,False,18,711
I005732,R0408,Laccha Paratha,side_dish,264.0,True,True,60,761
I005733,R0408,Buttermilk,beverage,350.0,True,True,83,681
I005734,R0408,Mini Burgers,snack,405.0,True,True,4,667
I005735,R0408,Popcorn Chicken,snack,372.0,True,True,33,543
I005736,R0408,Veg Seekh Kebab,starter,540.0,False,True,77,820
I005737,R0408,Raita,side_dish,475.0,True,True,85,257
I005738,R0409,Veg Sandwich,snack,172.0,True,True,22,166
I005739,R0409,Chicken Pizza,main_course,155.0,True,True,75,116
I005740,R0409,Rose Sharbat,beverage,187.0,True,True,72,479
I005741,R0409,Kheer,dessert,174.0,True,True,51,275
I005742,R0409,Cold Coffee,beverage,203.0,True,True,68,639
I005743,R0409,Butter Chicken,main_course,80.0,True,True,15,384
I005744,R0409,Egg Curry,main_course,193.0,True,True,35,321
I005745,R0409,Steamed Rice,side_dish,225.0,True,True,30,198
I005746,R0409,Chicken Biryani,main_course,132.0,True,True,38,193
I005747,R0410,Paneer Tikka,starter,399.0,True,True,98,482
I005748,R0410,Chicken Pizza,main_course,165.0,True,True,20,516
I005749,R0410,Jeera Rice,side_dish,169.0,False,False,26,229
I005750,R0410,Watermelon Juice,beverage,376.0,False,True,33,719
I005751,R0410,Watermelon Juice,beverage,337.0,True,True,97,220
I005752,R0410,Sweet Lassi,beverage,224.0,True,True,21,547
I005753,R0410,Jeera Rice,side_dish,414.0,True,True,34,402
I005754,R0410,Green Salad,side_dish,407.0,True,True,52,414
I005755,R0410,Masala Fries,snack,184.0,True,True,38,387
I005756,R0410,Pav Bhaji,starter,251.0,True,True,17,499
I005757,R0410,Chicken Wings,starter,461.0,True,True,86,568
I005758,R0410,Chicken Tikka,starter,283.0,True,True,57,405
I005759,R0410,Pita Bread,side_dish,124.0,True,True,63,897
I005760,R0410,Chicken Tikka,starter,354.0,False,True,79,660
I005761,R0410,Paneer Butter Masala,main_course,131.0,False,True,31,206
I005762,R0410,Onion Rings,starter,438.0,True,True,78,100
I005763,R0411,Laccha Paratha,side_dish,224.0,True,True,14,567
I005764,R0411,Pav Bhaji,starter,77.0,True,True,63,432
I005765,R0411,Veg Sandwich,snack,169.0,False,True,37,756
I005766,R0411,Ice Cream (Vanilla),dessert,206.0,True,True,39,759
I005767,R0411,Chicken Biryani,main_course,86.0,False,True,44,805
I005768,R0411,Garlic Bread,side_dish,173.0,False,True,28,569
I005769,R0411,Veg Biryani,main_course,222.0,False,True,25,828
I005770,R0411,Popcorn Chicken,snack,145.0,True,False,63,392
I005771,R0411,Ice Cream (Vanilla),dessert,149.0,True,True,95,389
I005772,R0411,Popcorn Chicken,snack,154.0,False,True,96,313
I005773,R0411,Garlic Bread (plain),snack,108.0,False,False,65,714
I005774,R0411,Crispy Corn,starter,108.0,True,True,86,157
I005775,R0411,Fruit Custard,dessert,92.0,False,True,80,242
I005776,R0412,Corn on the Cob,snack,90.0,True,True,35,523
I005777,R0412,Mineral Water,beverage,212.0,True,True,82,739
I005778,R0412,Chocolate Mousse,dessert,89.0,True,False,58,693
I005779,R0412,Buttermilk,beverage,117.0,True,True,1,794
I005780,R0412,Papad,side_dish,121.0,True,False,55,604
I005781,R0412,Halwa,dessert,82.0,True,True,48,131
I005782,R0412,Masala Fries,snack,144.0,True,True,2,540
I005783,R0412,Mini Burgers,snack,134.0,True,True,96,329
I005784,R0412,Buttermilk,beverage,148.0,False,False,88,555
I005785,R0412,Dal Makhani,main_course,143.0,False,True,69,392
I005786,R0412,Corn on the Cob,snack,211.0,True,False,97,749
I005787,R0412,Veg Sandwich,snack,178.0,False,True,12,669
I005788,R0412,Masala Dosa,main_course,115.0,True,True,35,703
I005789,R0412,Cold Coffee,beverage,177.0,False,True,74,475
I005790,R0412,Brownie,dessert,166.0,True,True,75,475
I005791,R0412,Crispy Corn,starter,104.0,True,True,83,503
I005792,R0412,Margherita Pizza,main_course,89.0,True,True,71,795
I005793,R0412,Fish Tikka,starter,115.0,True,True,38,372
I005794,R0412,Paneer Butter Masala,main_course,104.0,False,True,65,394
I005795,R0412,Ice Cream (Vanilla),dessert,166.0,False,True,55,719
I005796,R0413,Margherita Pizza,main_course,292.0,False,True,96,395
I005797,R0413,Chicken Sandwich,snack,165.0,True,True,25,729
I005798,R0413,Jeera Rice,side_dish,283.0,True,True,91,271
I005799,R0413,Garlic Bread (plain),snack,133.0,True,True,93,666
I005800,R0413,Halwa,dessert,278.0,True,True,92,321
I005801,R0413,Masala Chai,beverage,353.0,False,True,73,260
I005802,R0413,Cheesecake Slice,dessert,137.0,True,True,85,163
I005803,R0413,Mini Burgers,snack,350.0,True,True,40,457
I005804,R0413,Rajma Chawal,main_course,144.0,False,True,5,161
I005805,R0413,Ice Cream (Chocolate),dessert,114.0,True,True,62,831
I005806,R0413,Bhel Puri,snack,382.0,True,False,65,301
I005807,R0413,Ice Cream (Chocolate),dessert,287.0,True,True,30,556
I005808,R0413,Sweet Lassi,beverage,250.0,True,True,12,377
I005809,R0413,Halwa,dessert,135.0,True,True,36,666
I005810,R0414,Paneer Butter Masala,main_course,145.0,False,True,25,550
I005811,R0414,Margherita Pizza,main_course,50.0,False,True,65,293
I005812,R0414,Rasgulla,dessert,88.0,True,True,99,875
I005813,R0414,Cheesecake Slice,dessert,117.0,False,True,97,840
I005814,R0414,Aloo Tikki,starter,135.0,False,True,30,608
I005815,R0414,Veg Wrap,snack,138.0,True,True,88,240
I005816,R0414,Rose Sharbat,beverage,64.0,True,True,30,738
I005817,R0414,Buttermilk,beverage,79.0,True,True,98,278
I005818,R0414,Cold Coffee,beverage,56.0,False,True,83,747
I005819,R0415,Fruit Custard,dessert,268.0,True,True,50,294
I005820,R0415,Coca-Cola,beverage,446.0,True,True,84,146
I005821,R0415,Rasgulla,dessert,267.0,True,True,61,192
I005822,R0415,Margherita Pizza,main_course,379.0,False,True,56,389
I005823,R0415,Crispy Corn,starter,319.0,True,True,65,636
I005824,R0415,Paneer Tikka,starter,521.0,True,True,26,883
I005825,R0415,Popcorn Chicken,snack,417.0,True,True,28,575
I005826,R0415,Butter Chicken,main_course,161.0,True,True,19,880
I005827,R0415,Mango Lassi,beverage,277.0,True,True,98,459
I005828,R0415,Bhel Puri,snack,220.0,True,True,85,542
I005829,R0415,Masala Chai,beverage,373.0,True,True,94,319
I005830,R0415,Fruit Custard,dessert,266.0,True,True,5,258
I005831,R0415,Veg Spring Rolls,starter,277.0,False,True,64,705
I005832,R0415,Garlic Naan,side_dish,460.0,True,True,38,234
I005833,R0415,Mango Lassi,beverage,429.0,True,True,2,834
I005834,R0415,Veg Sandwich,snack,408.0,True,True,90,115
I005835,R0415,Hakka Noodles,main_course,452.0,False,True,7,160
I005836,R0415,Garlic Bread (plain),snack,518.0,True,True,40,130
I005837,R0415,Bhel Puri,snack,172.0,True,True,54,695
I005838,R0416,Rose Sharbat,beverage,125.0,True,True,87,425
I005839,R0416,Steamed Rice,side_dish,49.0,True,True,74,617
I005840,R0416,Mini Burgers,snack,86.0,True,True,23,657
I005841,R0416,Fried Rice,main_course,59.0,True,True,36,565
I005842,R0416,Margherita Pizza,main_course,130.0,False,True,97,603
I005843,R0416,Onion Rings,starter,174.0,True,True,17,418
I005844,R0416,Mango Shake,beverage,84.0,True,True,54,218
I005845,R0416,Chicken Sandwich,snack,111.0,True,True,1,344
I005846,R0416,Papad,side_dish,104.0,False,True,99,677
I005847,R0417,Mango Shake,beverage,75.0,True,True,92,229
I005848,R0417,Green Salad,side_dish,132.0,False,False,12,231
I005849,R0417,Laccha Paratha,side_dish,78.0,True,True,46,785
I005850,R0417,Onion Rings,starter,84.0,True,True,37,367
I005851,R0417,Veg Wrap,snack,93.0,False,True,70,606
I005852,R0417,Masala Chai,beverage,83.0,False,True,37,243
I005853,R0417,Salan,side_dish,68.0,True,True,53,678
I005854,R0417,Chocolate Mousse,dessert,131.0,True,True,14,434
I005855,R0417,Rasgulla,dessert,130.0,True,True,99,531
I005856,R0417,Salan,side_dish,46.0,True,True,75,475
I005857,R0418,Chole Bhature,main_course,499.0,True,True,40,124
I005858,R0418,Masala Chai,beverage,275.0,True,True,4,218
I005859,R0418,Dal Makhani,main_course,396.0,True,True,33,652
I005860,R0418,Gajar Ka Halwa,dessert,507.0,True,True,63,816
I005861,R0418,Crispy Corn,starter,497.0,True,True,90,204
I005862,R0418,Masala Chai,beverage,243.0,True,False,55,579
I005863,R0418,Garlic Bread (plain),snack,535.0,True,True,4,283
I005864,R0418,Buttermilk,beverage,248.0,True,True,23,255
I005865,R0418,Mango Lassi,beverage,449.0,True,True,9,357
I005866,R0418,Crispy Corn,starter,331.0,True,False,80,344
I005867,R0418,Crispy Corn,starter,187.0,True,True,95,120
I005868,R0418,Masala Fries,snack,300.0,True,True,60,502
I005869,R0418,Veg Spring Rolls,starter,145.0,True,True,33,595
I005870,R0418,Masala Chai,beverage,127.0,True,True,60,144
I005871,R0419,Pasta Arrabiata,main_course,149.0,True,True,88,197
I005872,R0419,Laccha Paratha,side_dish,192.0,True,True,2,142
I005873,R0419,Masala Dosa,main_course,196.0,False,True,71,825
I005874,R0419,Mineral Water,beverage,165.0,False,True,85,206
I005875,R0419,Margherita Pizza,main_course,199.0,True,True,2,350
I005876,R0419,Garlic Bread,side_dish,52.0,True,True,11,808
I005877,R0419,Raita,side_dish,181.0,True,True,36,714
I005878,R0419,Sprite,beverage,179.0,False,True,48,894
I005879,R0419,Papad,side_dish,101.0,True,True,65,682
I005880,R0419,Cold Coffee,beverage,191.0,True,True,98,532
I005881,R0419,Cheesecake Slice,dessert,124.0,True,True,63,177
I005882,R0419,Gajar Ka Halwa,dessert,128.0,True,True,76,604
I005883,R0419,Masala Fries,snack,186.0,True,True,86,759
I005884,R0419,Masala Chai,beverage,185.0,True,True,51,778
I005885,R0419,Cold Coffee,beverage,101.0,False,True,23,835
I005886,R0419,Margherita Pizza,main_course,65.0,False,True,74,507
I005887,R0419,Hakka Noodles,main_course,127.0,True,False,71,434
I005888,R0419,Fish Curry,main_course,71.0,False,True,69,722
I005889,R0420,Hakka Noodles,main_course,183.0,True,True,1,247
I005890,R0420,Jeera Rice,side_dish,77.0,True,True,7,262
I005891,R0420,French Fries,snack,125.0,True,True,91,554
I005892,R0420,Kheer,dessert,90.0,False,True,17,835
I005893,R0420,Veg Spring Rolls,starter,240.0,True,True,3,319
I005894,R0420,Chicken Pizza,main_course,136.0,False,True,81,687
I005895,R0420,Gulab Jamun,dessert,218.0,True,True,80,798
I005896,R0420,Fish Tikka,starter,119.0,False,True,2,140
I005897,R0420,Butter Chicken,main_course,158.0,False,True,97,344
I005898,R0420,Paneer Butter Masala,main_course,131.0,False,True,23,210
I005899,R0420,Ice Cream (Chocolate),dessert,79.0,False,True,74,313
I005900,R0420,Chicken Biryani,main_course,163.0,False,True,52,618
I005901,R0420,Masala Chai,beverage,65.0,True,True,57,851
I005902,R0420,Watermelon Juice,beverage,58.0,True,True,86,238
I005903,R0421,Egg Curry,main_course,268.0,True,True,88,221
I005904,R0421,Kulfi,dessert,215.0,True,True,40,311
I005905,R0421,Pasta Arrabiata,main_course,219.0,True,True,96,221
I005906,R0421,Coca-Cola,beverage,265.0,True,True,76,737
I005907,R0421,Garlic Bread,side_dish,121.0,False,True,23,102
I005908,R0421,Halwa,dessert,97.0,True,True,19,843
I005909,R0421,Green Salad,side_dish,249.0,True,True,26,344
I005910,R0421,Cold Coffee,beverage,268.0,True,True,22,668
I005911,R0421,Green Salad,side_dish,162.0,False,True,93,444
I005912,R0421,Nachos,snack,106.0,False,True,72,104
I005913,R0421,Veg Seekh Kebab,starter,207.0,False,True,28,251
I005914,R0422,Paneer Tikka,starter,61.0,False,True,83,313
I005915,R0422,Fish Tikka,starter,96.0,True,True,92,129
I005916,R0422,Cold Coffee,beverage,151.0,True,True,34,558
I005917,R0422,Mini Burgers,snack,182.0,True,False,63,101
I005918,R0422,Jeera Rice,side_dish,179.0,True,True,95,195
I005919,R0422,Paneer Tikka,starter,210.0,True,True,72,495
I005920,R0422,Chole Bhature,main_course,162.0,True,True,85,225
I005921,R0422,Sprite,beverage,173.0,True,True,73,571
I005922,R0422,Papad,side_dish,144.0,True,True,36,728
I005923,R0422,Crispy Corn,starter,204.0,False,True,18,890
I005924,R0422,Fish Curry,main_course,170.0,True,True,4,435
I005925,R0422,Green Salad,side_dish,152.0,True,True,83,443
I005926,R0422,Bhel Puri,snack,77.0,True,False,1,885
I005927,R0423,Papad,side_dish,98.0,False,True,24,476
I005928,R0423,Jeera Rice,side_dish,118.0,False,True,68,701
I005929,R0423,Chocolate Mousse,dessert,110.0,False,True,67,700
I005930,R0423,Fried Rice,main_course,77.0,False,True,36,606
I005931,R0423,Brownie,dessert,90.0,True,True,11,208
I005932,R0423,Fish Tikka,starter,56.0,False,True,4,212
I005933,R0423,Cold Coffee,beverage,33.0,True,True,6,360
I005934,R0423,Halwa,dessert,90.0,True,True,39,245
I005935,R0423,Masala Fries,snack,106.0,True,False,27,653
I005936,R0423,Buttermilk,beverage,89.0,True,False,75,588
I005937,R0423,Watermelon Juice,beverage,33.0,True,True,57,665
I005938,R0423,Green Salad,side_dish,77.0,True,True,64,180
I005939,R0423,Garlic Naan,side_dish,49.0,True,True,40,586
I005940,R0423,Popcorn Chicken,snack,134.0,False,True,56,628
I005941,R0424,Garlic Bread,side_dish,192.0,True,True,61,563
I005942,R0424,Fish Tikka,starter,200.0,True,True,94,587
I005943,R0424,Pita Bread,side_dish,121.0,True,True,74,523
I005944,R0424,Veg Sandwich,snack,200.0,True,True,81,679
I005945,R0424,Kheer,dessert,229.0,True,False,42,701
I005946,R0424,Bhel Puri,snack,147.0,True,True,66,637
I005947,R0424,Jeera Rice,side_dish,85.0,True,True,78,120
I005948,R0424,Sev Puri,snack,62.0,True,True,93,392
I005949,R0424,Chicken Pizza,main_course,230.0,False,True,64,715
I005950,R0424,Chicken Nuggets,starter,78.0,False,False,82,527
I005951,R0424,Kheer,dessert,164.0,True,True,36,337
I005952,R0424,Crispy Corn,starter,146.0,False,True,90,354
I005953,R0424,Corn on the Cob,snack,159.0,True,True,73,183
I005954,R0424,Rose Sharbat,beverage,242.0,True,True,9,316
I005955,R0424,Rose Sharbat,beverage,77.0,False,True,45,607
I005956,R0425,Halwa,dessert,82.0,True,True,31,140
I005957,R0425,Halwa,dessert,40.0,False,True,45,731
I005958,R0425,Hakka Noodles,main_course,30.0,False,True,38,698
I005959,R0425,Mutton Biryani,main_course,123.0,True,True,71,363
I005960,R0425,Fried Rice,main_course,59.0,False,True,86,829
I005961,R0425,Fried Rice,main_course,46.0,False,True,61,863
I005962,R0425,Masala Fries,snack,73.0,True,True,75,131
I005963,R0425,Nachos,snack,62.0,True,True,79,235
I005964,R0425,Samosa (2 pcs),starter,54.0,True,True,28,428
I005965,R0425,Veg Biryani,main_course,82.0,False,False,83,811
I005966,R0425,Garlic Bread (plain),snack,120.0,True,False,52,290
I005967,R0425,Papad,side_dish,84.0,True,True,17,341
I005968,R0425,Sweet Lassi,beverage,67.0,False,True,28,509
I005969,R0425,Nachos,snack,101.0,False,True,24,766
I005970,R0425,Aloo Tikki,starter,56.0,True,True,69,593
I005971,R0425,Rajma Chawal,main_course,100.0,True,True,65,370
I005972,R0425,Kheer,dessert,31.0,True,True,90,459
I005973,R0425,Pav Bhaji,starter,68.0,True,True,87,678
I005974,R0426,Gulab Jamun,dessert,177.0,True,True,47,489
I005975,R0426,Laccha Paratha,side_dish,242.0,True,True,84,700
I005976,R0426,Bhel Puri,snack,170.0,True,True,67,623
I005977,R0426,Mineral Water,beverage,130.0,True,True,68,602
I005978,R0426,Bhel Puri,snack,293.0,True,True,45,485
I005979,R0426,Sev Puri,snack,136.0,True,True,15,545
I005980,R0426,Kheer,dessert,384.0,True,True,43,478
I005981,R0426,Butter Chicken,main_course,288.0,True,False,2,456
I005982,R0426,Pita Bread,side_dish,479.0,True,True,12,598
I005983,R0427,Rose Sharbat,beverage,110.0,True,True,35,494
I005984,R0427,Coca-Cola,beverage,132.0,True,True,36,465
I005985,R0427,Corn on the Cob,snack,101.0,True,True,21,262
I005986,R0427,Rasgulla,dessert,184.0,True,True,52,231
I005987,R0427,Veg Seekh Kebab,starter,91.0,True,True,24,760
I005988,R0427,Masala Fries,snack,193.0,True,True,28,609
I005989,R0427,Garlic Bread (plain),snack,164.0,True,True,81,558
I005990,R0427,Garlic Bread (plain),snack,213.0,False,True,40,461
I005991,R0428,Rasgulla,dessert,230.0,True,True,5,434
I005992,R0428,Coca-Cola,beverage,89.0,False,True,56,456
I005993,R0428,Popcorn Chicken,snack,200.0,False,True,27,375
I005994,R0428,Egg Curry,main_course,268.0,False,False,2,771
I005995,R0428,French Fries,snack,329.0,True,True,33,640
I005996,R0428,Popcorn Chicken,snack,111.0,True,True,43,820
I005997,R0428,Aloo Tikki,starter,238.0,False,False,91,654
I005998,R0428,Ice Cream (Chocolate),dessert,394.0,True,False,99,867
I005999,R0428,Samosa (2 pcs),starter,346.0,False,True,38,356
I006000,R0429,Garlic Naan,side_dish,76.0,True,True,54,374
I006001,R0429,Chicken Nuggets,starter,111.0,True,True,67,213
I006002,R0429,Chocolate Mousse,dessert,68.0,True,False,94,417
I006003,R0429,Sev Puri,snack,175.0,True,True,22,708
I006004,R0429,Mini Burgers,snack,219.0,True,True,17,387
I006005,R0429,Dal Makhani,main_course,168.0,True,True,58,742
I006006,R0429,Veg Seekh Kebab,starter,140.0,False,True,67,247
I006007,R0429,Pav Bhaji,starter,234.0,True,True,53,433
I006008,R0429,Gulab Jamun,dessert,215.0,False,True,22,302
I006009,R0429,Cold Coffee,beverage,71.0,False,True,72,174
I006010,R0429,Aloo Tikki,starter,209.0,True,True,39,719
I006011,R0429,French Fries,snack,195.0,True,True,19,285
I006012,R0429,Steamed Rice,side_dish,166.0,True,True,73,118
I006013,R0430,Fruit Custard,dessert,175.0,True,True,45,417
I006014,R0430,Veg Seekh Kebab,starter,145.0,True,True,60,419
I006015,R0430,Samosa (2 pcs),starter,195.0,False,True,5,553
I006016,R0430,Jeera Rice,side_dish,209.0,True,True,20,487
I006017,R0430,Steamed Rice,side_dish,221.0,True,True,21,354
I006018,R0430,Fresh Lime Soda,beverage,186.0,True,True,71,158
I006019,R0430,Pav Bhaji,starter,234.0,False,True,96,227
I006020,R0430,Butter Naan,side_dish,246.0,True,True,98,427
I006021,R0430,Green Salad,side_dish,167.0,False,True,6,190
I006022,R0430,Cheesecake Slice,dessert,70.0,True,True,61,433
I006023,R0430,Chicken Sandwich,snack,80.0,True,True,75,432
I006024,R0430,Salan,side_dish,103.0,False,True,36,836
I006025,R0431,French Fries,snack,138.0,True,True,44,324
I006026,R0431,Veg Wrap,snack,88.0,True,True,47,190
I006027,R0431,Hakka Noodles,main_course,83.0,False,True,3,514
I006028,R0431,Kulfi,dessert,106.0,True,True,42,248
I006029,R0431,Veg Spring Rolls,starter,84.0,True,True,47,628
I006030,R0431,Kheer,dessert,137.0,True,False,63,679
I006031,R0431,Fish Curry,main_course,73.0,False,True,68,151
I006032,R0431,Watermelon Juice,beverage,96.0,True,True,41,681
I006033,R0431,Coca-Cola,beverage,43.0,True,True,68,842
I006034,R0431,Chicken Biryani,main_course,128.0,False,True,10,558
I006035,R0431,Chicken Biryani,main_course,66.0,True,True,16,613
I006036,R0431,Raita,side_dish,148.0,False,True,66,384
I006037,R0431,Veg Biryani,main_course,105.0,True,True,87,701
I006038,R0431,Masala Chai,beverage,108.0,False,True,81,454
I006039,R0431,Mango Shake,beverage,75.0,True,True,48,383
I006040,R0431,Masala Fries,snack,38.0,False,True,96,847
I006041,R0431,Mutton Biryani,main_course,90.0,True,True,29,296
I006042,R0432,Butter Chicken,main_course,88.0,False,True,67,761
I006043,R0432,Masala Fries,snack,77.0,True,True,96,426
I006044,R0432,Mutton Biryani,main_course,207.0,False,True,97,511
I006045,R0432,Masala Chai,beverage,232.0,False,True,97,890
I006046,R0432,Chicken Wings,starter,255.0,True,True,85,872
I006047,R0432,Veg Biryani,main_course,91.0,True,True,26,159
I006048,R0432,Margherita Pizza,main_course,268.0,True,True,31,802
I006049,R0432,Chicken Nuggets,starter,69.0,True,True,71,267
I006050,R0432,Rasgulla,dessert,159.0,True,True,43,532
I006051,R0432,Steamed Rice,side_dish,212.0,False,True,4,118
I006052,R0432,Veg Spring Rolls,starter,158.0,True,True,26,614
I006053,R0432,Veg Sandwich,snack,178.0,True,True,51,714
I006054,R0432,Kheer,dessert,268.0,False,True,55,453
I006055,R0432,Veg Seekh Kebab,starter,131.0,True,True,61,108
I006056,R0432,Paneer Tikka,starter,187.0,True,True,91,414
I006057,R0432,Cold Coffee,beverage,193.0,True,True,61,773
I006058,R0432,Bhel Puri,snack,176.0,False,True,82,785
I006059,R0432,Fried Rice,main_course,166.0,True,True,11,132
I006060,R0432,Aloo Tikki,starter,226.0,True,True,39,736
I006061,R0433,Steamed Rice,side_dish,490.0,True,True,63,124
I006062,R0433,Gulab Jamun,dessert,220.0,True,True,45,551
I006063,R0433,Aloo Tikki,starter,546.0,True,True,1,681
I006064,R0433,Fish Tikka,starter,279.0,True,True,50,459
I006065,R0433,Salan,side_dish,770.0,True,True,79,105
I006066,R0433,Onion Rings,starter,578.0,False,True,69,330
I006067,R0433,Fish Curry,main_course,578.0,True,True,39,260
I006068,R0433,French Fries,snack,304.0,False,True,43,443
I006069,R0433,Mango Shake,beverage,383.0,False,True,60,690
I006070,R0433,Onion Rings,starter,258.0,False,True,95,716
I006071,R0433,Dal Makhani,main_course,570.0,False,True,63,229
I006072,R0433,Hakka Noodles,main_course,378.0,False,True,54,406
I006073,R0433,Pita Bread,side_dish,431.0,False,True,1,876
I006074,R0434,Mineral Water,beverage,312.0,False,True,21,160
I006075,R0434,Corn on the Cob,snack,155.0,True,True,10,829
I006076,R0434,Mineral Water,beverage,160.0,True,True,74,686
I006077,R0434,Cheesecake Slice,dessert,356.0,True,True,76,345
I006078,R0434,Sev Puri,snack,151.0,True,True,13,632
I006079,R0434,Ice Cream (Vanilla),dessert,282.0,False,True,25,506
I006080,R0434,Buttermilk,beverage,108.0,True,True,29,872
I006081,R0434,Chicken Nuggets,starter,273.0,True,True,2,882
I006082,R0434,Butter Naan,side_dish,216.0,True,True,24,492
I006083,R0435,Samosa (2 pcs),starter,1330.0,False,True,72,305
I006084,R0435,Veg Seekh Kebab,starter,481.0,False,True,15,644
I006085,R0435,Sprite,beverage,1237.0,True,True,18,245
I006086,R0435,Garlic Bread,side_dish,533.0,True,False,31,364
I006087,R0435,Garlic Bread (plain),snack,1103.0,True,True,55,636
I006088,R0435,Fish Tikka,starter,1069.0,False,True,25,702
I006089,R0435,Coca-Cola,beverage,1091.0,True,True,17,340
I006090,R0435,French Fries,snack,599.0,True,True,27,490
I006091,R0435,Papad,side_dish,1154.0,True,True,72,544
I006092,R0435,Mini Burgers,snack,889.0,False,True,75,878
I006093,R0435,Laccha Paratha,side_dish,799.0,True,True,83,299
I006094,R0435,Veg Biryani,main_course,454.0,True,True,65,139
I006095,R0435,Rose Sharbat,beverage,666.0,True,True,61,301
I006096,R0435,Laccha Paratha,side_dish,750.0,False,True,1,515
I006097,R0435,Veg Sandwich,snack,1050.0,True,True,88,175
I006098,R0436,Chicken Pizza,main_course,156.0,True,True,60,482
I006099,R0436,Butter Naan,side_dish,241.0,False,True,45,687
I006100,R0436,Egg Curry,main_course,206.0,False,True,4,501
I006101,R0436,Pita Bread,side_dish,244.0,True,True,47,642
I006102,R0436,Egg Curry,main_course,200.0,True,True,42,174
I006103,R0436,Papad,side_dish,235.0,True,True,37,772
I006104,R0436,Fish Tikka,starter,236.0,False,True,13,777
I006105,R0436,Garlic Bread (plain),snack,91.0,True,True,5,759
I006106,R0436,Halwa,dessert,85.0,True,True,18,257
I006107,R0437,Mini Burgers,snack,54.0,True,True,66,806
I006108,R0437,Rajma Chawal,main_course,78.0,True,True,35,702
I006109,R0437,Popcorn Chicken,snack,42.0,True,True,94,175
I006110,R0437,Chicken Biryani,main_course,30.0,False,True,41,487
I006111,R0437,Aloo Tikki,starter,95.0,True,True,90,814
I006112,R0437,Laccha Paratha,side_dish,30.0,False,True,90,783
I006113,R0437,Pav Bhaji,starter,63.0,True,True,79,865
I006114,R0437,Chicken Wings,starter,30.0,True,True,36,323
I006115,R0437,Corn on the Cob,snack,78.0,True,True,88,557
I006116,R0437,Mango Shake,beverage,49.0,True,True,17,262
I006117,R0437,Jeera Rice,side_dish,82.0,True,True,58,397
I006118,R0437,Veg Biryani,main_course,38.0,True,True,84,635
I006119,R0437,Veg Seekh Kebab,starter,105.0,True,True,92,272
I006120,R0437,Egg Curry,main_course,108.0,True,True,73,290
I006121,R0437,Rasgulla,dessert,113.0,True,True,92,677
I006122,R0438,Chicken Pizza,main_course,86.0,True,True,44,646
I006123,R0438,Steamed Rice,side_dish,138.0,True,True,16,314
I006124,R0438,Aloo Tikki,starter,88.0,True,True,47,159
I006125,R0438,Popcorn Chicken,snack,164.0,True,True,95,731
I006126,R0438,Masala Chai,beverage,130.0,True,True,71,536
I006127,R0438,Veg Sandwich,snack,143.0,True,True,38,567
I006128,R0438,Sev Puri,snack,166.0,True,True,47,638
I006129,R0438,Kulfi,dessert,95.0,True,True,42,683
I006130,R0438,Sev Puri,snack,115.0,True,True,30,495
I006131,R0438,Raita,side_dish,49.0,True,True,70,710
I006132,R0438,Veg Seekh Kebab,starter,142.0,True,True,7,745
I006133,R0438,Coleslaw,side_dish,53.0,True,False,32,256
I006134,R0438,Sweet Lassi,beverage,179.0,True,True,10,365
I006135,R0438,Sprite,beverage,128.0,True,True,89,498
I006136,R0438,Garlic Bread (plain),snack,152.0,True,True,46,527
I006137,R0438,Popcorn Chicken,snack,62.0,True,True,58,104
I006138,R0439,Crispy Corn,starter,149.0,False,True,86,791
I006139,R0439,Brownie,dessert,93.0,False,True,53,130
I006140,R0439,Butter Naan,side_dish,64.0,True,True,59,696
I006141,R0439,Mini Burgers,snack,77.0,True,True,5,589
I006142,R0439,French Fries,snack,163.0,True,True,85,319
I006143,R0439,Coca-Cola,beverage,75.0,True,True,59,277
I006144,R0439,Masala Dosa,main_course,53.0,False,True,96,497
I006145,R0439,Pita Bread,side_dish,155.0,True,True,35,891
I006146,R0439,Crispy Corn,starter,95.0,False,True,57,414
I006147,R0439,Buttermilk,beverage,47.0,True,True,12,504
I006148,R0439,Cold Coffee,beverage,150.0,True,False,16,644
I006149,R0439,Garlic Naan,side_dish,182.0,True,True,16,267
I006150,R0439,Coca-Cola,beverage,177.0,False,True,27,851
I006151,R0440,Butter Naan,side_dish,96.0,True,True,27,409
I006152,R0440,Fish Tikka,starter,109.0,False,True,68,829
I006153,R0440,Bhel Puri,snack,117.0,True,True,40,396
I006154,R0440,Chicken Nuggets,starter,30.0,False,True,93,242
I006155,R0440,Mango Lassi,beverage,62.0,True,True,30,378
I006156,R0440,Chicken Wings,starter,101.0,False,False,96,516
I006157,R0440,Chicken Sandwich,snack,121.0,True,True,86,659
I006158,R0440,Brownie,dessert,113.0,True,True,70,409
I006159,R0440,Samosa (2 pcs),starter,55.0,True,True,2,776
I006160,R0440,Fried Rice,main_course,32.0,True,True,93,403
I006161,R0440,French Fries,snack,79.0,False,True,22,179
I006162,R0440,Gulab Jamun,dessert,61.0,True,True,85,502
I006163,R0440,Chocolate Mousse,dessert,48.0,False,True,34,693
I006164,R0441,Kulfi,dessert,50.0,True,True,83,509
I006165,R0441,Laccha Paratha,side_dish,62.0,False,True,5,334
I006166,R0441,Jeera Rice,side_dish,101.0,True,True,20,806
I006167,R0441,Mango Lassi,beverage,62.0,True,True,71,801
I006168,R0441,Masala Fries,snack,111.0,True,True,27,530
I006169,R0441,Raita,side_dish,136.0,True,True,43,621
I006170,R0441,Jeera Rice,side_dish,98.0,True,True,54,261
I006171,R0441,Egg Curry,main_course,144.0,True,True,70,400
I006172,R0441,Jeera Rice,side_dish,139.0,False,True,96,467
I006173,R0441,Samosa (2 pcs),starter,63.0,True,False,14,776
I006174,R0441,Corn on the Cob,snack,126.0,True,True,22,140
I006175,R0441,Steamed Rice,side_dish,79.0,False,True,47,429
I006176,R0441,Fish Tikka,starter,76.0,True,True,43,342
I006177,R0441,Gajar Ka Halwa,dessert,49.0,False,True,73,493
I006178,R0441,Chicken Tikka,starter,117.0,True,True,16,380
I006179,R0442,Kulfi,dessert,155.0,True,True,77,177
I006180,R0442,Gulab Jamun,dessert,150.0,False,True,64,249
I006181,R0442,Coleslaw,side_dish,58.0,False,True,3,194
I006182,R0442,Chicken Tikka,starter,104.0,False,True,7,512
I006183,R0442,Veg Wrap,snack,72.0,True,True,38,174
I006184,R0442,Veg Biryani,main_course,119.0,True,True,83,388
I006185,R0442,Crispy Corn,starter,148.0,False,True,62,306
I006186,R0442,Rasgulla,dessert,138.0,True,True,22,587
I006187,R0443,Bhel Puri,snack,170.0,True,True,12,723
I006188,R0443,Chole Bhature,main_course,101.0,True,True,1,732
I006189,R0443,Veg Biryani,main_course,113.0,True,True,49,505
I006190,R0443,Dal Makhani,main_course,77.0,True,True,60,517
I006191,R0443,Masala Chai,beverage,175.0,True,True,55,346
I006192,R0443,Fish Curry,main_course,119.0,True,True,63,881
I006193,R0443,Laccha Paratha,side_dish,114.0,True,False,51,468
I006194,R0443,Salan,side_dish,142.0,True,True,56,846
I006195,R0443,Pasta Arrabiata,main_course,69.0,True,True,52,544
I006196,R0443,Butter Naan,side_dish,190.0,True,True,12,820
I006197,R0443,Chicken Pizza,main_course,140.0,True,False,83,746
I006198,R0443,Raita,side_dish,113.0,True,True,75,660
I006199,R0443,Butter Chicken,main_course,72.0,True,True,75,755
I006200,R0444,Rajma Chawal,main_course,134.0,True,True,92,889
I006201,R0444,Nachos,snack,204.0,True,True,8,375
I006202,R0444,Veg Spring Rolls,starter,215.0,True,True,19,461
I006203,R0444,Paneer Butter Masala,main_course,177.0,False,True,95,516
I006204,R0444,Paneer Tikka,starter,130.0,False,False,59,631
I006205,R0444,Aloo Tikki,starter,131.0,True,True,6,280
I006206,R0444,Paneer Butter Masala,main_course,115.0,True,True,20,489
I006207,R0444,Veg Sandwich,snack,77.0,True,True,37,879
I006208,R0444,Brownie,dessert,153.0,True,True,92,199
I006209,R0444,Aloo Tikki,starter,126.0,True,True,10,693
I006210,R0444,Mineral Water,beverage,116.0,False,True,39,853
I006211,R0444,Mango Lassi,beverage,109.0,True,True,52,776
I006212,R0444,Masala Dosa,main_course,166.0,True,True,51,176
I006213,R0444,Mango Shake,beverage,74.0,True,True,37,250
I006214,R0444,Salan,side_dish,165.0,True,True,3,684
I006215,R0445,Ice Cream (Vanilla),dessert,140.0,True,True,84,676
I006216,R0445,Garlic Naan,side_dish,162.0,True,False,38,331
I006217,R0445,Bhel Puri,snack,51.0,False,False,44,306
I006218,R0445,Chicken Biryani,main_course,62.0,True,True,86,230
I006219,R0445,Onion Rings,starter,115.0,True,True,63,177
I006220,R0445,Cheesecake Slice,dessert,130.0,True,True,88,723
I006221,R0445,Sev Puri,snack,133.0,True,True,65,737
I006222,R0445,Mango Lassi,beverage,58.0,True,True,21,413
I006223,R0445,Crispy Corn,starter,160.0,True,True,70,718
I006224,R0445,Kulfi,dessert,72.0,True,True,21,261
I006225,R0445,Chocolate Mousse,dessert,148.0,True,True,49,102
I006226,R0445,Chole Bhature,main_course,175.0,False,True,15,649
I006227,R0445,Paneer Tikka,starter,50.0,False,True,50,589
I006228,R0445,Kheer,dessert,106.0,False,False,40,797
I006229,R0445,Salan,side_dish,75.0,True,False,20,128
I006230,R0446,Paneer Butter Masala,main_course,533.0,False,True,64,185
I006231,R0446,Watermelon Juice,beverage,637.0,True,True,4,499
I006232,R0446,Watermelon Juice,beverage,559.0,True,True,69,694
I006233,R0446,Veg Sandwich,snack,254.0,True,True,5,251
I006234,R0446,Aloo Tikki,starter,206.0,False,True,22,233
I006235,R0446,Cheesecake Slice,dessert,472.0,True,True,73,698
I006236,R0446,Masala Chai,beverage,299.0,False,True,37,682
I006237,R0446,Buttermilk,beverage,295.0,True,True,67,756
I006238,R0446,Mango Lassi,beverage,192.0,False,False,4,525
I006239,R0446,Chicken Sandwich,snack,314.0,False,True,17,321
I006240,R0446,Mango Lassi,beverage,426.0,True,True,7,836
I006241,R0446,Butter Naan,side_dish,287.0,False,True,3,643
I006242,R0447,Mineral Water,beverage,73.0,True,True,12,488
I006243,R0447,Sev Puri,snack,238.0,True,True,64,144
I006244,R0447,Pav Bhaji,starter,166.0,True,True,16,326
I006245,R0447,Popcorn Chicken,snack,107.0,True,True,86,186
I006246,R0447,Garlic Naan,side_dish,138.0,True,True,21,787
I006247,R0447,Onion Rings,starter,195.0,True,True,40,320
I006248,R0447,Veg Sandwich,snack,206.0,True,True,45,258
I006249,R0447,Rasgulla,dessert,93.0,True,True,67,335
I006250,R0447,Chicken Biryani,main_course,64.0,True,True,38,379
I006251,R0448,Chicken Sandwich,snack,265.0,False,True,89,570
I006252,R0448,Garlic Bread (plain),snack,429.0,False,True,77,162
I006253,R0448,Cheesecake Slice,dessert,462.0,True,True,17,787
I006254,R0448,Sev Puri,snack,128.0,True,True,60,896
I006255,R0448,Veg Sandwich,snack,173.0,True,True,53,672
I006256,R0448,Masala Fries,snack,500.0,True,True,79,516
I006257,R0448,Onion Rings,starter,396.0,True,True,44,104
I006258,R0448,Steamed Rice,side_dish,338.0,False,True,39,299
I006259,R0448,Chocolate Mousse,dessert,406.0,True,True,28,248
I006260,R0448,Butter Chicken,main_course,357.0,False,True,52,649
I006261,R0448,Egg Curry,main_course,251.0,False,True,9,632
I006262,R0448,Samosa (2 pcs),starter,444.0,False,True,52,230
I006263,R0448,Chicken Tikka,starter,190.0,False,True,1,625
I006264,R0448,Salan,side_dish,504.0,True,True,16,622
I006265,R0448,Masala Fries,snack,371.0,True,True,84,724
I006266,R0448,Chicken Pizza,main_course,234.0,True,True,38,357
I006267,R0448,Green Salad,side_dish,192.0,True,True,54,316
I006268,R0448,Pasta Arrabiata,main_course,265.0,False,True,32,267
I006269,R0448,Fresh Lime Soda,beverage,346.0,True,True,10,169
I006270,R0448,French Fries,snack,195.0,False,True,95,605
I006271,R0449,Fresh Lime Soda,beverage,373.0,True,False,94,757
I006272,R0449,Steamed Rice,side_dish,393.0,True,True,33,506
I006273,R0449,Fresh Lime Soda,beverage,195.0,True,True,54,286
I006274,R0449,Egg Curry,main_course,159.0,False,True,89,703
I006275,R0449,Margherita Pizza,main_course,385.0,True,True,79,758
I006276,R0449,Fresh Lime Soda,beverage,418.0,False,False,26,659
I006277,R0449,Butter Chicken,main_course,562.0,False,True,57,555
I006278,R0449,Garlic Bread,side_dish,174.0,True,True,67,125
I006279,R0449,Fresh Lime Soda,beverage,556.0,True,True,71,363
I006280,R0449,Butter Naan,side_dish,254.0,True,False,22,453
I006281,R0449,Veg Sandwich,snack,369.0,False,True,86,881
I006282,R0449,Fruit Custard,dessert,529.0,True,False,49,270
I006283,R0449,Fish Curry,main_course,511.0,False,True,15,170
I006284,R0449,Butter Chicken,main_course,374.0,False,True,18,870
I006285,R0449,Watermelon Juice,beverage,438.0,False,True,73,738
I006286,R0450,Hakka Noodles,main_course,98.0,True,True,6,463
I006287,R0450,Fruit Custard,dessert,162.0,True,False,92,118
I006288,R0450,Mini Burgers,snack,121.0,True,True,31,764
I006289,R0450,Ice Cream (Vanilla),dessert,49.0,True,True,11,885
I006290,R0450,Sprite,beverage,167.0,False,False,66,557
I006291,R0450,Cold Coffee,beverage,139.0,False,True,6,279
I006292,R0450,Rose Sharbat,beverage,58.0,True,False,72,795
I006293,R0450,Sprite,beverage,109.0,True,True,56,700
I006294,R0450,Veg Seekh Kebab,starter,89.0,False,False,31,282
I006295,R0450,Fish Curry,main_course,87.0,True,True,22,343
I006296,R0450,Jeera Rice,side_dish,96.0,True,True,87,812
I006297,R0450,Fresh Lime Soda,beverage,53.0,True,False,4,339
I006298,R0450,Kheer,dessert,69.0,True,True,54,358
I006299,R0450,Garlic Bread,side_dish,153.0,False,False,55,158
I006300,R0450,Sev Puri,snack,59.0,True,True,59,124
I006301,R0450,Watermelon Juice,beverage,174.0,False,True,36,603
I006302,R0450,Gajar Ka Halwa,dessert,145.0,True,True,45,183
I006303,R0451,Garlic Bread,side_dish,237.0,True,True,35,196
I006304,R0451,Garlic Bread (plain),snack,160.0,True,True,30,588
I006305,R0451,Paneer Butter Masala,main_course,249.0,False,True,10,283
I006306,R0451,Veg Seekh Kebab,starter,80.0,True,True,39,160
I006307,R0451,Veg Biryani,main_course,96.0,False,True,55,414
I006308,R0451,Popcorn Chicken,snack,74.0,False,True,20,135
I006309,R0451,Ice Cream (Vanilla),dessert,118.0,True,True,43,717
I006310,R0451,Coleslaw,side_dish,251.0,True,True,8,346
I006311,R0451,Chocolate Mousse,dessert,172.0,True,True,18,207
I006312,R0452,Coca-Cola,beverage,119.0,True,True,51,461
I006313,R0452,Egg Curry,main_course,181.0,False,True,54,207
I006314,R0452,Sweet Lassi,beverage,200.0,True,True,98,572
I006315,R0452,Hakka Noodles,main_course,207.0,False,True,57,649
I006316,R0452,Mango Shake,beverage,209.0,True,True,37,400
I006317,R0452,Veg Seekh Kebab,starter,103.0,False,True,83,122
I006318,R0452,Buttermilk,beverage,213.0,True,True,58,128
I006319,R0452,Chole Bhature,main_course,201.0,False,False,34,736
I006320,R0452,Coleslaw,side_dish,56.0,True,True,95,820
I006321,R0452,Chole Bhature,main_course,104.0,True,True,43,139
I006322,R0452,Brownie,dessert,68.0,True,True,90,897
I006323,R0452,Masala Dosa,main_course,138.0,False,True,48,421
I006324,R0452,Rajma Chawal,main_course,111.0,True,True,68,511
I006325,R0452,Chicken Biryani,main_course,154.0,True,False,48,732
I006326,R0452,Veg Sandwich,snack,90.0,True,True,88,676
I006327,R0452,Chocolate Mousse,dessert,164.0,True,True,81,711
I006328,R0452,Fish Curry,main_course,195.0,True,True,37,577
I006329,R0452,Samosa (2 pcs),starter,163.0,True,True,20,403
I006330,R0452,Mango Shake,beverage,149.0,False,True,36,521
I006331,R0453,Masala Fries,snack,230.0,True,True,81,578
I006332,R0453,Paneer Tikka,starter,249.0,False,True,67,283
I006333,R0453,Butter Chicken,main_course,401.0,True,True,91,381
I006334,R0453,Mango Lassi,beverage,201.0,True,True,20,167
I006335,R0453,Gulab Jamun,dessert,119.0,False,True,90,699
I006336,R0453,Fried Rice,main_course,397.0,False,True,57,875
I006337,R0453,Chicken Biryani,main_course,413.0,True,False,73,313
I006338,R0453,Margherita Pizza,main_course,231.0,False,True,56,403
I006339,R0453,Garlic Bread (plain),snack,384.0,True,False,7,806
I006340,R0453,Onion Rings,starter,354.0,True,True,55,592
I006341,R0453,Salan,side_dish,183.0,False,False,77,559
I006342,R0453,Sweet Lassi,beverage,427.0,True,True,45,190
I006343,R0453,Cheesecake Slice,dessert,359.0,True,True,38,814
I006344,R0454,Garlic Naan,side_dish,75.0,True,True,64,706
I006345,R0454,Egg Curry,main_course,79.0,True,True,45,105
I006346,R0454,Bhel Puri,snack,101.0,True,True,68,459
I006347,R0454,Gajar Ka Halwa,dessert,64.0,True,True,83,394
I006348,R0454,Chicken Biryani,main_course,92.0,True,True,92,364
I006349,R0454,Ice Cream (Chocolate),dessert,141.0,True,True,30,165
I006350,R0454,Steamed Rice,side_dish,106.0,True,True,71,847
I006351,R0454,Pita Bread,side_dish,40.0,True,True,85,378
I006352,R0454,Aloo Tikki,starter,52.0,True,True,45,816
I006353,R0454,Ice Cream (Vanilla),dessert,128.0,True,True,49,349
I006354,R0454,Mini Burgers,snack,63.0,True,True,59,320
I006355,R0454,Halwa,dessert,62.0,True,True,46,152
I006356,R0454,Gulab Jamun,dessert,122.0,True,True,27,886
I006357,R0454,Sprite,beverage,45.0,True,True,46,717
I006358,R0454,French Fries,snack,40.0,True,True,36,621
I006359,R0454,Green Salad,side_dish,84.0,True,True,11,521
I006360,R0454,Salan,side_dish,146.0,True,True,52,740
I006361,R0455,Raita,side_dish,163.0,True,True,1,785
I006362,R0455,Chocolate Mousse,dessert,157.0,True,True,36,526
I006363,R0455,Veg Biryani,main_course,70.0,True,True,38,444
I006364,R0455,Rose Sharbat,beverage,247.0,True,True,55,666
I006365,R0455,Watermelon Juice,beverage,256.0,True,True,57,283
I006366,R0455,French Fries,snack,229.0,True,True,49,419
I006367,R0455,Coleslaw,side_dish,137.0,True,True,58,576
I006368,R0455,Mineral Water,beverage,166.0,True,True,33,631
I006369,R0455,Veg Spring Rolls,starter,95.0,True,True,63,211
I006370,R0455,Nachos,snack,235.0,True,True,88,406
I006371,R0455,Mutton Biryani,main_course,63.0,True,True,84,395
I006372,R0455,Crispy Corn,starter,83.0,True,True,23,351
I006373,R0455,Fresh Lime Soda,beverage,214.0,True,True,93,475
I006374,R0455,Veg Wrap,snack,131.0,True,True,80,851
I006375,R0455,Aloo Tikki,starter,65.0,True,True,73,735
I006376,R0455,Papad,side_dish,117.0,True,True,85,885
I006377,R0456,Cold Coffee,beverage,173.0,False,True,55,539
I006378,R0456,Ice Cream (Chocolate),dessert,103.0,True,True,87,121
I006379,R0456,Mango Lassi,beverage,80.0,False,True,95,229
I006380,R0456,Chicken Wings,starter,94.0,True,True,63,148
I006381,R0456,Mutton Biryani,main_course,172.0,True,True,21,536
I006382,R0456,Brownie,dessert,206.0,True,True,1,803
I006383,R0456,Veg Seekh Kebab,starter,163.0,False,False,1,192
I006384,R0456,Garlic Bread,side_dish,136.0,True,True,21,596
I006385,R0456,Popcorn Chicken,snack,86.0,True,True,61,646
I006386,R0456,Egg Curry,main_course,189.0,False,True,14,832
I006387,R0456,Brownie,dessert,145.0,True,True,53,299
I006388,R0456,Steamed Rice,side_dish,104.0,True,True,15,120
I006389,R0456,Mineral Water,beverage,219.0,False,True,59,644
I006390,R0456,Veg Wrap,snack,119.0,False,True,58,726
I006391,R0456,Chicken Biryani,main_course,123.0,False,False,74,834
I006392,R0456,Salan,side_dish,93.0,True,True,99,559
I006393,R0456,Samosa (2 pcs),starter,101.0,False,True,18,272
I006394,R0456,Laccha Paratha,side_dish,73.0,True,True,90,171
I006395,R0456,Cold Coffee,beverage,160.0,True,False,86,132
I006396,R0456,Fruit Custard,dessert,103.0,False,True,16,113
I006397,R0457,Masala Fries,snack,865.0,True,True,5,654
I006398,R0457,Rasgulla,dessert,1235.0,True,True,74,553
I006399,R0457,Dal Makhani,main_course,1054.0,True,True,73,863
I006400,R0457,Garlic Naan,side_dish,713.0,True,True,2,112
I006401,R0457,Watermelon Juice,beverage,353.0,True,True,18,316
I006402,R0457,Jeera Rice,side_dish,652.0,True,True,38,242
I006403,R0457,Mineral Water,beverage,511.0,True,True,29,196
I006404,R0457,Bhel Puri,snack,1048.0,True,True,13,308
I006405,R0457,Coleslaw,side_dish,328.0,True,True,88,219
I006406,R0457,Brownie,dessert,453.0,True,True,83,481
I006407,R0457,Laccha Paratha,side_dish,508.0,True,True,65,691
I006408,R0457,Chicken Biryani,main_course,391.0,True,True,67,513
I006409,R0457,Raita,side_dish,924.0,True,True,92,100
I006410,R0457,Cold Coffee,beverage,1139.0,True,True,63,389
I006411,R0458,Paneer Butter Masala,main_course,114.0,False,True,83,540
I006412,R0458,Paneer Tikka,starter,69.0,True,True,45,632
I006413,R0458,Paneer Tikka,starter,222.0,True,True,33,778
I006414,R0458,Kheer,dessert,226.0,False,True,73,693
I006415,R0458,Cheesecake Slice,dessert,121.0,True,False,74,190
I006416,R0458,Kheer,dessert,197.0,True,True,21,574
I006417,R0458,Steamed Rice,side_dish,112.0,True,True,70,802
I006418,R0458,Veg Wrap,snack,110.0,True,True,21,387
I006419,R0458,Ice Cream (Chocolate),dessert,144.0,True,True,84,496
I006420,R0458,Gulab Jamun,dessert,90.0,True,True,45,112
I006421,R0458,Masala Dosa,main_course,95.0,False,True,15,824
I006422,R0459,Veg Biryani,main_course,340.0,True,True,74,824
I006423,R0459,Watermelon Juice,beverage,418.0,True,True,44,303
I006424,R0459,Veg Biryani,main_course,353.0,True,True,21,460
I006425,R0459,Gajar Ka Halwa,dessert,213.0,True,True,55,741
I006426,R0459,Kheer,dessert,338.0,True,True,3,286
I006427,R0459,Dal Makhani,main_course,159.0,True,False,66,189
I006428,R0459,Sev Puri,snack,383.0,True,True,22,511
I006429,R0459,Dal Makhani,main_course,306.0,True,True,98,269
I006430,R0459,Popcorn Chicken,snack,110.0,True,False,56,657
I006431,R0459,Garlic Bread (plain),snack,207.0,True,True,13,414
I006432,R0459,Masala Chai,beverage,387.0,True,True,61,416
I006433,R0459,Onion Rings,starter,344.0,True,True,35,467
I006434,R0459,Papad,side_dish,361.0,True,True,86,292
I006435,R0459,Garlic Bread,side_dish,304.0,True,True,41,766
I006436,R0459,Masala Dosa,main_course,196.0,True,True,13,435
I006437,R0459,Butter Naan,side_dish,215.0,True,True,32,135
I006438,R0459,Cheesecake Slice,dessert,248.0,True,False,6,683
I006439,R0459,Ice Cream (Chocolate),dessert,114.0,True,True,42,135
I006440,R0459,Mango Lassi,beverage,191.0,True,True,74,156
I006441,R0460,Buttermilk,beverage,165.0,False,True,3,766
I006442,R0460,Rajma Chawal,main_course,79.0,True,False,48,154
I006443,R0460,Onion Rings,starter,150.0,False,True,61,655
I006444,R0460,Garlic Bread,side_dish,229.0,False,True,73,723
I006445,R0460,Samosa (2 pcs),starter,188.0,False,True,15,496
I006446,R0460,Masala Chai,beverage,237.0,True,True,74,811
I006447,R0460,Pita Bread,side_dish,76.0,True,True,82,118
I006448,R0460,Coleslaw,side_dish,96.0,False,True,19,352
I006449,R0460,Chicken Sandwich,snack,161.0,True,True,73,744
I006450,R0460,Crispy Corn,starter,161.0,False,True,88,439
I006451,R0460,Masala Fries,snack,225.0,True,True,65,163
I006452,R0460,Papad,side_dish,237.0,True,True,58,550
I006453,R0460,Popcorn Chicken,snack,185.0,True,True,28,571
I006454,R0461,Hakka Noodles,main_course,372.0,True,True,8,521
I006455,R0461,Fried Rice,main_course,681.0,True,True,43,124
I006456,R0461,Egg Curry,main_course,698.0,True,True,7,377
I006457,R0461,Nachos,snack,391.0,True,True,28,199
I006458,R0461,Egg Curry,main_course,234.0,True,True,81,410
I006459,R0461,Ice Cream (Chocolate),dessert,450.0,True,True,66,574
I006460,R0461,Steamed Rice,side_dish,308.0,True,True,25,279
I006461,R0461,Pita Bread,side_dish,690.0,True,True,99,636
I006462,R0461,Steamed Rice,side_dish,270.0,True,True,51,242
I006463,R0461,Buttermilk,beverage,214.0,True,True,21,828
I006464,R0461,Mini Burgers,snack,336.0,True,True,41,224
I006465,R0461,Aloo Tikki,starter,836.0,True,True,96,756
I006466,R0462,Brownie,dessert,194.0,True,True,88,789
I006467,R0462,Rose Sharbat,beverage,453.0,True,True,45,345
I006468,R0462,Margherita Pizza,main_course,376.0,True,True,85,315
I006469,R0462,Jeera Rice,side_dish,407.0,True,True,23,420
I006470,R0462,Fresh Lime Soda,beverage,615.0,True,True,1,683
I006471,R0462,Veg Sandwich,snack,303.0,False,True,75,282
I006472,R0462,Ice Cream (Vanilla),dessert,217.0,True,True,41,331
I006473,R0462,Gajar Ka Halwa,dessert,436.0,True,False,93,369
I006474,R0462,Rajma Chawal,main_course,261.0,True,True,12,602
I006475,R0462,Cheesecake Slice,dessert,344.0,False,True,15,231
I006476,R0462,Chicken Sandwich,snack,375.0,True,True,86,648
I006477,R0462,Popcorn Chicken,snack,265.0,True,True,10,894
I006478,R0462,Ice Cream (Chocolate),dessert,577.0,False,True,99,560
I006479,R0462,Onion Rings,starter,193.0,True,True,34,231
I006480,R0462,Mini Burgers,snack,517.0,True,True,34,429
I006481,R0462,Paneer Tikka,starter,264.0,True,False,36,380
I006482,R0463,Coca-Cola,beverage,322.0,True,False,29,147
I006483,R0463,Veg Sandwich,snack,330.0,True,True,36,159
I006484,R0463,Fish Curry,main_course,337.0,False,False,31,849
I006485,R0463,Rose Sharbat,beverage,118.0,True,True,94,694
I006486,R0463,Pav Bhaji,starter,104.0,True,True,49,309
I006487,R0463,Cold Coffee,beverage,352.0,True,True,35,352
I006488,R0463,Salan,side_dish,385.0,True,True,92,866
I006489,R0463,Fruit Custard,dessert,307.0,False,True,73,137
I006490,R0464,Sweet Lassi,beverage,487.0,True,True,24,456
I006491,R0464,Chicken Wings,starter,426.0,True,True,93,288
I006492,R0464,Veg Spring Rolls,starter,481.0,False,True,14,509
I006493,R0464,Ice Cream (Chocolate),dessert,582.0,True,True,56,899
I006494,R0464,Gajar Ka Halwa,dessert,159.0,False,False,24,274
I006495,R0464,Papad,side_dish,514.0,True,True,34,415
I006496,R0464,French Fries,snack,621.0,True,True,68,712
I006497,R0464,Sweet Lassi,beverage,413.0,True,True,22,385
I006498,R0464,Butter Naan,side_dish,470.0,True,True,13,863
I006499,R0464,Garlic Naan,side_dish,384.0,False,True,12,780
I006500,R0464,Mineral Water,beverage,382.0,True,True,98,534
I006501,R0464,Sev Puri,snack,448.0,True,True,36,340
I006502,R0464,Coleslaw,side_dish,493.0,True,True,66,579
I006503,R0464,Pita Bread,side_dish,199.0,True,True,84,392
I006504,R0464,Chicken Wings,starter,441.0,False,True,82,537
I006505,R0465,Gulab Jamun,dessert,179.0,True,False,42,279
I006506,R0465,Raita,side_dish,520.0,True,True,40,829
I006507,R0465,Veg Spring Rolls,starter,161.0,False,True,64,197
I006508,R0465,Chicken Sandwich,snack,295.0,True,True,93,455
I006509,R0465,Rasgulla,dessert,299.0,True,True,47,648
I006510,R0465,Coleslaw,side_dish,437.0,True,False,7,452
I006511,R0465,Pasta Arrabiata,main_course,397.0,False,True,60,232
I006512,R0465,Laccha Paratha,side_dish,434.0,True,False,95,506
I006513,R0465,Veg Spring Rolls,starter,260.0,True,True,46,137
I006514,R0465,Rajma Chawal,main_course,292.0,True,True,67,284
I006515,R0465,Margherita Pizza,main_course,458.0,True,True,18,855
I006516,R0465,Mango Lassi,beverage,219.0,True,False,63,540
I006517,R0466,Corn on the Cob,snack,126.0,False,True,10,859
I006518,R0466,Brownie,dessert,116.0,True,True,86,198
I006519,R0466,Mutton Biryani,main_course,53.0,False,True,62,228
I006520,R0466,Papad,side_dish,177.0,True,True,59,776
I006521,R0466,Brownie,dessert,176.0,False,True,9,657
I006522,R0466,Pav Bhaji,starter,160.0,False,True,34,835
I006523,R0466,Pita Bread,side_dish,193.0,False,True,54,670
I006524,R0466,Chicken Tikka,starter,196.0,False,True,11,302
I006525,R0466,Kheer,dessert,90.0,True,True,63,605
I006526,R0466,Rasgulla,dessert,218.0,True,True,67,330
I006527,R0466,Aloo Tikki,starter,171.0,True,True,54,899
I006528,R0466,Fruit Custard,dessert,104.0,True,True,13,442
I006529,R0466,Popcorn Chicken,snack,66.0,True,True,68,685
I006530,R0466,Pasta Arrabiata,main_course,203.0,False,True,36,871
I006531,R0466,Halwa,dessert,119.0,True,True,9,369
I006532,R0467,Rajma Chawal,main_course,69.0,True,True,10,152
I006533,R0467,Aloo Tikki,starter,45.0,False,True,83,633
I006534,R0467,Pita Bread,side_dish,84.0,True,False,8,765
I006535,R0467,Fish Tikka,starter,54.0,True,True,43,492
I006536,R0467,Halwa,dessert,82.0,False,True,28,614
I006537,R0467,Veg Sandwich,snack,124.0,True,True,39,413
I006538,R0467,Veg Sandwich,snack,105.0,True,True,90,311
I006539,R0467,Veg Spring Rolls,starter,147.0,False,True,96,482
I006540,R0467,Dal Makhani,main_course,63.0,True,True,85,136
I006541,R0467,Sprite,beverage,137.0,True,True,20,496
I006542,R0468,Rose Sharbat,beverage,371.0,True,True,66,219
I006543,R0468,Steamed Rice,side_dish,305.0,False,True,7,376
I006544,R0468,Watermelon Juice,beverage,162.0,True,True,31,560
I006545,R0468,Papad,side_dish,230.0,False,False,43,327
I006546,R0468,Kheer,dessert,122.0,True,True,30,188
I006547,R0468,Papad,side_dish,154.0,True,True,18,491
I006548,R0468,Brownie,dessert,277.0,False,False,74,413
I006549,R0468,Paneer Tikka,starter,216.0,False,True,84,455
I006550,R0468,Corn on the Cob,snack,142.0,True,True,26,717
I006551,R0468,Jeera Rice,side_dish,289.0,True,True,76,701
I006552,R0468,Sprite,beverage,250.0,True,True,30,625
I006553,R0468,Cheesecake Slice,dessert,159.0,True,True,21,375
I006554,R0468,Paneer Tikka,starter,275.0,False,False,71,298
I006555,R0468,Steamed Rice,side_dish,133.0,True,True,79,887
I006556,R0468,Cheesecake Slice,dessert,299.0,False,True,39,648
I006557,R0468,Veg Sandwich,snack,284.0,True,True,22,878
I006558,R0468,Ice Cream (Chocolate),dessert,110.0,True,False,7,806
I006559,R0468,Pita Bread,side_dish,249.0,True,True,31,407
I006560,R0468,Mineral Water,beverage,359.0,True,True,86,885
I006561,R0469,Chicken Sandwich,snack,312.0,True,True,55,408
I006562,R0469,Coca-Cola,beverage,291.0,True,True,6,111
I006563,R0469,Cheesecake Slice,dessert,349.0,True,True,37,520
I006564,R0469,Halwa,dessert,251.0,False,True,46,386
I006565,R0469,Mutton Biryani,main_course,371.0,False,True,16,385
I006566,R0469,Cold Coffee,beverage,214.0,True,True,37,509
I006567,R0469,Chicken Pizza,main_course,268.0,True,True,11,758
I006568,R0469,Kulfi,dessert,318.0,True,True,17,440
I006569,R0469,Garlic Bread,side_dish,146.0,True,True,40,489
I006570,R0469,Margherita Pizza,main_course,139.0,True,True,19,339
I006571,R0469,Raita,side_dish,146.0,True,True,71,862
I006572,R0469,Papad,side_dish,200.0,True,True,85,103
I006573,R0469,Jeera Rice,side_dish,332.0,True,True,19,525
I006574,R0469,Raita,side_dish,257.0,True,True,73,203
I006575,R0469,Butter Naan,side_dish,402.0,True,True,32,847
I006576,R0470,Mutton Biryani,main_course,107.0,True,True,75,341
I006577,R0470,Veg Sandwich,snack,268.0,True,True,12,268
I006578,R0470,Rajma Chawal,main_course,196.0,True,True,77,818
I006579,R0470,Fresh Lime Soda,beverage,181.0,True,True,43,280
I006580,R0470,Mutton Biryani,main_course,244.0,False,True,37,860
I006581,R0470,Dal Makhani,main_course,246.0,True,True,10,849
I006582,R0470,Veg Sandwich,snack,64.0,False,True,27,558
I006583,R0470,Salan,side_dish,136.0,True,False,50,548
I006584,R0470,Aloo Tikki,starter,276.0,False,True,25,604
I006585,R0470,French Fries,snack,242.0,True,True,58,651
I006586,R0470,Aloo Tikki,starter,104.0,True,True,62,859
I006587,R0471,Brownie,dessert,384.0,False,True,83,826
I006588,R0471,Rose Sharbat,beverage,291.0,False,True,75,362
I006589,R0471,Veg Wrap,snack,238.0,True,True,17,760
I006590,R0471,Masala Fries,snack,437.0,True,True,63,739
I006591,R0471,Veg Spring Rolls,starter,435.0,False,True,87,294
I006592,R0471,Rasgulla,dessert,200.0,True,True,5,528
I006593,R0471,Chicken Sandwich,snack,322.0,True,True,5,545
I006594,R0471,Garlic Bread (plain),snack,405.0,True,True,88,583
I006595,R0471,Pav Bhaji,starter,318.0,False,True,22,798
I006596,R0472,Masala Dosa,main_course,367.0,False,False,37,523
I006597,R0472,Pita Bread,side_dish,364.0,True,True,95,261
I006598,R0472,Fresh Lime Soda,beverage,343.0,False,True,79,780
I006599,R0472,Mineral Water,beverage,100.0,True,True,72,374
I006600,R0472,Chicken Pizza,main_course,200.0,True,True,27,816
I006601,R0472,Sev Puri,snack,220.0,False,True,90,311
I006602,R0472,Samosa (2 pcs),starter,382.0,True,True,27,519
I006603,R0472,Chicken Biryani,main_course,278.0,True,True,88,690
I006604,R0472,Veg Wrap,snack,115.0,True,True,25,260
I006605,R0472,Masala Chai,beverage,88.0,True,False,13,506
I006606,R0472,Kheer,dessert,286.0,False,True,37,751
I006607,R0472,Paneer Butter Masala,main_course,269.0,False,True,90,303
I006608,R0472,Rasgulla,dessert,154.0,True,True,8,529
I006609,R0472,Chole Bhature,main_course,96.0,True,True,92,816
I006610,R0472,Veg Biryani,main_course,374.0,True,False,4,717
I006611,R0472,Butter Chicken,main_course,207.0,True,True,21,253
I006612,R0472,Fried Rice,main_course,313.0,True,True,44,771
I006613,R0472,Fish Curry,main_course,178.0,True,True,76,695
I006614,R0473,Ice Cream (Chocolate),dessert,190.0,True,True,15,160
I006615,R0473,Garlic Naan,side_dish,166.0,True,True,75,492
I006616,R0473,Buttermilk,beverage,134.0,True,True,26,106
I006617,R0473,Ice Cream (Chocolate),dessert,179.0,True,True,51,561
I006618,R0473,Cold Coffee,beverage,155.0,True,True,60,662
I006619,R0473,Nachos,snack,179.0,False,True,84,255
I006620,R0473,Green Salad,side_dish,143.0,True,True,21,804
I006621,R0473,Kheer,dessert,55.0,True,True,10,701
I006622,R0473,Gulab Jamun,dessert,138.0,False,True,70,124
I006623,R0473,Masala Chai,beverage,149.0,False,True,67,232
I006624,R0473,Rasgulla,dessert,233.0,True,True,61,811
I006625,R0473,Popcorn Chicken,snack,116.0,True,True,54,332
I006626,R0474,Sev Puri,snack,159.0,True,True,75,280
I006627,R0474,Chicken Sandwich,snack,486.0,True,True,76,691
I006628,R0474,Egg Curry,main_course,381.0,False,True,35,315
I006629,R0474,Bhel Puri,snack,269.0,True,True,91,169
I006630,R0474,Green Salad,side_dish,270.0,True,True,82,471
I006631,R0474,Chicken Nuggets,starter,401.0,False,True,85,691
I006632,R0474,Fish Curry,main_course,466.0,True,True,66,345
I006633,R0474,Jeera Rice,side_dish,428.0,True,True,47,541
I006634,R0474,Masala Chai,beverage,162.0,True,True,83,364
I006635,R0474,Crispy Corn,starter,428.0,True,True,56,368
I006636,R0474,Cold Coffee,beverage,329.0,False,True,49,548
I006637,R0474,Sprite,beverage,292.0,True,True,94,439
I006638,R0474,Raita,side_dish,549.0,True,True,40,782
I006639,R0474,Brownie,dessert,280.0,False,False,4,580
I006640,R0474,Cold Coffee,beverage,412.0,True,True,99,476
I006641,R0474,Chicken Biryani,main_course,512.0,True,True,18,358
I006642,R0474,Fresh Lime Soda,beverage,189.0,True,True,73,864
I006643,R0474,Jeera Rice,side_dish,512.0,True,True,46,743
I006644,R0474,Paneer Butter Masala,main_course,153.0,True,True,5,792
I006645,R0474,Corn on the Cob,snack,533.0,True,True,26,651
I006646,R0475,Steamed Rice,side_dish,105.0,True,True,73,187
I006647,R0475,Coleslaw,side_dish,122.0,True,True,86,539
I006648,R0475,Cheesecake Slice,dessert,206.0,True,True,12,221
I006649,R0475,Raita,side_dish,62.0,True,False,63,293
I006650,R0475,Gulab Jamun,dessert,101.0,True,True,65,305
I006651,R0475,Coleslaw,side_dish,101.0,True,True,17,534
I006652,R0475,Brownie,dessert,139.0,True,True,94,787
I006653,R0475,Garlic Bread,side_dish,190.0,True,True,85,832
I006654,R0475,Nachos,snack,175.0,True,True,62,500
I006655,R0475,Corn on the Cob,snack,102.0,True,True,4,225
I006656,R0475,Raita,side_dish,60.0,True,True,14,364
I006657,R0475,Green Salad,side_dish,76.0,True,True,93,820
I006658,R0475,Fish Tikka,starter,169.0,True,True,89,119
I006659,R0475,Corn on the Cob,snack,70.0,True,True,77,786
I006660,R0475,Fish Curry,main_course,161.0,True,True,7,154
I006661,R0475,Corn on the Cob,snack,190.0,True,True,14,461
I006662,R0475,Hakka Noodles,main_course,195.0,True,True,1,466
I006663,R0476,Chicken Nuggets,starter,816.0,True,True,73,662
I006664,R0476,Pasta Arrabiata,main_course,260.0,False,True,61,746
I006665,R0476,Kheer,dessert,447.0,True,True,28,153
I006666,R0476,Veg Biryani,main_course,376.0,False,True,40,885
I006667,R0476,Butter Naan,side_dish,295.0,False,True,61,152
I006668,R0476,Salan,side_dish,674.0,True,True,13,156
I006669,R0476,Rose Sharbat,beverage,539.0,False,True,49,779
I006670,R0476,Chole Bhature,main_course,649.0,False,True,54,498
I006671,R0476,Fresh Lime Soda,beverage,454.0,True,True,60,609
I006672,R0476,Sprite,beverage,480.0,True,True,21,337
I006673,R0476,Brownie,dessert,678.0,False,True,19,254
I006674,R0476,Paneer Butter Masala,main_course,353.0,False,True,36,682
I006675,R0476,French Fries,snack,540.0,True,True,69,407
I006676,R0476,Chicken Sandwich,snack,356.0,True,False,74,137
I006677,R0476,Raita,side_dish,319.0,True,True,32,524
I006678,R0476,Kheer,dessert,569.0,False,True,43,607
I006679,R0476,Butter Naan,side_dish,568.0,True,False,87,117
I006680,R0477,Raita,side_dish,385.0,True,True,44,296
I006681,R0477,Chicken Wings,starter,222.0,True,False,48,886
I006682,R0477,Mango Shake,beverage,230.0,True,True,56,482
I006683,R0477,Sev Puri,snack,238.0,True,True,36,606
I006684,R0477,Salan,side_dish,242.0,True,False,46,581
I006685,R0477,Brownie,dessert,238.0,True,True,53,521
I006686,R0477,Sev Puri,snack,325.0,True,True,50,658
I006687,R0477,Samosa (2 pcs),starter,374.0,True,True,49,164
I006688,R0477,Mini Burgers,snack,299.0,True,True,60,712
I006689,R0477,Egg Curry,main_course,261.0,True,True,29,642
I006690,R0478,Hakka Noodles,main_course,382.0,True,True,57,374
I006691,R0478,Watermelon Juice,beverage,253.0,True,True,52,709
I006692,R0478,Watermelon Juice,beverage,158.0,True,False,26,105
I006693,R0478,Jeera Rice,side_dish,279.0,True,True,10,883
I006694,R0478,Buttermilk,beverage,244.0,True,True,58,741
I006695,R0478,Laccha Paratha,side_dish,153.0,True,True,54,526
I006696,R0478,Garlic Bread,side_dish,184.0,True,True,38,797
I006697,R0478,Mini Burgers,snack,224.0,True,True,74,310
I006698,R0478,Fruit Custard,dessert,202.0,False,True,37,602
I006699,R0478,Kulfi,dessert,122.0,True,True,99,723
I006700,R0479,Cheesecake Slice,dessert,126.0,True,True,74,422
I006701,R0479,Chicken Wings,starter,54.0,True,True,39,612
I006702,R0479,Rasgulla,dessert,111.0,True,True,54,298
I006703,R0479,Garlic Bread (plain),snack,46.0,True,True,3,753
I006704,R0479,Pav Bhaji,starter,64.0,True,True,92,841
I006705,R0479,Chicken Pizza,main_course,135.0,False,True,7,781
I006706,R0479,Butter Naan,side_dish,92.0,True,True,78,338
I006707,R0479,Paneer Tikka,starter,98.0,False,True,66,420
I006708,R0479,Halwa,dessert,157.0,True,True,69,474
I006709,R0479,Laccha Paratha,side_dish,117.0,True,True,80,626
I006710,R0479,Sweet Lassi,beverage,111.0,False,True,53,434
I006711,R0479,Steamed Rice,side_dish,119.0,True,True,67,235
I006712,R0479,Nachos,snack,107.0,True,True,71,844
I006713,R0480,Gulab Jamun,dessert,188.0,True,True,80,726
I006714,R0480,Papad,side_dish,65.0,False,True,61,687
I006715,R0480,Papad,side_dish,62.0,True,True,2,733
I006716,R0480,Ice Cream (Chocolate),dessert,91.0,True,True,41,477
I006717,R0480,Samosa (2 pcs),starter,213.0,True,True,50,341
I006718,R0480,Fish Tikka,starter,220.0,True,True,39,624
I006719,R0480,Halwa,dessert,117.0,False,True,80,575
I006720,R0480,French Fries,snack,204.0,True,True,36,630
I006721,R0480,Ice Cream (Vanilla),dessert,227.0,True,True,31,327
I006722,R0480,Coca-Cola,beverage,123.0,True,True,12,826
I006723,R0481,Egg Curry,main_course,70.0,True,True,94,284
I006724,R0481,Veg Spring Rolls,starter,80.0,True,True,50,743
I006725,R0481,Veg Wrap,snack,118.0,True,True,28,720
I006726,R0481,Garlic Bread,side_dish,80.0,True,True,34,486
I006727,R0481,Garlic Bread (plain),snack,115.0,True,True,86,496
I006728,R0481,Gulab Jamun,dessert,68.0,True,True,46,372
I006729,R0481,Raita,side_dish,82.0,True,True,27,281
I006730,R0481,Sev Puri,snack,62.0,True,False,55,426
I006731,R0481,Samosa (2 pcs),starter,78.0,True,True,88,443
I006732,R0481,Gulab Jamun,dessert,126.0,True,True,29,281
I006733,R0481,Veg Biryani,main_course,103.0,True,True,1,237
I006734,R0481,Fried Rice,main_course,116.0,True,True,30,895
I006735,R0481,Veg Seekh Kebab,starter,173.0,True,True,68,301
I006736,R0481,Garlic Bread,side_dish,163.0,True,True,64,842
I006737,R0481,Masala Dosa,main_course,76.0,True,True,11,463
I006738,R0481,Dal Makhani,main_course,145.0,True,True,39,678
I006739,R0481,Mango Lassi,beverage,113.0,True,True,19,593
I006740,R0481,Mutton Biryani,main_course,70.0,True,True,50,630
I006741,R0481,Cheesecake Slice,dessert,155.0,True,True,88,457
I006742,R0482,Crispy Corn,starter,177.0,True,True,68,816
I006743,R0482,Chicken Biryani,main_course,441.0,True,True,33,452
I006744,R0482,Cheesecake Slice,dessert,397.0,True,True,3,129
I006745,R0482,Popcorn Chicken,snack,334.0,True,True,73,823
I006746,R0482,Cheesecake Slice,dessert,485.0,True,True,19,627
I006747,R0482,Rose Sharbat,beverage,267.0,True,True,28,641
I006748,R0482,Pav Bhaji,starter,496.0,True,True,55,769
I006749,R0482,Veg Spring Rolls,starter,195.0,True,True,46,193
I006750,R0482,Pita Bread,side_dish,174.0,True,True,88,868
I006751,R0483,Pav Bhaji,starter,280.0,True,True,5,464
I006752,R0483,Fried Rice,main_course,286.0,True,True,62,252
I006753,R0483,Cheesecake Slice,dessert,85.0,True,True,48,823
I006754,R0483,Onion Rings,starter,187.0,True,True,69,867
I006755,R0483,Fruit Custard,dessert,247.0,True,True,82,574
I006756,R0483,Sprite,beverage,225.0,True,True,45,248
I006757,R0483,Rajma Chawal,main_course,245.0,True,True,9,797
I006758,R0483,Brownie,dessert,233.0,True,True,3,778
I006759,R0483,Fresh Lime Soda,beverage,141.0,True,True,50,443
I006760,R0483,Hakka Noodles,main_course,299.0,True,True,78,168
I006761,R0483,Veg Sandwich,snack,102.0,True,True,24,651
I006762,R0483,Brownie,dessert,265.0,True,True,67,250
I006763,R0483,Mineral Water,beverage,218.0,True,True,84,449
I006764,R0483,Cold Coffee,beverage,100.0,True,True,38,327
I006765,R0483,Steamed Rice,side_dish,220.0,True,True,95,494
I006766,R0484,Margherita Pizza,main_course,113.0,False,True,90,796
I006767,R0484,Egg Curry,main_course,107.0,True,False,54,579
I006768,R0484,Chocolate Mousse,dessert,84.0,True,True,94,693
I006769,R0484,Paneer Butter Masala,main_course,128.0,False,True,20,405
I006770,R0484,Masala Dosa,main_course,85.0,True,True,72,653
I006771,R0484,Laccha Paratha,side_dish,77.0,False,True,38,538
I006772,R0484,Chole Bhature,main_course,105.0,False,True,23,297
I006773,R0484,Margherita Pizza,main_course,126.0,True,False,3,567
I006774,R0484,Coca-Cola,beverage,40.0,False,True,72,169
I006775,R0484,Sweet Lassi,beverage,89.0,False,True,74,282
I006776,R0484,Gulab Jamun,dessert,78.0,True,True,72,823
I006777,R0484,Mango Lassi,beverage,54.0,False,True,98,508
I006778,R0484,Garlic Naan,side_dish,65.0,True,True,83,786
I006779,R0484,Chole Bhature,main_course,66.0,True,True,36,750
I006780,R0484,Kheer,dessert,92.0,True,True,69,567
I006781,R0484,Sev Puri,snack,125.0,False,True,30,193
I006782,R0484,Halwa,dessert,104.0,True,True,71,469
I006783,R0484,Chocolate Mousse,dessert,104.0,True,True,82,645
I006784,R0485,Popcorn Chicken,snack,141.0,True,True,7,825
I006785,R0485,Mango Shake,beverage,252.0,True,True,42,415
I006786,R0485,Garlic Bread (plain),snack,282.0,True,True,32,778
I006787,R0485,Raita,side_dish,605.0,True,True,32,795
I006788,R0485,Cold Coffee,beverage,483.0,True,False,21,175
I006789,R0485,Fresh Lime Soda,beverage,273.0,True,True,7,160
I006790,R0485,Sprite,beverage,365.0,False,True,91,541
I006791,R0485,Rasgulla,dessert,550.0,True,False,7,234
I006792,R0485,Sev Puri,snack,531.0,True,True,15,821
I006793,R0486,Nachos,snack,161.0,True,True,28,453
I006794,R0486,Butter Naan,side_dish,219.0,True,True,68,577
I006795,R0486,Margherita Pizza,main_course,116.0,False,True,11,455
I006796,R0486,Veg Biryani,main_course,427.0,False,True,98,872
I006797,R0486,Ice Cream (Vanilla),dessert,359.0,True,True,34,441
I006798,R0486,Garlic Bread,side_dish,478.0,True,False,93,246
I006799,R0486,Onion Rings,starter,429.0,False,False,93,590
I006800,R0486,Chicken Nuggets,starter,154.0,True,True,41,222
I006801,R0486,Chicken Nuggets,starter,250.0,False,True,96,695
I006802,R0486,Pasta Arrabiata,main_course,439.0,False,True,59,204
I006803,R0486,Chole Bhature,main_course,308.0,False,True,38,894
I006804,R0486,Coleslaw,side_dish,194.0,True,True,90,252
I006805,R0486,Pita Bread,side_dish,317.0,True,True,75,409
I006806,R0486,Kulfi,dessert,365.0,True,True,46,839
I006807,R0486,Pita Bread,side_dish,468.0,False,True,53,227
I006808,R0486,Margherita Pizza,main_course,283.0,True,True,66,401
I006809,R0486,Sprite,beverage,197.0,True,True,25,562
I006810,R0487,Mango Lassi,beverage,86.0,True,True,62,138
I006811,R0487,Sprite,beverage,76.0,True,True,7,873
I006812,R0487,Dal Makhani,main_course,174.0,True,True,47,374
I006813,R0487,Sev Puri,snack,163.0,True,True,97,120
I006814,R0487,Ice Cream (Chocolate),dessert,73.0,True,True,19,788
I006815,R0487,Crispy Corn,starter,177.0,False,True,15,430
I006816,R0487,Popcorn Chicken,snack,157.0,True,True,81,875
I006817,R0487,Pita Bread,side_dish,179.0,False,True,50,847
I006818,R0487,Paneer Tikka,starter,170.0,True,True,62,539
I006819,R0488,Popcorn Chicken,snack,350.0,True,True,89,833
I006820,R0488,Chicken Sandwich,snack,379.0,True,True,58,479
I006821,R0488,Fish Tikka,starter,243.0,False,False,31,870
I006822,R0488,Chicken Wings,starter,369.0,True,True,25,117
I006823,R0488,French Fries,snack,233.0,True,True,21,425
I006824,R0488,Nachos,snack,392.0,True,False,96,732
I006825,R0488,Masala Chai,beverage,131.0,False,True,72,884
I006826,R0488,Mango Lassi,beverage,299.0,True,True,50,278
I006827,R0489,Aloo Tikki,starter,233.0,True,True,29,806
I006828,R0489,Watermelon Juice,beverage,259.0,True,False,87,431
I006829,R0489,Chicken Tikka,starter,90.0,True,True,5,578
I006830,R0489,Egg Curry,main_course,210.0,True,True,28,378
I006831,R0489,Margherita Pizza,main_course,234.0,True,True,37,489
I006832,R0489,Fried Rice,main_course,163.0,False,True,57,191
I006833,R0489,Sweet Lassi,beverage,106.0,False,True,65,216
I006834,R0489,Brownie,dessert,100.0,True,True,19,135
I006835,R0489,Bhel Puri,snack,252.0,True,True,27,522
I006836,R0489,Nachos,snack,275.0,True,True,31,377
I006837,R0489,Hakka Noodles,main_course,83.0,True,True,33,127
I006838,R0489,Garlic Bread (plain),snack,311.0,True,True,63,889
I006839,R0489,Buttermilk,beverage,156.0,False,True,89,116
I006840,R0489,Watermelon Juice,beverage,90.0,False,True,63,896
I006841,R0489,Masala Chai,beverage,344.0,True,True,24,639
I006842,R0490,Masala Dosa,main_course,455.0,True,True,30,578
I006843,R0490,Salan,side_dish,495.0,True,True,72,430
I006844,R0490,Chicken Wings,starter,384.0,True,False,57,126
I006845,R0490,Chicken Wings,starter,259.0,True,True,26,361
I006846,R0490,Coleslaw,side_dish,265.0,True,True,43,209
I006847,R0490,Dal Makhani,main_course,239.0,True,False,18,366
I006848,R0490,Masala Fries,snack,447.0,True,True,54,764
I006849,R0490,Cold Coffee,beverage,323.0,True,True,33,424
I006850,R0490,Veg Spring Rolls,starter,382.0,True,True,88,304
I006851,R0490,Chicken Tikka,starter,297.0,True,True,51,380
I006852,R0490,Paneer Tikka,starter,206.0,True,True,77,319
I006853,R0490,Dal Makhani,main_course,523.0,True,True,48,244
I006854,R0490,Garlic Naan,side_dish,251.0,True,False,30,388
I006855,R0490,Cold Coffee,beverage,228.0,True,True,31,378
I006856,R0491,Masala Dosa,main_course,252.0,True,True,47,276
I006857,R0491,Laccha Paratha,side_dish,182.0,True,False,22,673
I006858,R0491,Chole Bhature,main_course,288.0,True,True,88,370
I006859,R0491,Masala Chai,beverage,143.0,True,True,86,628
I006860,R0491,Buttermilk,beverage,290.0,True,True,91,564
I006861,R0491,Garlic Naan,side_dish,236.0,True,False,51,153
I006862,R0491,Butter Chicken,main_course,238.0,True,True,43,597
I006863,R0491,Rose Sharbat,beverage,257.0,True,True,91,821
I006864,R0491,Veg Spring Rolls,starter,113.0,True,True,60,189
I006865,R0491,Dal Makhani,main_course,253.0,True,True,60,760
I006866,R0491,Cold Coffee,beverage,124.0,True,True,53,255
I006867,R0492,Egg Curry,main_course,402.0,False,True,72,100
I006868,R0492,Dal Makhani,main_course,236.0,True,True,54,530
I006869,R0492,Mango Shake,beverage,140.0,False,True,58,687
I006870,R0492,Brownie,dessert,415.0,True,True,48,778
I006871,R0492,Garlic Bread,side_dish,108.0,True,True,53,612
I006872,R0492,Sev Puri,snack,435.0,True,True,98,824
I006873,R0492,Gajar Ka Halwa,dessert,119.0,True,True,23,387
I006874,R0492,Fish Curry,main_course,110.0,False,False,1,677
I006875,R0492,Bhel Puri,snack,189.0,False,True,24,194
I006876,R0492,Coca-Cola,beverage,281.0,False,True,74,228
I006877,R0492,Garlic Bread,side_dish,196.0,True,True,30,356
I006878,R0492,Coca-Cola,beverage,198.0,True,True,20,444
I006879,R0492,Masala Chai,beverage,178.0,False,True,46,730
I006880,R0492,Raita,side_dish,198.0,False,True,54,824
I006881,R0492,Chicken Tikka,starter,236.0,True,True,51,391
I006882,R0493,Pita Bread,side_dish,880.0,False,True,12,348
I006883,R0493,Chicken Biryani,main_course,292.0,False,True,25,665
I006884,R0493,Pita Bread,side_dish,285.0,False,True,7,126
I006885,R0493,Garlic Bread (plain),snack,894.0,False,True,35,561
I006886,R0493,Sev Puri,snack,284.0,True,True,52,755
I006887,R0493,Halwa,dessert,530.0,True,False,81,791
I006888,R0493,Coleslaw,side_dish,662.0,True,True,57,632
I006889,R0493,Nachos,snack,962.0,True,True,32,380
I006890,R0493,Veg Wrap,snack,840.0,True,True,38,346
I006891,R0493,Corn on the Cob,snack,986.0,False,True,35,345
I006892,R0493,Chicken Biryani,main_course,1067.0,True,True,21,413
I006893,R0493,Popcorn Chicken,snack,1078.0,False,False,81,276
I006894,R0494,Mineral Water,beverage,89.0,True,True,50,846
I006895,R0494,Fresh Lime Soda,beverage,172.0,True,True,39,813
I006896,R0494,Fruit Custard,dessert,156.0,True,True,44,586
I006897,R0494,Chicken Wings,starter,121.0,False,True,31,797
I006898,R0494,Ice Cream (Chocolate),dessert,131.0,True,True,34,244
I006899,R0494,Raita,side_dish,84.0,False,True,64,720
I006900,R0494,Butter Chicken,main_course,222.0,True,True,47,198
I006901,R0494,Fried Rice,main_course,170.0,False,True,61,404
I006902,R0494,Corn on the Cob,snack,95.0,True,True,40,575
I006903,R0494,Kheer,dessert,233.0,True,True,4,880
I006904,R0494,Veg Wrap,snack,242.0,True,True,96,622
I006905,R0494,Sweet Lassi,beverage,171.0,True,True,82,736
I006906,R0494,Cold Coffee,beverage,175.0,False,True,76,380
I006907,R0494,Nachos,snack,223.0,False,True,95,868
I006908,R0494,Aloo Tikki,starter,115.0,False,True,23,209
I006909,R0494,Popcorn Chicken,snack,144.0,False,True,14,372
I006910,R0494,Masala Fries,snack,217.0,True,False,95,879
I006911,R0494,Corn on the Cob,snack,89.0,False,True,47,894
I006912,R0494,Salan,side_dish,59.0,True,True,80,569
I006913,R0495,Dal Makhani,main_course,339.0,True,True,79,863
I006914,R0495,Chicken Nuggets,starter,327.0,True,False,8,320
I006915,R0495,Coleslaw,side_dish,366.0,True,True,12,787
I006916,R0495,Popcorn Chicken,snack,130.0,True,True,31,866
I006917,R0495,Chicken Nuggets,starter,448.0,False,False,74,848
I006918,R0495,Pav Bhaji,starter,275.0,True,False,54,127
I006919,R0495,Fresh Lime Soda,beverage,144.0,True,True,62,707
I006920,R0495,Pav Bhaji,starter,346.0,True,True,89,765
I006921,R0495,Onion Rings,starter,453.0,True,True,7,119
I006922,R0495,Chicken Sandwich,snack,173.0,False,True,19,344
I006923,R0495,Rasgulla,dessert,329.0,True,True,39,764
I006924,R0496,Popcorn Chicken,snack,115.0,True,True,53,461
I006925,R0496,Mango Lassi,beverage,51.0,True,True,2,574
I006926,R0496,Chicken Biryani,main_course,49.0,True,True,51,148
I006927,R0496,Sev Puri,snack,75.0,True,True,64,890
I006928,R0496,Raita,side_dish,72.0,True,True,65,784
I006929,R0496,Halwa,dessert,94.0,True,True,89,493
I006930,R0496,Veg Seekh Kebab,starter,64.0,True,True,23,864
I006931,R0496,Chole Bhature,main_course,128.0,False,True,44,635
I006932,R0496,Chicken Biryani,main_course,94.0,True,True,10,384
I006933,R0496,Chicken Sandwich,snack,87.0,False,True,9,119
I006934,R0497,Pasta Arrabiata,main_course,95.0,False,True,74,198
I006935,R0497,Popcorn Chicken,snack,199.0,True,True,28,565
I006936,R0497,Veg Wrap,snack,55.0,True,True,10,869
I006937,R0497,Paneer Tikka,starter,149.0,False,True,90,332
I006938,R0497,Green Salad,side_dish,48.0,True,True,31,608
I006939,R0497,Pav Bhaji,starter,135.0,True,True,28,641
I006940,R0497,Veg Sandwich,snack,51.0,True,True,87,814
I006941,R0497,Mango Lassi,beverage,117.0,True,True,54,855
I006942,R0497,Rajma Chawal,main_course,65.0,True,False,81,534
I006943,R0497,Masala Chai,beverage,184.0,True,False,67,181
I006944,R0497,Pita Bread,side_dish,96.0,True,True,47,727
I006945,R0497,Watermelon Juice,beverage,62.0,False,True,59,872
I006946,R0497,Chole Bhature,main_course,51.0,False,True,97,763
I006947,R0497,Masala Chai,beverage,89.0,True,False,10,776
I006948,R0497,Buttermilk,beverage,159.0,False,False,61,729
I006949,R0497,Fresh Lime Soda,beverage,86.0,False,True,40,116
I006950,R0497,Veg Seekh Kebab,starter,141.0,True,True,31,826
I006951,R0497,Laccha Paratha,side_dish,181.0,False,True,79,521
I006952,R0497,Sprite,beverage,49.0,True,True,34,548
I006953,R0498,Veg Wrap,snack,107.0,True,True,76,845
I006954,R0498,Garlic Naan,side_dish,77.0,True,True,36,103
I006955,R0498,Fruit Custard,dessert,87.0,True,False,94,137
I006956,R0498,Samosa (2 pcs),starter,77.0,True,True,62,374
I006957,R0498,Kulfi,dessert,105.0,True,True,3,378
I006958,R0498,Garlic Bread (plain),snack,44.0,True,True,70,776
I006959,R0498,Watermelon Juice,beverage,91.0,True,True,34,279
I006960,R0498,Aloo Tikki,starter,51.0,True,True,68,209
I006961,R0498,Rasgulla,dessert,50.0,True,True,12,202
I006962,R0498,Chicken Pizza,main_course,84.0,True,True,96,323
I006963,R0498,Veg Biryani,main_course,98.0,True,True,86,647
I006964,R0498,Fruit Custard,dessert,88.0,True,False,27,581
I006965,R0499,Hakka Noodles,main_course,130.0,True,True,75,660
I006966,R0499,Bhel Puri,snack,102.0,False,True,96,459
I006967,R0499,Sprite,beverage,112.0,False,True,95,207
I006968,R0499,Watermelon Juice,beverage,110.0,True,True,6,606
I006969,R0499,Buttermilk,beverage,130.0,True,True,52,859
I006970,R0499,Pasta Arrabiata,main_course,85.0,False,True,94,559
I006971,R0499,Crispy Corn,starter,55.0,False,True,6,283
I006972,R0499,Mini Burgers,snack,55.0,True,True,2,675
I006973,R0499,Brownie,dessert,121.0,True,True,15,459
I006974,R0499,Chocolate Mousse,dessert,102.0,True,True,66,794
I006975,R0499,Cold Coffee,beverage,125.0,True,True,11,561
I006976,R0499,Masala Chai,beverage,107.0,True,True,97,156
I006977,R0499,Chole Bhature,main_course,46.0,True,True,45,532
I006978,R0499,Masala Dosa,main_course,131.0,False,True,4,784
I006979,R0499,Paneer Tikka,starter,111.0,False,True,16,406
I006980,R0499,Chicken Pizza,main_course,57.0,True,True,6,104
I006981,R0499,Mineral Water,beverage,40.0,False,True,45,524
I006982,R0499,Mineral Water,beverage,110.0,True,True,53,170
I006983,R0499,Chicken Sandwich,snack,57.0,False,True,9,422
I006984,R0500,Laccha Paratha,side_dish,346.0,True,True,21,712
I006985,R0500,Fish Tikka,starter,554.0,True,True,1,408
I006986,R0500,Raita,side_dish,419.0,True,True,24,382
I006987,R0500,Egg Curry,main_course,624.0,False,False,39,432
I006988,R0500,Buttermilk,beverage,169.0,True,True,81,329
I006989,R0500,Masala Fries,snack,550.0,False,True,74,896
I006990,R0500,Rose Sharbat,beverage,245.0,True,True,36,597
I006991,R0500,Halwa,dessert,627.0,True,True,36,104
I006992,R0500,Veg Seekh Kebab,starter,419.0,True,True,47,260
I006993,R0500,Fried Rice,main_course,418.0,False,True,36,514
I006994,R0500,Onion Rings,starter,182.0,True,True,14,838
I006995,R0500,Paneer Tikka,starter,392.0,True,True,68,149
